grau;id_orgao_julgador;procedimento;anomes;quantidade_baixados;quantidade_remetidos_ent;quantidade_remetidos_saida;quantidade_novos;quantidade_baixados_12m;quantidade_remetidos_ent_12m;quantidade_remetidos_saida_12m;quantidade_novos_12m
G1;-1;Conhecimento;202301;6;3;0;18;6;3;0;18
G1;-1;Execução Judicial;202301;0;0;0;0;0;0;0;0
G1;-1;Execução Judicial;202302;9;0;0;0;9;0;0;0
G1;-1;Conhecimento;202302;94;0;0;16;100;3;0;34
G1;-1;Conhecimento;202303;43;0;0;83;143;3;0;117
G1;-1;Execução Judicial;202303;1;0;0;0;10;0;0;0
G1;-1;Conhecimento;202304;89;0;0;45;232;3;0;162
G1;-1;Execução Judicial;202304;1;0;0;0;11;0;0;0
G1;-1;Conhecimento;202305;32;0;0;25;264;3;0;187
G1;-1;Execução Judicial;202305;4;0;0;0;15;0;0;0
G1;-1;Execução Judicial;202306;5;0;0;0;20;0;0;0
G1;-1;Conhecimento;202306;18;0;0;16;282;3;0;203
G1;-1;Execução Judicial;202307;0;0;0;0;20;0;0;0
G1;-1;Conhecimento;202307;23;5;3;22;305;8;3;225
G1;-1;Execução Judicial;202308;3;0;0;0;23;0;0;0
G1;-1;Conhecimento;202308;9;1;0;110;314;9;3;335
G1;-1;Conhecimento;202309;64;0;0;106;378;9;3;441
G1;-1;Execução Judicial;202309;6;0;0;0;29;0;0;0
G1;-1;Conhecimento;202310;146;2;0;122;524;11;3;563
G1;-1;Execução Judicial;202310;1;0;0;0;30;0;0;0
G1;-1;Execução Judicial;202311;4;0;0;0;34;0;0;0
G1;-1;Conhecimento;202311;112;0;0;97;636;11;3;660
G1;-1;Execução Judicial;202312;2;0;0;0;36;0;0;0
G1;-1;Conhecimento;202312;47;0;0;49;683;11;3;709
G1;-1;Execução Judicial;202401;3;0;0;0;39;0;0;0
G1;-1;Conhecimento;202401;29;2;0;61;706;10;3;752
G1;-1;Execução Judicial;202402;1;0;0;0;31;0;0;0
G1;-1;Conhecimento;202402;32;3;2;77;644;13;5;813
G1;-1;Execução Judicial;202403;0;0;0;0;30;0;0;0
G1;-1;Conhecimento;202403;166;0;0;70;767;13;5;800
G1;-1;Execução Judicial;202404;2;0;0;0;31;0;0;0
G1;-1;Conhecimento;202404;973;1;1;179;1651;14;6;934
G1;-1;Execução Judicial;202405;2;0;0;0;29;0;0;0
G1;-1;Conhecimento;202405;176;2;0;106;1795;16;6;1015
G1;-1;Conhecimento;202406;213;3;0;184;1990;19;6;1183
G1;-1;Execução Judicial;202406;5;0;0;0;29;0;0;0
G1;-1;Execução Judicial;202407;0;0;0;0;29;0;0;0
G1;-1;Conhecimento;202407;124;5;1;131;2091;19;4;1292
G1;-1;Execução Judicial;202408;2;0;0;0;28;0;0;0
G1;-1;Conhecimento;202408;133;3;0;188;2215;21;4;1370
G1;-1;Execução Judicial;202409;0;0;0;0;22;0;0;0
G1;-1;Conhecimento;202409;223;3;2;180;2374;24;6;1444
G1;-1;Conhecimento;202410;141;1;1;120;2369;23;7;1442
G1;-1;Execução Judicial;202410;0;0;0;0;21;0;0;0
G1;-1;Execução Judicial;202411;9;0;0;0;26;0;0;0
G1;-1;Conhecimento;202411;129;2;2;121;2386;25;9;1466
G1;-1;Conhecimento;202412;122;1;1;101;2461;26;10;1518
G1;-1;Execução Judicial;202412;0;0;0;0;24;0;0;0
G1;-1;Execução Judicial;202501;24;0;0;0;45;0;0;0
G1;-1;Conhecimento;202501;101;1;0;98;2533;25;10;1555
G1;-1;Conhecimento;202502;90;2;0;57;2591;24;8;1535
G1;-1;Execução Judicial;202502;0;0;0;0;44;0;0;0
G1;-1;Conhecimento;202503;36;2;0;32;2461;26;8;1497
G1;-1;Execução Judicial;202503;0;0;0;0;44;0;0;0
G1;-1;Conhecimento;202504;108;6;8;117;1596;31;15;1435
G1;-1;Execução Judicial;202504;0;0;0;0;42;0;0;0
G1;-1;Conhecimento;202505;71;1;0;70;1491;30;15;1399
G1;-1;Execução Judicial;202505;0;0;0;0;40;0;0;0
G1;-1;Conhecimento;202506;57;1;1;53;1335;28;16;1268
G1;-1;Execução Judicial;202506;0;0;0;0;35;0;0;0
G1;-1;Conhecimento;202507;47;0;0;59;1258;23;15;1196
G1;-1;Execução Judicial;202507;0;0;0;0;35;0;0;0
G1;-1;Conhecimento;202508;60;0;0;58;1185;20;15;1066
G1;-1;Execução Judicial;202508;0;0;0;0;33;0;0;0
G1;-1;Execução Judicial;202509;0;0;0;0;33;0;0;0
G1;-1;Conhecimento;202509;67;0;0;83;1029;17;13;969
G1;-1;Conhecimento;202510;161;0;0;153;1049;16;12;1002
G1;-1;Conhecimento;202511;188;1;0;191;1108;15;10;1072
G1;-1;Conhecimento;202512;164;0;0;139;1150;14;9;1110
G1;-1;Conhecimento;202601;15;0;0;112;1064;13;9;1124
G1;-1;Conhecimento;202602;180;0;0;142;1154;11;9;1209
G1;-1;Conhecimento;202603;189;0;0;140;1307;9;9;1317
G1;-1;Conhecimento;202604;97;0;0;132;1296;3;1;1332
G1;-1;Conhecimento;202605;135;0;0;119;1360;2;1;1381
G1;-1;Conhecimento;202606;121;0;0;114;1424;1;0;1442
G1;110460010702;Conhecimento;202301;32;7;7;80;32;7;7;80
G1;110460010702;Execução Judicial;202301;15;1;2;20;15;1;2;20
G1;110460010702;Execução Judicial;202302;8;0;0;28;23;1;2;48
G1;110460010702;Conhecimento;202302;53;5;4;83;85;12;11;163
G1;110460010702;Conhecimento;202303;133;8;8;114;218;20;19;277
G1;110460010702;Execução Judicial;202303;37;0;0;28;60;1;2;76
G1;110460010702;Conhecimento;202304;103;10;12;110;321;30;31;387
G1;110460010702;Execução Judicial;202304;27;1;0;30;87;2;2;106
G1;110460010702;Conhecimento;202305;98;5;2;107;419;35;33;494
G1;110460010702;Execução Judicial;202305;27;1;1;33;114;3;3;139
G1;110460010702;Conhecimento;202306;59;9;10;125;478;44;43;619
G1;110460010702;Execução Judicial;202306;22;0;0;30;136;3;3;169
G1;110460010702;Execução Judicial;202307;40;0;2;18;176;3;5;187
G1;110460010702;Conhecimento;202307;124;9;14;110;602;53;57;729
G1;110460010702;Execução Judicial;202308;33;0;0;46;209;3;5;233
G1;110460010702;Conhecimento;202308;72;15;10;123;674;68;67;852
G1;110460010702;Conhecimento;202309;72;8;5;124;746;76;72;976
G1;110460010702;Execução Judicial;202309;21;3;0;37;230;6;5;270
G1;110460010702;Conhecimento;202310;110;10;13;171;856;86;85;1147
G1;110460010702;Execução Judicial;202310;40;0;4;41;270;6;9;311
G1;110460010702;Execução Judicial;202311;22;2;2;9;292;8;11;320
G1;110460010702;Conhecimento;202311;147;19;13;108;1003;105;98;1255
G1;110460010702;Execução Judicial;202312;106;15;8;26;398;23;19;346
G1;110460010702;Conhecimento;202312;293;12;17;69;1296;117;115;1324
G1;110460010702;Conhecimento;202401;15;4;10;125;1279;114;118;1369
G1;110460010702;Execução Judicial;202401;4;0;6;19;387;22;23;345
G1;110460010702;Execução de Título Extrajudicial;202402;0;0;0;1;0;0;0;1
G1;110460010702;Execução Judicial;202402;28;21;1;19;407;43;24;336
G1;110460010702;Conhecimento;202402;113;31;12;117;1339;140;126;1403
G1;110460010702;Execução de Título Extrajudicial;202403;0;0;0;0;0;0;0;1
G1;110460010702;Execução Judicial;202403;9;22;3;25;379;65;27;333
G1;110460010702;Conhecimento;202403;48;17;9;139;1254;149;127;1428
G1;110460010702;Conhecimento;202404;179;29;66;180;1330;168;181;1498
G1;110460010702;Execução Judicial;202404;23;40;20;10;375;104;47;313
G1;110460010702;Execução de Título Extrajudicial;202404;0;0;0;3;0;0;0;4
G1;110460010702;Execução Judicial;202405;26;40;0;18;374;143;46;298
G1;110460010702;Conhecimento;202405;210;29;23;105;1442;192;202;1496
G1;110460010702;Execução de Título Extrajudicial;202405;1;0;0;0;1;0;0;4
G1;110460010702;Execução de Título Extrajudicial;202406;0;0;0;0;1;0;0;4
G1;110460010702;Conhecimento;202406;179;19;17;103;1562;202;209;1474
G1;110460010702;Execução Judicial;202406;32;6;3;29;384;149;49;297
G1;110460010702;Conhecimento;202407;195;22;29;167;1633;215;224;1531
G1;110460010702;Execução de Título Extrajudicial;202407;0;0;0;0;1;0;0;4
G1;110460010702;Execução Judicial;202407;54;2;5;50;398;151;52;329
G1;110460010702;Conhecimento;202408;88;17;23;152;1649;217;237;1560
G1;110460010702;Execução Judicial;202408;35;7;5;46;400;158;57;329
G1;110460010702;Execução de Título Extrajudicial;202408;1;0;0;0;2;0;0;4
G1;110460010702;Conhecimento;202409;118;22;23;112;1695;231;255;1548
G1;110460010702;Execução de Título Extrajudicial;202409;1;0;0;0;3;0;0;4
G1;110460010702;Execução Judicial;202409;29;4;3;31;408;159;60;323
G1;110460010702;Execução Judicial;202410;30;6;4;45;398;165;60;327
G1;110460010702;Execução de Título Extrajudicial;202410;0;0;0;0;3;0;0;4
G1;110460010702;Conhecimento;202410;106;22;19;118;1691;243;261;1495
G1;110460010702;Execução de Título Extrajudicial;202411;0;0;0;0;3;0;0;4
G1;110460010702;Conhecimento;202411;117;25;15;149;1661;249;263;1536
G1;110460010702;Execução Judicial;202411;23;2;1;48;399;165;59;366
G1;110460010702;Execução de Título Extrajudicial;202412;0;0;0;0;3;0;0;4
G1;110460010702;Execução Judicial;202412;51;4;2;27;344;154;53;367
G1;110460010702;Conhecimento;202412;165;21;29;87;1533;258;275;1554
G1;110460010702;Conhecimento;202501;56;15;19;109;1574;269;284;1538
G1;110460010702;Execução de Título Extrajudicial;202501;0;0;0;0;3;0;0;4
G1;110460010702;Execução Judicial;202501;39;6;2;23;379;160;49;371
G1;110460010702;Execução de Título Extrajudicial;202502;0;0;0;0;3;0;0;3
G1;110460010702;Execução Judicial;202502;33;8;0;44;384;147;48;396
G1;110460010702;Conhecimento;202502;86;24;19;104;1547;262;291;1525
G1;110460010702;Conhecimento;202503;89;14;17;137;1588;259;299;1523
G1;110460010702;Execução Judicial;202503;49;9;1;36;424;134;46;407
G1;110460010702;Execução de Título Extrajudicial;202503;0;0;0;0;3;0;0;3
G1;110460010702;Execução Judicial;202504;54;11;2;44;455;105;28;441
G1;110460010702;Conhecimento;202504;163;27;32;153;1572;257;265;1496
G1;110460010702;Execução de Título Extrajudicial;202504;0;0;1;1;3;0;1;1
G1;110460010702;Execução de Título Extrajudicial;202505;1;0;0;1;3;0;1;2
G1;110460010702;Conhecimento;202505;122;23;23;133;1484;251;265;1524
G1;110460010702;Execução Judicial;202505;40;3;0;39;469;68;28;462
G1;110460010702;Execução de Título Extrajudicial;202506;0;0;0;0;3;0;1;2
G1;110460010702;Conhecimento;202506;146;31;29;118;1451;263;277;1539
G1;110460010702;Execução Judicial;202506;44;15;7;29;481;77;32;462
G1;110460010702;Conhecimento;202507;188;23;29;143;1444;264;277;1515
G1;110460010702;Execução Judicial;202507;40;10;23;58;467;85;50;470
G1;110460010702;Execução de Título Extrajudicial;202507;0;0;0;0;3;0;1;2
G1;110460010702;Execução Judicial;202508;23;3;10;49;455;81;55;473
G1;110460010702;Conhecimento;202508;163;12;27;126;1519;259;281;1489
G1;110460010702;Execução de Título Extrajudicial;202508;0;0;0;0;2;0;1;2
G1;110460010702;Conhecimento;202509;151;10;0;114;1552;247;258;1491
G1;110460010702;Execução Judicial;202509;48;4;0;48;474;81;52;490
G1;110460010702;Execução Judicial;202510;38;11;25;52;482;86;73;497
G1;110460010702;Conhecimento;202510;137;35;38;123;1583;260;277;1496
G1;110460010702;Conhecimento;202511;152;8;14;121;1618;243;276;1468
G1;110460010702;Execução Judicial;202511;37;9;34;53;496;93;106;502
G1;110460010702;Execução Judicial;202512;24;25;17;20;469;114;121;495
G1;110460010702;Conhecimento;202512;61;13;7;116;1514;235;254;1497
G1;110460010702;Conhecimento;202601;49;19;13;70;1507;239;248;1458
G1;110460010702;Execução Judicial;202601;20;25;16;22;450;133;135;494
G1;110460010702;Execução de Título Extrajudicial;202602;0;0;0;0;1;0;1;2
G1;110460010702;Conhecimento;202602;80;7;14;99;1501;222;243;1453
G1;110460010702;Execução Judicial;202602;17;28;26;46;434;153;161;496
G1;110460010702;Execução Judicial;202603;34;48;30;68;419;192;190;528
G1;110460010702;Execução de Título Extrajudicial;202603;0;0;0;0;1;0;1;2
G1;110460010702;Conhecimento;202603;85;14;14;148;1497;222;240;1464
G1;110460010702;Conhecimento;202604;150;20;11;127;1484;215;219;1438
G1;110460010702;Execução Judicial;202604;49;36;31;49;414;217;219;533
G1;110460010702;Execução de Título Extrajudicial;202604;0;0;0;0;1;0;0;1
G1;110460010702;Execução de Título Extrajudicial;202605;0;0;0;0;0;0;0;0
G1;110460010702;Conhecimento;202605;135;15;16;141;1497;207;212;1446
G1;110460010702;Execução Judicial;202605;34;22;43;58;408;236;262;552
G1;110460010702;Conhecimento;202606;105;6;19;138;1456;182;202;1466
G1;110460010702;Execução Judicial;202606;33;19;27;47;397;240;282;570
G1;110460010702;Execução de Título Extrajudicial;202606;0;0;0;0;0;0;0;0
G1;116740030001;Conhecimento;202301;58;0;1;16;58;0;1;16
G1;116740030001;Execução de Título Extrajudicial;202301;3;0;0;18;3;0;0;18
G1;116740030001;Execução Judicial;202301;7;0;2;12;7;0;2;12
G1;116740030001;Execução Judicial;202302;14;2;0;8;21;2;2;20
G1;116740030001;Execução de Título Extrajudicial;202302;1;0;0;12;4;0;0;30
G1;116740030001;Conhecimento;202302;16;1;3;44;74;1;4;60
G1;116740030001;Execução Judicial;202303;17;1;1;14;38;3;3;34
G1;116740030001;Conhecimento;202303;34;1;1;35;108;2;5;95
G1;116740030001;Execução de Título Extrajudicial;202303;3;0;0;7;7;0;0;37
G1;116740030001;Execução Judicial;202304;19;3;0;16;57;6;3;50
G1;116740030001;Conhecimento;202304;42;1;1;61;150;3;6;156
G1;116740030001;Execução de Título Extrajudicial;202304;6;0;0;3;13;0;0;40
G1;116740030001;Conhecimento;202305;48;3;2;69;198;6;8;225
G1;116740030001;Execução Judicial;202305;24;1;1;40;81;7;4;90
G1;116740030001;Execução de Título Extrajudicial;202305;8;0;0;8;21;0;0;48
G1;116740030001;Execução de Título Extrajudicial;202306;1;0;0;26;22;0;0;74
G1;116740030001;Conhecimento;202306;52;3;1;78;250;9;9;303
G1;116740030001;Execução Judicial;202306;16;1;4;19;97;8;8;109
G1;116740030001;Conhecimento;202307;59;7;2;69;309;16;11;372
G1;116740030001;Execução de Título Extrajudicial;202307;3;0;0;12;25;0;0;86
G1;116740030001;Execução Judicial;202307;19;4;2;15;116;12;10;124
G1;116740030001;Execução de Título Extrajudicial;202308;2;0;0;4;27;0;0;90
G1;116740030001;Execução Judicial;202308;29;1;2;24;145;13;12;148
G1;116740030001;Conhecimento;202308;38;2;4;101;347;18;15;473
G1;116740030001;Conhecimento;202309;71;1;1;48;418;19;16;521
G1;116740030001;Execução Judicial;202309;22;2;0;8;167;15;12;156
G1;116740030001;Execução de Título Extrajudicial;202309;13;0;0;8;40;0;0;98
G1;116740030001;Conhecimento;202310;86;0;1;92;504;19;17;613
G1;116740030001;Execução Judicial;202310;26;3;1;28;193;18;13;184
G1;116740030001;Execução de Título Extrajudicial;202310;7;0;0;10;47;0;0;108
G1;116740030001;Execução de Título Extrajudicial;202311;3;0;0;10;50;0;0;118
G1;116740030001;Execução Judicial;202311;14;0;0;8;207;18;13;192
G1;116740030001;Conhecimento;202311;68;3;3;64;572;22;20;677
G1;116740030001;Execução Judicial;202312;13;2;3;7;220;20;16;199
G1;116740030001;Conhecimento;202312;78;3;0;41;650;25;20;718
G1;116740030001;Execução de Título Extrajudicial;202312;4;1;1;2;54;1;1;120
G1;116740030001;Execução Judicial;202401;14;1;1;7;227;21;15;194
G1;116740030001;Conhecimento;202401;46;2;1;45;638;27;20;747
G1;116740030001;Execução de Título Extrajudicial;202401;1;0;0;14;52;1;1;116
G1;116740030001;Execução de Título Extrajudicial;202402;5;0;0;18;56;1;1;122
G1;116740030001;Conhecimento;202402;41;3;0;61;663;29;17;764
G1;116740030001;Execução Judicial;202402;7;2;1;8;220;21;16;194
G1;116740030001;Execução Judicial;202403;6;0;0;8;209;20;15;188
G1;116740030001;Execução de Título Extrajudicial;202403;1;0;0;5;54;1;1;120
G1;116740030001;Conhecimento;202403;37;1;0;62;666;29;16;791
G1;116740030001;Execução Judicial;202404;14;3;3;21;204;20;18;193
G1;116740030001;Conhecimento;202404;86;4;1;91;710;32;16;821
G1;116740030001;Execução de Título Extrajudicial;202404;3;0;0;5;51;1;1;122
G1;116740030001;Execução Judicial;202405;12;2;4;17;192;21;21;170
G1;116740030001;Conhecimento;202405;74;4;3;87;736;33;17;839
G1;116740030001;Execução de Título Extrajudicial;202405;3;1;1;5;46;2;2;119
G1;116740030001;Conhecimento;202406;63;2;1;51;747;32;17;812
G1;116740030001;Execução Judicial;202406;15;1;0;14;191;21;17;165
G1;116740030001;Execução de Título Extrajudicial;202406;7;0;0;4;52;2;2;97
G1;116740030001;Conhecimento;202407;129;3;2;67;817;28;17;810
G1;116740030001;Execução Judicial;202407;19;5;8;23;191;22;23;173
G1;116740030001;Execução de Título Extrajudicial;202407;12;0;0;4;61;2;2;89
G1;116740030001;Execução de Título Extrajudicial;202408;9;0;0;13;68;2;2;98
G1;116740030001;Conhecimento;202408;83;4;2;97;862;30;15;806
G1;116740030001;Execução Judicial;202408;20;2;1;15;182;23;22;164
G1;116740030001;Conhecimento;202409;70;3;2;65;861;32;16;823
G1;116740030001;Execução Judicial;202409;16;1;0;31;176;22;22;187
G1;116740030001;Execução de Título Extrajudicial;202409;21;0;0;8;76;2;2;98
G1;116740030001;Execução de Título Extrajudicial;202410;16;0;0;11;85;2;2;99
G1;116740030001;Execução Judicial;202410;22;3;0;16;172;22;21;175
G1;116740030001;Conhecimento;202410;73;5;2;68;848;37;17;799
G1;116740030001;Execução de Título Extrajudicial;202411;6;0;0;7;88;2;2;96
G1;116740030001;Conhecimento;202411;74;2;1;90;854;36;15;825
G1;116740030001;Execução Judicial;202411;23;1;1;24;181;23;22;191
G1;116740030001;Execução de Título Extrajudicial;202412;6;0;0;6;90;1;1;100
G1;116740030001;Execução Judicial;202412;24;4;0;14;192;25;19;198
G1;116740030001;Conhecimento;202412;87;3;1;62;863;36;16;846
G1;116740030001;Execução de Título Extrajudicial;202501;5;0;0;8;94;1;1;94
G1;116740030001;Conhecimento;202501;69;3;1;66;886;37;16;867
G1;116740030001;Execução Judicial;202501;17;0;0;14;195;24;18;205
G1;116740030001;Execução de Título Extrajudicial;202502;3;0;0;4;92;1;1;80
G1;116740030001;Execução Judicial;202502;21;3;1;12;209;25;18;209
G1;116740030001;Conhecimento;202502;61;6;2;82;906;40;18;888
G1;116740030001;Execução Judicial;202503;26;4;3;22;229;29;21;223
G1;116740030001;Conhecimento;202503;76;3;2;93;945;42;20;919
G1;116740030001;Execução de Título Extrajudicial;202503;2;0;0;13;93;1;1;88
G1;116740030001;Execução Judicial;202504;24;5;1;17;239;31;19;219
G1;116740030001;Execução de Título Extrajudicial;202504;5;1;1;5;95;2;2;88
G1;116740030001;Conhecimento;202504;72;5;1;76;931;43;20;904
G1;116740030001;Execução de Título Extrajudicial;202505;12;0;0;4;104;1;1;87
G1;116740030001;Execução Judicial;202505;17;0;0;11;244;29;15;213
G1;116740030001;Conhecimento;202505;91;3;2;96;948;42;19;913
G1;116740030001;Conhecimento;202506;39;7;3;74;924;47;21;936
G1;116740030001;Execução de Título Extrajudicial;202506;0;0;0;6;97;1;1;89
G1;116740030001;Execução Judicial;202506;12;5;1;19;241;33;16;218
G1;116740030001;Execução Judicial;202507;20;1;0;33;242;29;8;228
G1;116740030001;Conhecimento;202507;115;3;3;87;910;47;22;956
G1;116740030001;Execução de Título Extrajudicial;202507;4;0;0;8;89;1;1;93
G1;116740030001;Execução de Título Extrajudicial;202508;2;0;0;26;82;1;1;106
G1;116740030001;Conhecimento;202508;51;3;0;86;878;46;20;945
G1;116740030001;Execução Judicial;202508;17;4;0;18;239;31;7;231
G1;116740030001;Execução Judicial;202509;29;5;2;19;252;35;9;219
G1;116740030001;Execução de Título Extrajudicial;202509;2;0;0;11;63;1;1;109
G1;116740030001;Conhecimento;202509;40;1;1;80;848;44;19;960
G1;116740030001;Conhecimento;202510;76;1;1;87;851;40;18;979
G1;116740030001;Execução Judicial;202510;19;5;1;12;249;37;10;215
G1;116740030001;Execução de Título Extrajudicial;202510;6;0;0;7;53;1;1;105
G1;116740030001;Execução de Título Extrajudicial;202511;2;1;1;2;49;2;2;100
G1;116740030001;Execução Judicial;202511;12;0;1;17;238;36;10;208
G1;116740030001;Conhecimento;202511;68;4;2;69;845;42;19;958
G1;116740030001;Conhecimento;202512;72;2;0;74;830;41;18;970
G1;116740030001;Execução de Título Extrajudicial;202512;5;0;0;5;48;2;2;99
G1;116740030001;Execução Judicial;202512;14;2;1;26;228;34;11;220
G1;116740030001;Conhecimento;202601;15;4;2;87;776;42;19;991
G1;116740030001;Execução Judicial;202601;8;1;1;17;219;35;12;223
G1;116740030001;Execução de Título Extrajudicial;202601;4;0;0;6;47;2;2;97
G1;116740030001;Execução de Título Extrajudicial;202602;2;0;0;24;46;2;2;117
G1;116740030001;Conhecimento;202602;39;4;3;71;754;40;20;980
G1;116740030001;Execução Judicial;202602;6;0;0;9;204;32;11;220
G1;116740030001;Conhecimento;202603;87;6;2;83;765;43;20;970
G1;116740030001;Execução de Título Extrajudicial;202603;7;0;0;3;51;2;2;107
G1;116740030001;Execução Judicial;202603;16;4;5;30;194;32;13;228
G1;116740030001;Conhecimento;202604;64;3;2;106;757;41;21;1000
G1;116740030001;Execução Judicial;202604;21;3;2;40;191;30;14;251
G1;116740030001;Execução de Título Extrajudicial;202604;8;0;0;13;54;1;1;115
G1;116740030001;Execução de Título Extrajudicial;202605;7;0;1;7;49;1;2;118
G1;116740030001;Conhecimento;202605;90;4;3;86;756;42;22;990
G1;116740030001;Execução Judicial;202605;30;1;2;30;204;31;16;270
G1;116740030001;Execução de Título Extrajudicial;202606;23;0;0;7;72;1;2;119
G1;116740030001;Execução Judicial;202606;8;0;0;12;200;26;15;263
G1;116740030001;Conhecimento;202606;54;2;2;64;771;37;21;980
G1;116740030003;Conhecimento;202310;0;0;0;1;0;0;0;1
G1;116740030003;Conhecimento;202312;0;0;1;0;0;0;1;1
G1;116740030003;Conhecimento;202402;0;0;1;1;0;0;2;2
G1;116740030003;Conhecimento;202506;0;0;0;1;0;0;0;1
G1;116740030003;Conhecimento;202507;0;0;1;0;0;0;1;1
G1;116740030003;Conhecimento;202602;0;0;0;1;0;0;1;2
G1;116740030003;Conhecimento;202604;0;0;1;0;0;0;2;2
G1;116740030007;Execução Judicial;202309;0;0;0;1;0;0;0;1
G1;116740030007;Execução Judicial;202310;0;0;1;0;0;0;1;1
G1;137300810002;Execução Judicial;202301;2;1;0;4;2;1;0;4
G1;137300810002;Conhecimento;202301;40;19;15;81;40;19;15;81
G1;137300810002;Execução Judicial;202302;3;0;1;4;5;1;1;8
G1;137300810002;Conhecimento;202302;38;12;13;58;78;31;28;139
G1;137300810002;Execução Judicial;202303;7;2;2;1;12;3;3;9
G1;137300810002;Conhecimento;202303;48;7;4;68;126;38;32;207
G1;137300810002;Execução Judicial;202304;0;1;1;2;12;4;4;11
G1;137300810002;Conhecimento;202304;34;12;5;92;160;50;37;299
G1;137300810002;Conhecimento;202305;52;22;6;96;212;72;43;395
G1;137300810002;Execução Judicial;202305;5;3;4;3;17;7;8;14
G1;137300810002;Conhecimento;202306;119;43;7;69;331;115;50;464
G1;137300810002;Execução Judicial;202306;5;2;0;27;22;9;8;41
G1;137300810002;Conhecimento;202307;85;22;23;83;416;137;73;547
G1;137300810002;Execução Judicial;202307;2;16;16;3;24;25;24;44
G1;137300810002;Execução Judicial;202308;5;2;1;2;29;27;25;46
G1;137300810002;Conhecimento;202308;54;31;34;69;470;168;107;616
G1;137300810002;Conhecimento;202309;55;14;7;74;525;182;114;690
G1;137300810002;Execução Judicial;202309;2;1;2;3;31;28;27;49
G1;137300810002;Execução Judicial;202310;1;5;5;3;32;33;32;52
G1;137300810002;Conhecimento;202310;76;22;7;105;601;204;121;795
G1;137300810002;Execução Judicial;202311;3;3;2;3;35;36;34;55
G1;137300810002;Conhecimento;202311;47;26;22;57;648;230;143;852
G1;137300810002;Conhecimento;202312;130;13;8;75;778;243;151;927
G1;137300810002;Execução Judicial;202312;3;3;2;10;38;39;36;65
G1;137300810002;Execução Judicial;202401;6;0;0;4;42;38;36;65
G1;137300810002;Conhecimento;202401;39;32;26;68;777;256;162;914
G1;137300810002;Conhecimento;202402;76;18;9;96;815;262;158;952
G1;137300810002;Execução Judicial;202402;6;1;1;3;45;39;36;64
G1;137300810002;Conhecimento;202403;100;14;8;94;867;269;162;978
G1;137300810002;Execução Judicial;202403;3;1;0;21;41;38;34;84
G1;137300810002;Execução Judicial;202404;19;6;4;41;60;43;37;123
G1;137300810002;Conhecimento;202404;145;41;20;152;978;298;177;1038
G1;137300810002;Execução Judicial;202405;25;0;0;30;80;40;33;150
G1;137300810002;Conhecimento;202405;153;23;16;98;1079;299;187;1040
G1;137300810002;Conhecimento;202406;116;30;9;105;1076;286;189;1076
G1;137300810002;Execução Judicial;202406;24;0;0;25;99;38;33;148
G1;137300810002;Execução Judicial;202407;47;2;1;43;144;24;18;188
G1;137300810002;Conhecimento;202407;219;19;7;82;1210;283;173;1075
G1;137300810002;Conhecimento;202408;145;24;6;146;1301;276;145;1152
G1;137300810002;Execução Judicial;202408;12;1;0;13;151;23;17;199
G1;137300810002;Execução Judicial;202409;23;1;1;18;172;23;16;214
G1;137300810002;Conhecimento;202409;131;21;10;67;1377;283;148;1145
G1;137300810002;Execução Judicial;202410;20;1;1;25;191;19;12;236
G1;137300810002;Conhecimento;202410;110;29;12;99;1411;290;153;1139
G1;137300810002;Execução Judicial;202411;22;0;0;30;210;16;10;263
G1;137300810002;Conhecimento;202411;145;26;14;179;1509;290;145;1261
G1;137300810002;Execução Judicial;202412;20;1;1;20;227;14;9;273
G1;137300810002;Conhecimento;202412;88;20;9;92;1467;297;146;1278
G1;137300810002;Conhecimento;202501;52;12;4;64;1480;277;124;1274
G1;137300810002;Execução Judicial;202501;15;0;0;11;236;14;9;280
G1;137300810002;Conhecimento;202502;120;37;32;84;1524;296;147;1262
G1;137300810002;Execução Judicial;202502;11;0;0;18;241;13;8;295
G1;137300810002;Execução Judicial;202503;16;1;1;19;254;13;9;293
G1;137300810002;Conhecimento;202503;76;27;27;86;1500;309;166;1254
G1;137300810002;Conhecimento;202504;88;22;7;60;1443;290;153;1162
G1;137300810002;Execução Judicial;202504;19;1;1;25;254;8;6;277
G1;137300810002;Execução Judicial;202505;6;2;0;35;235;10;6;282
G1;137300810002;Conhecimento;202505;152;42;40;108;1442;309;177;1172
G1;137300810002;Conhecimento;202506;94;28;7;85;1420;307;175;1152
G1;137300810002;Execução Judicial;202506;22;4;1;51;233;14;7;308
G1;137300810002;Execução Judicial;202507;30;1;3;48;216;13;9;313
G1;137300810002;Conhecimento;202507;119;27;6;244;1320;315;174;1314
G1;137300810002;Execução Judicial;202508;30;1;0;57;234;13;9;357
G1;137300810002;Conhecimento;202508;68;15;12;149;1243;306;180;1317
G1;137300810002;Conhecimento;202509;108;21;7;112;1220;306;177;1362
G1;137300810002;Execução Judicial;202509;31;0;1;41;242;12;9;380
G1;137300810002;Execução Judicial;202510;33;0;0;14;255;11;8;369
G1;137300810002;Conhecimento;202510;97;26;11;69;1207;303;176;1332
G1;137300810002;Execução Judicial;202511;17;3;3;24;250;14;11;363
G1;137300810002;Conhecimento;202511;70;39;13;87;1132;316;175;1240
G1;137300810002;Execução Judicial;202512;20;5;5;30;250;18;15;373
G1;137300810002;Conhecimento;202512;90;17;7;82;1134;313;173;1230
G1;137300810002;Conhecimento;202601;48;20;4;137;1130;321;173;1303
G1;137300810002;Execução Judicial;202601;10;0;0;23;245;18;15;385
G1;137300810002;Execução Judicial;202602;39;1;0;24;273;19;15;391
G1;137300810002;Conhecimento;202602;125;23;8;93;1135;307;149;1312
G1;137300810002;Conhecimento;202603;123;31;6;90;1182;311;128;1316
G1;137300810002;Execução Judicial;202603;22;4;2;20;279;22;16;392
G1;137300810002;Conhecimento;202604;113;16;10;70;1207;305;131;1326
G1;137300810002;Execução Judicial;202604;27;4;1;40;287;25;16;407
G1;137300810002;Conhecimento;202605;92;25;10;96;1147;288;101;1314
G1;137300810002;Execução Judicial;202605;52;2;1;30;333;25;17;402
G1;137300810002;Execução Judicial;202606;20;0;0;20;331;21;16;371
G1;137300810002;Conhecimento;202606;104;10;8;94;1157;270;102;1323
G1;137340810001;Execução Judicial;202301;8;1;0;16;8;1;0;16
G1;137340810001;Conhecimento;202301;65;8;7;55;65;8;7;55
G1;137340810001;Execução Judicial;202302;48;6;1;19;56;7;1;35
G1;137340810001;Conhecimento;202302;43;4;3;46;108;12;10;101
G1;137340810001;Conhecimento;202303;68;5;3;37;176;17;13;138
G1;137340810001;Execução Judicial;202303;31;3;6;23;87;10;7;58
G1;137340810001;Conhecimento;202304;30;3;3;22;206;20;16;160
G1;137340810001;Execução Judicial;202304;12;1;1;24;99;11;8;82
G1;137340810001;Conhecimento;202305;51;4;2;37;257;24;18;197
G1;137340810001;Execução Judicial;202305;29;5;2;20;128;16;10;102
G1;137340810001;Execução Judicial;202306;20;1;2;21;148;17;12;123
G1;137340810001;Conhecimento;202306;58;6;5;42;315;30;23;239
G1;137340810001;Conhecimento;202307;64;6;0;39;379;36;23;278
G1;137340810001;Execução Judicial;202307;12;7;4;29;160;24;16;152
G1;137340810001;Execução Judicial;202308;16;2;1;33;176;26;17;185
G1;137340810001;Conhecimento;202308;89;2;5;53;468;38;28;331
G1;137340810001;Conhecimento;202309;64;3;2;38;532;41;30;369
G1;137340810001;Execução Judicial;202309;34;6;5;48;210;32;22;233
G1;137340810001;Conhecimento;202310;90;2;3;79;622;43;33;448
G1;137340810001;Execução Judicial;202310;23;10;5;13;233;42;27;246
G1;137340810001;Execução Judicial;202311;19;7;7;24;252;49;34;270
G1;137340810001;Conhecimento;202311;83;6;3;49;705;49;36;497
G1;137340810001;Conhecimento;202312;37;4;2;30;742;53;38;527
G1;137340810001;Execução Judicial;202312;11;4;1;31;263;53;35;301
G1;137340810001;Execução Judicial;202401;17;4;1;12;272;56;36;297
G1;137340810001;Conhecimento;202401;49;8;9;52;726;53;40;524
G1;137340810001;Conhecimento;202402;70;1;1;47;753;50;38;525
G1;137340810001;Execução Judicial;202402;51;3;5;15;275;53;40;293
G1;137340810001;Conhecimento;202403;27;3;3;26;712;48;38;514
G1;137340810001;Execução Judicial;202403;15;2;0;31;259;52;34;301
G1;137340810001;Execução Judicial;202404;19;4;1;25;266;55;34;302
G1;137340810001;Conhecimento;202404;32;3;2;30;714;48;37;522
G1;137340810001;Execução Judicial;202405;31;5;4;25;268;55;36;307
G1;137340810001;Conhecimento;202405;50;3;2;40;713;47;37;525
G1;137340810001;Conhecimento;202406;56;2;1;22;711;43;33;505
G1;137340810001;Execução Judicial;202406;24;1;2;48;272;55;36;334
G1;137340810001;Execução Judicial;202407;16;4;3;24;276;52;35;329
G1;137340810001;Conhecimento;202407;19;6;2;24;666;43;35;490
G1;137340810001;Execução Judicial;202408;26;7;6;13;286;57;40;309
G1;137340810001;Conhecimento;202408;18;9;3;25;595;50;33;462
G1;137340810001;Conhecimento;202409;40;4;2;35;571;51;33;459
G1;137340810001;Execução Judicial;202409;12;3;1;27;264;54;36;288
G1;137340810001;Execução Judicial;202410;27;7;1;16;268;51;32;291
G1;137340810001;Conhecimento;202410;20;19;5;14;501;68;35;394
G1;137340810001;Execução Judicial;202411;26;4;5;25;275;48;30;292
G1;137340810001;Conhecimento;202411;36;8;3;33;454;70;35;378
G1;137340810001;Conhecimento;202412;39;2;0;14;456;68;33;362
G1;137340810001;Execução Judicial;202412;31;3;3;18;295;47;32;279
G1;137340810001;Execução Judicial;202501;23;3;2;9;301;46;33;276
G1;137340810001;Conhecimento;202501;16;2;0;22;423;62;24;332
G1;137340810001;Conhecimento;202502;20;3;0;13;373;64;23;298
G1;137340810001;Execução Judicial;202502;27;4;4;18;277;47;32;279
G1;137340810001;Execução Judicial;202503;28;5;1;24;290;50;33;272
G1;137340810001;Conhecimento;202503;31;4;1;34;377;65;21;306
G1;137340810001;Conhecimento;202504;48;7;0;31;393;69;19;307
G1;137340810001;Execução Judicial;202504;33;3;1;10;304;49;33;257
G1;137340810001;Conhecimento;202505;47;15;1;31;390;81;18;298
G1;137340810001;Execução Judicial;202505;13;1;0;50;286;45;29;282
G1;137340810001;Execução Judicial;202506;18;7;0;49;280;51;27;283
G1;137340810001;Conhecimento;202506;43;5;1;24;377;84;18;300
G1;137340810001;Conhecimento;202507;15;4;0;16;373;82;16;292
G1;137340810001;Execução Judicial;202507;51;6;3;60;315;53;27;319
G1;137340810001;Conhecimento;202508;23;8;1;19;378;81;14;286
G1;137340810001;Execução Judicial;202508;40;5;2;10;329;51;23;316
G1;137340810001;Execução Judicial;202509;24;5;5;18;341;53;27;307
G1;137340810001;Conhecimento;202509;22;6;1;17;360;83;13;268
G1;137340810001;Conhecimento;202510;33;9;0;25;373;73;8;279
G1;137340810001;Execução Judicial;202510;22;3;5;7;336;49;31;298
G1;137340810001;Execução Judicial;202511;15;2;0;12;325;47;26;285
G1;137340810001;Conhecimento;202511;35;7;1;26;372;72;6;272
G1;137340810001;Conhecimento;202512;13;3;0;20;346;73;6;278
G1;137340810001;Execução Judicial;202512;35;1;0;17;329;45;23;284
G1;137340810001;Execução Judicial;202601;21;1;0;16;327;43;21;291
G1;137340810001;Conhecimento;202601;31;5;1;20;361;76;7;276
G1;137340810001;Execução Judicial;202602;21;0;1;10;321;39;18;283
G1;137340810001;Conhecimento;202602;21;8;1;17;362;81;8;280
G1;137340810001;Conhecimento;202603;19;5;2;15;350;82;9;261
G1;137340810001;Execução Judicial;202603;22;1;1;13;315;35;18;272
G1;137340810001;Execução Judicial;202604;13;4;3;34;295;36;20;296
G1;137340810001;Conhecimento;202604;16;7;3;23;318;82;12;253
G1;137340810001;Conhecimento;202605;11;6;3;21;282;73;14;243
G1;137340810001;Execução Judicial;202605;14;1;2;30;296;36;22;276
G1;137340810001;Conhecimento;202606;10;2;3;22;249;70;16;241
G1;137340810001;Execução Judicial;202606;12;3;3;22;290;32;25;249
G1;163170160001;Execução de Título Extrajudicial;202301;0;0;0;7;0;0;0;7
G1;163170160001;Conhecimento;202301;13;0;0;12;13;0;0;12
G1;163170160001;Execução Judicial;202301;0;0;0;0;0;0;0;0
G1;163170160001;Execução de Título Extrajudicial;202302;1;0;0;0;1;0;0;7
G1;163170160001;Execução Judicial;202302;5;0;0;2;5;0;0;2
G1;163170160001;Conhecimento;202302;15;0;0;9;28;0;0;21
G1;163170160001;Execução Judicial;202303;44;0;0;1;49;0;0;3
G1;163170160001;Conhecimento;202303;4;0;0;11;32;0;0;32
G1;163170160001;Execução de Título Extrajudicial;202303;1;0;0;0;2;0;0;7
G1;163170160001;Conhecimento;202304;14;0;0;20;46;0;0;52
G1;163170160001;Execução de Título Extrajudicial;202304;1;0;0;2;3;0;0;9
G1;163170160001;Execução Judicial;202304;28;0;0;3;77;0;0;6
G1;163170160001;Execução de Título Extrajudicial;202305;0;0;0;2;3;0;0;11
G1;163170160001;Conhecimento;202305;6;0;0;18;52;0;0;70
G1;163170160001;Execução Judicial;202305;3;0;0;3;80;0;0;9
G1;163170160001;Execução de Título Extrajudicial;202306;0;1;1;1;3;1;1;12
G1;163170160001;Conhecimento;202306;1;1;1;21;53;1;1;91
G1;163170160001;Execução Judicial;202306;4;0;0;2;84;0;0;11
G1;163170160001;Conhecimento;202307;21;1;0;19;74;2;1;110
G1;163170160001;Execução de Título Extrajudicial;202307;2;0;0;1;5;1;1;13
G1;163170160001;Execução Judicial;202307;4;0;0;3;88;0;0;14
G1;163170160001;Execução Judicial;202308;2;0;0;6;90;0;0;20
G1;163170160001;Execução de Título Extrajudicial;202308;0;1;1;2;5;2;2;15
G1;163170160001;Conhecimento;202308;11;0;1;23;85;2;2;133
G1;163170160001;Conhecimento;202309;14;1;0;16;99;3;2;149
G1;163170160001;Execução Judicial;202309;4;0;0;4;94;0;0;24
G1;163170160001;Execução de Título Extrajudicial;202309;1;0;0;1;6;2;2;16
G1;163170160001;Execução Judicial;202310;5;0;0;12;99;0;0;36
G1;163170160001;Execução de Título Extrajudicial;202310;0;0;0;0;6;2;2;16
G1;163170160001;Conhecimento;202310;7;3;0;9;106;6;2;158
G1;163170160001;Conhecimento;202311;21;1;1;16;127;7;3;174
G1;163170160001;Execução de Título Extrajudicial;202311;1;0;0;2;7;2;2;18
G1;163170160001;Execução Judicial;202311;4;0;0;6;103;0;0;42
G1;163170160001;Execução Judicial;202312;2;1;0;10;105;1;0;52
G1;163170160001;Execução de Título Extrajudicial;202312;0;0;0;0;7;2;2;18
G1;163170160001;Conhecimento;202312;21;0;0;23;148;7;3;197
G1;163170160001;Execução de Título Extrajudicial;202401;1;0;0;3;8;2;2;14
G1;163170160001;Execução Judicial;202401;4;0;1;3;109;1;1;55
G1;163170160001;Conhecimento;202401;5;0;0;6;140;7;3;191
G1;163170160001;Conhecimento;202402;3;0;0;12;128;7;3;194
G1;163170160001;Execução de Título Extrajudicial;202402;1;0;0;1;8;2;2;15
G1;163170160001;Execução Judicial;202402;3;0;0;3;107;1;1;56
G1;163170160001;Execução Judicial;202403;1;0;0;6;64;1;1;61
G1;163170160001;Execução de Título Extrajudicial;202403;0;0;0;1;7;2;2;16
G1;163170160001;Conhecimento;202403;14;0;0;12;138;7;3;195
G1;163170160001;Conhecimento;202404;10;0;0;23;134;7;3;198
G1;163170160001;Execução Judicial;202404;1;0;0;10;37;1;1;68
G1;163170160001;Execução de Título Extrajudicial;202404;0;0;0;2;6;2;2;16
G1;163170160001;Execução Judicial;202405;4;0;0;4;38;1;1;69
G1;163170160001;Conhecimento;202405;9;0;0;12;137;7;3;192
G1;163170160001;Execução de Título Extrajudicial;202405;0;0;0;2;6;2;2;16
G1;163170160001;Conhecimento;202406;12;1;0;8;148;7;2;179
G1;163170160001;Execução Judicial;202406;2;0;0;6;36;1;1;73
G1;163170160001;Execução de Título Extrajudicial;202406;1;1;0;0;7;2;1;15
G1;163170160001;Execução Judicial;202407;6;0;0;4;38;1;1;74
G1;163170160001;Conhecimento;202407;30;1;1;16;157;7;3;176
G1;163170160001;Execução de Título Extrajudicial;202407;1;0;0;0;6;2;1;14
G1;163170160001;Conhecimento;202408;6;0;1;8;152;7;3;161
G1;163170160001;Execução de Título Extrajudicial;202408;1;0;0;3;7;1;0;15
G1;163170160001;Execução Judicial;202408;5;0;0;4;41;1;1;72
G1;163170160001;Execução Judicial;202409;3;0;0;7;40;1;1;75
G1;163170160001;Conhecimento;202409;5;0;0;15;143;6;3;160
G1;163170160001;Execução de Título Extrajudicial;202409;0;0;0;0;6;1;0;14
G1;163170160001;Execução de Título Extrajudicial;202410;0;0;0;0;6;1;0;14
G1;163170160001;Execução Judicial;202410;2;0;0;4;37;1;1;67
G1;163170160001;Conhecimento;202410;25;3;3;15;161;6;6;166
G1;163170160001;Execução de Título Extrajudicial;202411;1;0;0;1;6;1;0;13
G1;163170160001;Conhecimento;202411;18;0;0;16;158;5;5;166
G1;163170160001;Execução Judicial;202411;9;0;0;3;42;1;1;64
G1;163170160001;Execução de Título Extrajudicial;202412;2;0;0;0;8;1;0;13
G1;163170160001;Execução Judicial;202412;11;1;1;4;51;1;2;58
G1;163170160001;Conhecimento;202412;23;0;0;22;160;5;5;165
G1;163170160001;Conhecimento;202501;6;0;0;16;161;5;5;175
G1;163170160001;Execução de Título Extrajudicial;202501;1;0;0;2;8;1;0;12
G1;163170160001;Execução Judicial;202501;1;0;0;9;48;1;1;64
G1;163170160001;Execução de Título Extrajudicial;202502;1;0;0;1;8;1;0;12
G1;163170160001;Conhecimento;202502;31;1;0;24;189;6;5;187
G1;163170160001;Execução Judicial;202502;4;0;0;12;49;1;1;73
G1;163170160001;Conhecimento;202503;19;1;1;37;194;7;6;212
G1;163170160001;Execução de Título Extrajudicial;202503;1;0;0;2;9;1;0;13
G1;163170160001;Execução Judicial;202503;3;0;0;7;51;1;1;74
G1;163170160001;Execução Judicial;202504;9;0;0;7;59;1;1;71
G1;163170160001;Execução de Título Extrajudicial;202504;1;0;0;0;10;1;0;11
G1;163170160001;Conhecimento;202504;6;0;0;17;190;7;6;206
G1;163170160001;Execução de Título Extrajudicial;202505;1;0;0;1;11;1;0;10
G1;163170160001;Conhecimento;202505;26;1;1;23;207;8;7;217
G1;163170160001;Execução Judicial;202505;5;0;0;16;60;1;1;83
G1;163170160001;Execução de Título Extrajudicial;202506;1;0;0;1;11;0;0;11
G1;163170160001;Execução Judicial;202506;5;0;0;11;63;1;1;88
G1;163170160001;Conhecimento;202506;27;1;0;19;222;8;7;228
G1;163170160001;Execução Judicial;202507;14;2;0;6;71;3;1;90
G1;163170160001;Execução de Título Extrajudicial;202507;1;0;0;0;11;0;0;11
G1;163170160001;Conhecimento;202507;20;1;1;26;212;8;7;238
G1;163170160001;Conhecimento;202508;22;2;0;27;228;10;6;257
G1;163170160001;Execução de Título Extrajudicial;202508;2;0;0;0;12;0;0;8
G1;163170160001;Execução Judicial;202508;8;0;0;7;74;3;1;93
G1;163170160001;Conhecimento;202509;21;1;0;24;244;11;6;266
G1;163170160001;Execução Judicial;202509;7;0;0;5;78;3;1;91
G1;163170160001;Execução de Título Extrajudicial;202509;0;0;0;3;12;0;0;11
G1;163170160001;Execução de Título Extrajudicial;202510;2;0;0;2;14;0;0;13
G1;163170160001;Conhecimento;202510;12;2;1;27;231;10;4;278
G1;163170160001;Execução Judicial;202510;5;0;0;12;81;3;1;99
G1;163170160001;Execução de Título Extrajudicial;202511;1;1;0;0;14;1;0;12
G1;163170160001;Execução Judicial;202511;5;0;0;7;77;3;1;103
G1;163170160001;Conhecimento;202511;8;0;0;17;221;10;4;279
G1;163170160001;Conhecimento;202512;36;2;1;16;234;12;5;273
G1;163170160001;Execução Judicial;202512;8;0;0;2;74;2;0;101
G1;163170160001;Execução de Título Extrajudicial;202512;2;0;0;0;14;1;0;12
G1;163170160001;Conhecimento;202601;8;1;0;23;236;13;5;280
G1;163170160001;Execução Judicial;202601;2;1;0;9;75;3;0;101
G1;163170160001;Execução de Título Extrajudicial;202601;0;0;0;1;13;1;0;11
G1;163170160001;Execução Judicial;202602;3;0;0;13;74;3;0;102
G1;163170160001;Execução de Título Extrajudicial;202602;0;0;0;1;12;1;0;11
G1;163170160001;Conhecimento;202602;19;0;0;33;224;12;5;289
G1;163170160001;Execução Judicial;202603;10;0;0;13;81;3;0;108
G1;163170160001;Execução de Título Extrajudicial;202603;2;0;0;0;13;1;0;9
G1;163170160001;Conhecimento;202603;13;2;2;17;218;13;6;269
G1;163170160001;Execução de Título Extrajudicial;202604;2;0;0;4;14;1;0;13
G1;163170160001;Conhecimento;202604;11;2;0;32;223;15;6;284
G1;163170160001;Execução Judicial;202604;5;0;0;10;77;3;0;111
G1;163170160001;Execução de Título Extrajudicial;202605;1;1;0;0;14;2;0;12
G1;163170160001;Conhecimento;202605;17;0;0;22;214;14;5;283
G1;163170160001;Execução Judicial;202605;4;0;0;12;76;3;0;107
G1;163170160001;Conhecimento;202606;32;1;2;19;219;14;7;283
G1;163170160001;Execução Judicial;202606;19;1;0;4;90;4;0;100
G1;163170160001;Execução de Título Extrajudicial;202606;6;0;0;2;19;2;0;13
G1;163170160002;Execução Judicial;202301;0;0;0;0;0;0;0;0
G1;163170160002;Conhecimento;202301;3;2;2;8;3;2;2;8
G1;163170160002;Execução Judicial;202302;0;0;0;0;0;0;0;0
G1;163170160002;Conhecimento;202302;13;5;5;11;16;7;7;19
G1;163170160002;Execução Judicial;202303;0;0;0;0;0;0;0;0
G1;163170160002;Conhecimento;202303;2;2;2;9;18;9;9;28
G1;163170160002;Conhecimento;202304;1;4;4;14;19;13;13;42
G1;163170160002;Execução Judicial;202304;0;0;0;0;0;0;0;0
G1;163170160002;Conhecimento;202305;1;10;8;13;20;23;21;55
G1;163170160002;Execução Judicial;202305;0;0;0;0;0;0;0;0
G1;163170160002;Conhecimento;202306;6;2;1;13;26;25;22;68
G1;163170160002;Execução Judicial;202306;0;0;0;0;0;0;0;0
G1;163170160002;Conhecimento;202307;1;2;1;10;27;27;23;78
G1;163170160002;Execução Judicial;202307;0;0;0;0;0;0;0;0
G1;163170160002;Execução Judicial;202308;0;0;0;0;0;0;0;0
G1;163170160002;Conhecimento;202308;15;1;0;12;42;28;23;90
G1;163170160002;Conhecimento;202309;0;4;2;19;42;32;25;109
G1;163170160002;Execução Judicial;202309;0;0;0;0;0;0;0;0
G1;163170160002;Execução Judicial;202310;0;0;0;0;0;0;0;0
G1;163170160002;Conhecimento;202310;13;1;1;21;55;33;26;130
G1;163170160002;Conhecimento;202311;19;5;5;11;74;38;31;141
G1;163170160002;Execução Judicial;202311;0;0;0;0;0;0;0;0
G1;163170160002;Execução Judicial;202312;1;0;0;0;1;0;0;0
G1;163170160002;Conhecimento;202312;40;6;2;9;114;44;33;150
G1;163170160002;Conhecimento;202401;9;1;2;16;120;43;33;158
G1;163170160002;Conhecimento;202402;3;2;1;11;110;40;29;158
G1;163170160002;Conhecimento;202403;13;2;2;4;121;40;29;153
G1;163170160002;Conhecimento;202404;14;2;2;26;134;38;27;165
G1;163170160002;Conhecimento;202405;3;0;0;12;136;28;19;164
G1;163170160002;Conhecimento;202406;17;2;2;13;147;28;20;164
G1;163170160002;Conhecimento;202407;34;0;0;17;180;26;19;171
G1;163170160002;Conhecimento;202408;2;0;0;12;167;25;19;171
G1;163170160002;Conhecimento;202409;2;2;2;21;169;23;19;173
G1;163170160002;Conhecimento;202410;16;4;2;20;172;26;20;172
G1;163170160002;Conhecimento;202411;8;0;0;12;161;21;15;173
G1;163170160002;Conhecimento;202412;21;1;1;10;142;16;14;174
G1;163170160002;Conhecimento;202501;2;3;0;7;135;18;12;165
G1;163170160002;Conhecimento;202502;18;2;1;4;150;18;12;158
G1;163170160002;Conhecimento;202503;11;2;0;7;148;18;10;161
G1;163170160002;Conhecimento;202504;8;3;0;6;142;19;8;141
G1;163170160002;Conhecimento;202505;2;2;0;2;141;21;8;131
G1;163170160002;Conhecimento;202506;13;0;0;16;137;19;6;134
G1;163170160002;Conhecimento;202507;7;2;0;8;110;21;6;125
G1;163170160002;Conhecimento;202508;4;3;1;2;112;24;7;115
G1;163170160002;Conhecimento;202509;15;0;0;2;125;22;5;96
G1;163170160002;Execução Judicial;202509;0;0;0;0;0;0;0;0
G1;163170160002;Conhecimento;202510;8;5;1;8;117;23;4;84
G1;163170160002;Execução Judicial;202510;0;0;0;1;0;0;0;1
G1;163170160002;Execução Judicial;202511;1;0;0;0;1;0;0;1
G1;163170160002;Conhecimento;202511;7;1;1;2;116;24;5;74
G1;163170160002;Execução Judicial;202512;0;0;0;0;1;0;0;1
G1;163170160002;Conhecimento;202512;7;2;1;5;102;25;5;69
G1;163170160002;Conhecimento;202601;12;2;0;2;112;24;5;64
G1;163170160002;Execução Judicial;202601;0;0;0;0;1;0;0;1
G1;163170160002;Conhecimento;202602;6;1;1;7;100;23;5;67
G1;163170160002;Execução Judicial;202602;0;0;0;0;1;0;0;1
G1;163170160002;Conhecimento;202603;8;1;0;4;97;22;5;64
G1;163170160002;Execução Judicial;202603;0;0;0;0;1;0;0;1
G1;163170160002;Execução Judicial;202604;0;0;0;0;1;0;0;1
G1;163170160002;Conhecimento;202604;4;3;2;6;93;22;7;64
G1;163170160002;Conhecimento;202605;4;0;4;7;95;20;11;69
G1;163170160002;Execução Judicial;202605;0;0;0;0;1;0;0;1
G1;163170160002;Conhecimento;202606;2;1;2;8;84;21;13;61
G1;163170160002;Execução Judicial;202606;0;0;0;0;1;0;0;1
G1;163170160004;Conhecimento;202307;0;0;1;2;0;0;1;2
G1;163170160004;Conhecimento;202309;0;0;1;0;0;0;2;2
G1;163170160004;Conhecimento;202310;0;0;0;1;0;0;2;3
G1;163170160004;Conhecimento;202311;0;0;0;1;0;0;2;4
G1;163170160004;Conhecimento;202312;0;0;3;1;0;0;5;5
G1;163170160004;Conhecimento;202402;0;0;1;0;0;0;6;5
G1;163170160004;Conhecimento;202404;0;0;0;1;0;0;6;6
G1;163170160004;Conhecimento;202410;0;0;2;0;0;0;6;3
G1;163170160004;Conhecimento;202502;0;0;0;2;0;0;2;3
G1;163170160004;Conhecimento;202503;0;0;1;1;0;0;3;4
G1;163170160004;Conhecimento;202504;0;0;1;0;0;0;4;3
G1;163170160004;Conhecimento;202508;0;0;1;0;0;0;5;3
G1;163170160004;Conhecimento;202510;0;0;2;0;0;0;5;3
G1;164260010301;Execução Judicial;202301;1;0;0;0;1;0;0;0
G1;164260010301;Conhecimento;202301;4;4;5;19;4;4;5;19
G1;164260010301;Conhecimento;202302;3;1;1;22;7;5;6;41
G1;164260010301;Conhecimento;202303;23;4;4;15;30;9;10;56
G1;164260010301;Conhecimento;202304;21;2;2;19;51;11;12;75
G1;164260010301;Conhecimento;202305;17;7;5;23;68;18;17;98
G1;164260010301;Conhecimento;202306;9;0;4;16;77;18;21;114
G1;164260010301;Conhecimento;202307;15;5;3;31;92;23;24;145
G1;164260010301;Conhecimento;202308;16;5;4;15;108;28;28;160
G1;164260010301;Conhecimento;202309;11;0;1;31;119;28;29;191
G1;164260010301;Conhecimento;202310;19;6;1;18;138;34;30;209
G1;164260010301;Conhecimento;202311;63;2;1;21;201;36;31;230
G1;164260010301;Conhecimento;202312;29;1;2;16;230;37;33;246
G1;164260010301;Conhecimento;202401;4;4;4;18;230;37;32;245
G1;164260010301;Conhecimento;202402;10;2;1;14;237;38;32;237
G1;164260010301;Conhecimento;202403;2;2;0;19;216;36;28;241
G1;164260010301;Conhecimento;202404;21;1;0;17;216;35;26;239
G1;164260010301;Conhecimento;202405;8;1;0;14;207;29;21;230
G1;164260010301;Conhecimento;202406;18;1;1;18;216;30;18;232
G1;164260010301;Conhecimento;202407;35;3;4;14;236;28;19;215
G1;164260010301;Conhecimento;202408;12;1;2;12;232;24;17;212
G1;164260010301;Conhecimento;202409;2;0;0;10;223;24;16;191
G1;164260010301;Conhecimento;202410;9;0;0;19;213;18;15;192
G1;164260010301;Conhecimento;202411;11;2;1;19;161;18;15;190
G1;164260010301;Conhecimento;202412;14;3;0;16;146;20;13;190
G1;164260010301;Conhecimento;202501;5;0;0;12;147;16;9;184
G1;164260010301;Conhecimento;202502;11;1;0;13;148;15;8;183
G1;164260010301;Conhecimento;202503;4;1;1;7;150;14;9;171
G1;164260010301;Conhecimento;202504;3;3;1;21;132;16;10;175
G1;164260010301;Conhecimento;202505;10;2;0;10;134;17;10;171
G1;164260010301;Conhecimento;202506;5;1;2;26;121;17;11;179
G1;164260010301;Conhecimento;202507;55;1;1;21;141;15;8;186
G1;164260010301;Conhecimento;202508;8;1;0;12;137;15;6;186
G1;164260010301;Conhecimento;202509;15;2;1;8;150;17;7;184
G1;164260010301;Conhecimento;202510;12;1;2;14;153;18;9;179
G1;164260010301;Conhecimento;202511;26;2;3;13;168;18;11;173
G1;164260010301;Conhecimento;202512;13;5;4;19;167;20;15;176
G1;164260010301;Conhecimento;202601;7;4;2;10;169;24;17;174
G1;164260010301;Conhecimento;202602;12;2;4;19;170;25;21;180
G1;164260010301;Conhecimento;202603;16;0;1;13;182;24;21;186
G1;164260010301;Conhecimento;202604;10;1;5;7;189;22;25;172
G1;164260010301;Conhecimento;202605;10;2;2;6;189;22;27;168
G1;164260010301;Conhecimento;202606;8;5;0;5;192;26;25;147
G1;164930020011;Conhecimento;202301;12;4;4;24;12;4;4;24
G1;164930020011;Execução Judicial;202301;3;1;1;6;3;1;1;6
G1;164930020011;Execução Judicial;202302;3;1;1;1;6;2;2;7
G1;164930020011;Conhecimento;202302;13;2;2;22;25;6;6;46
G1;164930020011;Execução Judicial;202303;3;0;0;0;9;2;2;7
G1;164930020011;Conhecimento;202303;12;6;11;59;37;12;17;105
G1;164930020011;Conhecimento;202304;9;3;3;20;46;15;20;125
G1;164930020011;Execução Judicial;202304;2;0;0;4;11;2;2;11
G1;164930020011;Execução Judicial;202305;6;4;3;12;17;6;5;23
G1;164930020011;Conhecimento;202305;21;5;5;68;67;20;25;193
G1;164930020011;Execução Judicial;202306;7;1;1;2;24;7;6;25
G1;164930020011;Conhecimento;202306;23;1;2;33;90;21;27;226
G1;164930020011;Conhecimento;202307;49;5;6;56;139;26;33;282
G1;164930020011;Execução Judicial;202307;4;1;1;10;28;8;7;35
G1;164930020011;Execução Judicial;202308;5;1;0;7;33;9;7;42
G1;164930020011;Conhecimento;202308;17;5;3;40;156;31;36;322
G1;164930020011;Conhecimento;202309;33;4;5;28;189;35;41;350
G1;164930020011;Execução Judicial;202309;5;1;2;4;38;10;9;46
G1;164930020011;Execução Judicial;202310;1;1;1;2;39;11;10;48
G1;164930020011;Conhecimento;202310;30;4;4;33;219;39;45;383
G1;164930020011;Execução Judicial;202311;1;1;0;9;40;12;10;57
G1;164930020011;Conhecimento;202311;31;7;11;31;250;46;56;414
G1;164930020011;Conhecimento;202312;50;5;4;22;300;51;60;436
G1;164930020011;Execução Judicial;202312;8;0;0;20;48;12;10;77
G1;164930020011;Execução Judicial;202401;5;1;1;7;50;12;10;78
G1;164930020011;Conhecimento;202401;16;12;15;37;304;59;71;449
G1;164930020011;Conhecimento;202402;22;6;1;23;313;63;70;450
G1;164930020011;Execução Judicial;202402;1;2;0;4;48;13;9;81
G1;164930020011;Conhecimento;202403;25;5;5;34;326;62;64;425
G1;164930020011;Execução Judicial;202403;6;2;1;4;51;15;10;85
G1;164930020011;Conhecimento;202404;27;13;7;26;344;72;68;431
G1;164930020011;Execução Judicial;202404;5;3;4;6;54;18;14;87
G1;164930020011;Execução Judicial;202405;10;1;0;9;58;15;11;84
G1;164930020011;Conhecimento;202405;33;13;7;53;356;80;70;416
G1;164930020011;Conhecimento;202406;43;18;10;38;376;97;78;421
G1;164930020011;Execução Judicial;202406;7;0;0;12;58;14;10;94
G1;164930020011;Execução Judicial;202407;10;1;3;14;64;14;12;98
G1;164930020011;Conhecimento;202407;48;11;4;23;375;103;76;388
G1;164930020011;Execução Judicial;202408;14;0;0;14;73;13;12;105
G1;164930020011;Conhecimento;202408;31;9;7;29;389;107;80;377
G1;164930020011;Conhecimento;202409;34;11;10;38;390;114;85;387
G1;164930020011;Execução Judicial;202409;0;2;2;13;68;14;12;114
G1;164930020011;Conhecimento;202410;47;6;6;22;407;116;87;376
G1;164930020011;Execução Judicial;202410;8;1;0;10;75;14;11;122
G1;164930020011;Execução Judicial;202411;9;1;0;7;83;14;11;120
G1;164930020011;Conhecimento;202411;60;13;1;21;436;122;77;366
G1;164930020011;Conhecimento;202412;31;8;0;15;417;125;73;359
G1;164930020011;Execução Judicial;202412;5;1;0;5;80;15;11;105
G1;164930020011;Conhecimento;202501;17;3;2;18;418;116;60;340
G1;164930020011;Execução Judicial;202501;6;2;0;8;81;16;10;106
G1;164930020011;Execução Judicial;202502;6;3;1;6;86;17;11;108
G1;164930020011;Conhecimento;202502;30;10;0;21;426;120;59;338
G1;164930020011;Execução Judicial;202503;6;1;0;10;86;16;10;114
G1;164930020011;Conhecimento;202503;21;6;1;57;422;121;55;361
G1;164930020011;Execução Judicial;202504;7;0;0;16;88;13;6;124
G1;164930020011;Conhecimento;202504;29;5;2;27;424;113;50;362
G1;164930020011;Execução Judicial;202505;7;1;0;7;85;13;6;122
G1;164930020011;Conhecimento;202505;20;5;0;22;411;105;43;331
G1;164930020011;Conhecimento;202506;44;9;0;18;412;96;33;311
G1;164930020011;Execução Judicial;202506;11;2;0;22;89;15;6;132
G1;164930020011;Conhecimento;202507;41;10;5;31;405;95;34;319
G1;164930020011;Execução Judicial;202507;12;3;4;15;91;17;7;133
G1;164930020011;Conhecimento;202508;14;18;1;17;388;104;28;307
G1;164930020011;Execução Judicial;202508;5;2;2;9;82;19;9;128
G1;164930020011;Execução Judicial;202509;7;4;4;7;89;21;11;122
G1;164930020011;Conhecimento;202509;14;7;2;48;368;100;20;317
G1;164930020011;Conhecimento;202510;30;8;2;29;351;102;16;324
G1;164930020011;Execução Judicial;202510;7;1;3;8;88;21;14;120
G1;164930020011;Execução Judicial;202511;20;2;1;10;99;22;15;123
G1;164930020011;Conhecimento;202511;44;8;4;23;335;97;19;326
G1;164930020011;Execução Judicial;202512;7;3;0;10;101;24;15;128
G1;164930020011;Conhecimento;202512;16;12;0;19;320;101;19;330
G1;164930020011;Conhecimento;202601;27;9;0;29;330;107;17;341
G1;164930020011;Execução Judicial;202601;5;1;1;15;100;23;16;135
G1;164930020011;Execução Judicial;202602;10;3;1;7;104;23;16;136
G1;164930020011;Conhecimento;202602;17;11;1;24;317;108;18;344
G1;164930020011;Conhecimento;202603;30;7;2;52;326;109;19;339
G1;164930020011;Execução Judicial;202603;14;3;1;15;112;25;17;141
G1;164930020011;Execução Judicial;202604;8;2;1;14;113;27;18;139
G1;164930020011;Conhecimento;202604;26;3;3;48;323;107;20;360
G1;164930020011;Conhecimento;202605;26;5;1;58;329;107;21;396
G1;164930020011;Execução Judicial;202605;6;1;0;4;112;27;18;136
G1;164930020011;Execução Judicial;202606;9;1;1;8;110;26;19;122
G1;164930020011;Conhecimento;202606;16;3;0;13;301;101;21;391
G1;170490040001;Execução de Título Extrajudicial;202301;1;0;0;15;1;0;0;15
G1;170490040001;Conhecimento;202301;33;3;2;39;33;3;2;39
G1;170490040001;Execução Judicial;202301;11;1;0;4;11;1;0;4
G1;170490040001;Execução Judicial;202302;17;2;3;9;28;3;3;13
G1;170490040001;Conhecimento;202302;33;1;0;39;66;4;2;78
G1;170490040001;Execução de Título Extrajudicial;202302;5;0;0;13;6;0;0;28
G1;170490040001;Execução Judicial;202303;25;0;0;5;53;3;3;18
G1;170490040001;Execução de Título Extrajudicial;202303;2;0;0;12;8;0;0;40
G1;170490040001;Conhecimento;202303;43;1;0;29;109;5;2;107
G1;170490040001;Execução de Título Extrajudicial;202304;3;1;1;2;11;1;1;42
G1;170490040001;Conhecimento;202304;26;1;0;34;135;6;2;141
G1;170490040001;Execução Judicial;202304;4;0;0;16;57;3;3;34
G1;170490040001;Execução Judicial;202305;12;1;0;31;69;4;3;65
G1;170490040001;Conhecimento;202305;65;1;0;43;200;7;2;184
G1;170490040001;Execução de Título Extrajudicial;202305;5;0;0;3;16;1;1;45
G1;170490040001;Execução Judicial;202306;12;1;1;8;81;5;4;73
G1;170490040001;Execução de Título Extrajudicial;202306;11;1;0;30;27;2;1;75
G1;170490040001;Conhecimento;202306;55;5;5;47;255;12;7;231
G1;170490040001;Execução Judicial;202307;12;3;0;23;93;8;4;96
G1;170490040001;Execução de Título Extrajudicial;202307;3;0;0;11;30;2;1;86
G1;170490040001;Conhecimento;202307;37;8;4;36;292;20;11;267
G1;170490040001;Execução de Título Extrajudicial;202308;0;0;0;7;30;2;1;93
G1;170490040001;Execução Judicial;202308;15;0;0;16;108;8;4;112
G1;170490040001;Conhecimento;202308;23;0;0;58;315;20;11;325
G1;170490040001;Execução Judicial;202309;12;0;0;8;120;8;4;120
G1;170490040001;Execução de Título Extrajudicial;202309;5;0;0;28;35;2;1;121
G1;170490040001;Conhecimento;202309;29;0;0;47;344;20;11;372
G1;170490040001;Execução Judicial;202310;12;0;0;25;132;8;4;145
G1;170490040001;Execução de Título Extrajudicial;202310;2;0;0;5;37;2;1;126
G1;170490040001;Conhecimento;202310;28;4;2;59;372;24;13;431
G1;170490040001;Conhecimento;202311;68;3;0;62;440;27;13;493
G1;170490040001;Execução de Título Extrajudicial;202311;5;0;0;11;42;2;1;137
G1;170490040001;Execução Judicial;202311;6;0;0;7;138;8;4;152
G1;170490040001;Execução de Título Extrajudicial;202312;2;0;0;2;44;2;1;139
G1;170490040001;Execução Judicial;202312;7;3;0;7;145;11;4;159
G1;170490040001;Conhecimento;202312;54;2;1;33;494;29;14;526
G1;170490040001;Conhecimento;202401;10;0;1;40;471;26;13;527
G1;170490040001;Execução Judicial;202401;7;0;0;19;141;10;4;174
G1;170490040001;Execução de Título Extrajudicial;202401;5;0;0;11;48;2;1;135
G1;170490040001;Execução Judicial;202402;11;1;1;8;135;9;2;173
G1;170490040001;Execução de Título Extrajudicial;202402;5;0;0;4;48;2;1;126
G1;170490040001;Conhecimento;202402;21;4;3;38;459;29;16;526
G1;170490040001;Conhecimento;202403;55;2;0;43;471;30;16;540
G1;170490040001;Execução Judicial;202403;15;0;0;13;125;9;2;181
G1;170490040001;Execução de Título Extrajudicial;202403;2;0;0;1;48;2;1;115
G1;170490040001;Conhecimento;202404;39;5;4;55;484;34;20;561
G1;170490040001;Execução Judicial;202404;8;1;1;28;129;10;3;193
G1;170490040001;Execução de Título Extrajudicial;202404;0;0;0;4;45;1;0;117
G1;170490040001;Execução Judicial;202405;24;3;3;18;141;12;6;180
G1;170490040001;Execução de Título Extrajudicial;202405;4;1;0;8;44;2;0;122
G1;170490040001;Conhecimento;202405;71;5;1;63;490;38;21;581
G1;170490040001;Conhecimento;202406;94;11;6;72;529;44;22;606
G1;170490040001;Execução Judicial;202406;28;1;1;31;157;12;6;203
G1;170490040001;Execução de Título Extrajudicial;202406;30;0;0;10;63;1;0;102
G1;170490040001;Execução Judicial;202407;23;3;1;24;168;12;7;204
G1;170490040001;Conhecimento;202407;82;7;2;57;574;43;20;627
G1;170490040001;Execução de Título Extrajudicial;202407;13;0;0;3;73;1;0;94
G1;170490040001;Conhecimento;202408;27;3;0;59;578;46;20;628
G1;170490040001;Execução Judicial;202408;10;1;0;29;163;13;7;217
G1;170490040001;Execução de Título Extrajudicial;202408;5;0;0;19;78;1;0;106
G1;170490040001;Execução Judicial;202409;15;0;0;9;166;13;7;218
G1;170490040001;Conhecimento;202409;49;3;1;34;598;49;21;615
G1;170490040001;Execução de Título Extrajudicial;202409;1;0;0;29;74;1;0;107
G1;170490040001;Execução de Título Extrajudicial;202410;5;1;0;81;77;2;0;183
G1;170490040001;Conhecimento;202410;49;7;3;77;619;52;22;633
G1;170490040001;Execução Judicial;202410;21;2;2;21;175;15;9;214
G1;170490040001;Execução Judicial;202411;29;2;2;14;198;17;11;221
G1;170490040001;Conhecimento;202411;91;5;5;21;642;54;27;592
G1;170490040001;Execução de Título Extrajudicial;202411;1;0;0;24;73;2;0;196
G1;170490040001;Execução Judicial;202412;24;1;1;11;215;15;12;225
G1;170490040001;Execução de Título Extrajudicial;202412;8;0;0;9;79;2;0;203
G1;170490040001;Conhecimento;202412;47;7;4;31;635;59;30;590
G1;170490040001;Execução Judicial;202501;7;0;0;7;215;15;12;213
G1;170490040001;Conhecimento;202501;21;7;3;43;646;66;32;593
G1;170490040001;Execução de Título Extrajudicial;202501;1;0;0;1;75;2;0;193
G1;170490040001;Execução Judicial;202502;13;0;1;29;217;14;12;234
G1;170490040001;Conhecimento;202502;40;4;3;69;665;66;32;624
G1;170490040001;Execução de Título Extrajudicial;202502;6;1;0;2;76;3;0;191
G1;170490040001;Conhecimento;202503;60;4;3;63;670;68;35;644
G1;170490040001;Execução Judicial;202503;14;3;3;25;216;17;15;246
G1;170490040001;Execução de Título Extrajudicial;202503;5;0;0;13;79;3;0;203
G1;170490040001;Execução Judicial;202504;14;2;1;34;222;18;15;252
G1;170490040001;Conhecimento;202504;66;7;1;69;697;70;32;658
G1;170490040001;Execução de Título Extrajudicial;202504;4;0;0;3;83;3;0;202
G1;170490040001;Execução Judicial;202505;18;4;1;22;216;19;13;256
G1;170490040001;Conhecimento;202505;76;3;2;79;702;68;33;674
G1;170490040001;Execução de Título Extrajudicial;202505;11;1;0;2;90;3;0;196
G1;170490040001;Execução de Título Extrajudicial;202506;10;0;0;2;70;3;0;188
G1;170490040001;Conhecimento;202506;79;9;3;55;687;66;30;657
G1;170490040001;Execução Judicial;202506;22;5;4;26;210;23;16;251
G1;170490040001;Conhecimento;202507;90;3;1;69;695;62;29;669
G1;170490040001;Execução de Título Extrajudicial;202507;9;0;0;6;66;3;0;191
G1;170490040001;Execução Judicial;202507;24;0;0;16;211;20;15;243
G1;170490040001;Execução Judicial;202508;24;1;1;16;225;20;16;230
G1;170490040001;Execução de Título Extrajudicial;202508;11;0;0;51;72;3;0;223
G1;170490040001;Conhecimento;202508;43;3;2;58;711;62;31;668
G1;170490040001;Execução Judicial;202509;17;1;0;20;227;21;16;241
G1;170490040001;Execução de Título Extrajudicial;202509;15;0;0;6;86;3;0;200
G1;170490040001;Conhecimento;202509;50;2;0;69;712;61;30;703
G1;170490040001;Conhecimento;202510;40;3;2;73;703;57;29;699
G1;170490040001;Execução de Título Extrajudicial;202510;24;1;0;6;105;3;0;125
G1;170490040001;Execução Judicial;202510;13;3;2;19;219;22;16;239
G1;170490040001;Execução Judicial;202511;16;0;0;19;206;20;14;244
G1;170490040001;Execução de Título Extrajudicial;202511;8;2;0;1;112;5;0;102
G1;170490040001;Conhecimento;202511;62;5;1;54;674;57;25;732
G1;170490040001;Execução de Título Extrajudicial;202512;2;0;0;4;106;5;0;97
G1;170490040001;Conhecimento;202512;36;0;0;64;663;50;21;765
G1;170490040001;Execução Judicial;202512;10;1;0;19;192;20;13;252
G1;170490040001;Execução Judicial;202601;19;4;1;25;204;24;14;270
G1;170490040001;Conhecimento;202601;35;5;1;35;677;48;19;757
G1;170490040001;Execução de Título Extrajudicial;202601;9;0;3;5;114;5;3;101
G1;170490040001;Execução de Título Extrajudicial;202602;15;0;0;21;123;4;3;120
G1;170490040001;Conhecimento;202602;39;4;1;46;676;48;17;734
G1;170490040001;Execução Judicial;202602;17;0;0;21;208;24;13;262
G1;170490040001;Execução Judicial;202603;12;4;2;15;206;25;12;252
G1;170490040001;Execução de Título Extrajudicial;202603;9;0;0;14;127;4;3;121
G1;170490040001;Conhecimento;202603;52;3;3;64;668;47;17;735
G1;170490040001;Execução de Título Extrajudicial;202604;29;0;0;13;152;4;3;131
G1;170490040001;Conhecimento;202604;57;4;0;65;659;44;16;731
G1;170490040001;Execução Judicial;202604;22;1;1;3;214;24;12;221
G1;170490040001;Execução Judicial;202605;17;1;1;11;213;21;12;210
G1;170490040001;Conhecimento;202605;65;6;5;44;648;47;19;696
G1;170490040001;Execução de Título Extrajudicial;202605;23;0;0;18;164;3;3;147
G1;170490040001;Execução Judicial;202606;18;0;1;2;209;16;9;186
G1;170490040001;Execução de Título Extrajudicial;202606;29;12;0;4;183;15;3;149
G1;170490040001;Conhecimento;202606;42;4;2;29;611;42;18;670
G1;170490040101;Execução Judicial;202301;0;0;0;0;0;0;0;0
G1;170490040101;Conhecimento;202301;3;12;9;20;3;12;9;20
G1;170490040101;Execução Judicial;202302;0;0;0;0;0;0;0;0
G1;170490040101;Conhecimento;202302;4;15;18;35;7;27;27;55
G1;170490040101;Conhecimento;202303;11;3;4;39;18;30;31;94
G1;170490040101;Execução Judicial;202303;0;0;0;0;0;0;0;0
G1;170490040101;Conhecimento;202304;17;12;11;41;35;42;42;135
G1;170490040101;Execução Judicial;202304;0;0;0;0;0;0;0;0
G1;170490040101;Conhecimento;202305;17;12;11;30;52;54;53;165
G1;170490040101;Execução Judicial;202305;0;0;0;0;0;0;0;0
G1;170490040101;Conhecimento;202306;15;10;10;45;67;64;63;210
G1;170490040101;Execução Judicial;202306;0;0;0;0;0;0;0;0
G1;170490040101;Execução Judicial;202307;0;0;0;0;0;0;0;0
G1;170490040101;Conhecimento;202307;39;15;16;34;106;79;79;244
G1;170490040101;Conhecimento;202308;31;9;9;60;137;88;88;304
G1;170490040101;Conhecimento;202309;20;9;7;36;157;97;95;340
G1;170490040101;Conhecimento;202310;11;10;10;31;168;107;105;371
G1;170490040101;Conhecimento;202311;19;7;4;29;187;114;109;400
G1;170490040101;Conhecimento;202312;74;10;13;34;261;124;122;434
G1;170490040101;Conhecimento;202401;7;14;13;52;265;126;126;466
G1;170490040101;Conhecimento;202402;9;7;7;29;270;118;115;460
G1;170490040101;Conhecimento;202403;24;5;4;36;283;120;115;457
G1;170490040101;Conhecimento;202404;35;16;13;65;301;124;117;481
G1;170490040101;Conhecimento;202405;54;7;8;53;338;119;114;504
G1;170490040101;Conhecimento;202406;26;5;4;25;349;114;108;484
G1;170490040101;Conhecimento;202407;75;5;5;38;385;104;97;488
G1;170490040101;Conhecimento;202408;19;3;1;35;373;98;89;463
G1;170490040101;Conhecimento;202409;18;5;4;19;371;94;86;446
G1;170490040101;Conhecimento;202410;29;11;14;48;389;95;90;463
G1;170490040101;Conhecimento;202411;29;7;3;25;399;95;89;459
G1;170490040101;Conhecimento;202412;42;3;1;13;367;88;77;438
G1;170490040101;Conhecimento;202501;5;11;7;18;365;85;71;404
G1;170490040101;Conhecimento;202502;28;6;2;29;384;84;66;404
G1;170490040101;Conhecimento;202503;14;14;3;26;374;93;65;394
G1;170490040101;Conhecimento;202504;26;7;2;15;365;84;54;344
G1;170490040101;Conhecimento;202505;31;8;5;16;342;85;51;307
G1;170490040101;Conhecimento;202506;32;3;2;15;348;83;49;297
G1;170490040101;Conhecimento;202507;54;6;0;17;327;84;44;276
G1;170490040101;Conhecimento;202508;17;2;0;16;325;83;43;257
G1;170490040101;Conhecimento;202509;16;9;0;18;323;87;39;256
G1;170490040101;Conhecimento;202510;29;7;4;21;323;83;29;229
G1;170490040101;Conhecimento;202511;17;2;0;15;311;78;26;219
G1;170490040101;Conhecimento;202512;14;4;1;11;283;79;26;217
G1;170490040101;Conhecimento;202601;10;11;4;11;288;79;23;210
G1;170490040101;Execução Judicial;202601;0;1;1;0;0;1;1;0
G1;170490040101;Conhecimento;202602;13;5;1;23;273;78;22;204
G1;170490040101;Conhecimento;202603;16;2;0;16;275;66;19;194
G1;170490040101;Conhecimento;202604;12;9;5;13;261;68;22;192
G1;170490040101;Conhecimento;202605;25;4;8;23;255;64;25;199
G1;170490040101;Conhecimento;202606;38;2;1;16;261;63;24;200
G1;170490040201;Conhecimento;202309;0;0;0;1;0;0;0;1
G1;170490040201;Conhecimento;202310;0;0;1;1;0;0;1;2
G1;170490040201;Conhecimento;202402;0;0;1;1;0;0;2;3
G1;170490040201;Conhecimento;202404;0;0;0;1;0;0;2;4
G1;170490040201;Conhecimento;202406;0;0;1;0;0;0;3;4
G1;170490040201;Conhecimento;202408;0;0;0;1;0;0;3;5
G1;170490040201;Conhecimento;202409;0;1;0;1;0;1;3;5
G1;170490040201;Execução de Título Extrajudicial;202409;0;0;0;2;0;0;0;2
G1;170490040201;Execução de Título Extrajudicial;202410;0;0;1;0;0;0;1;2
G1;170490040201;Conhecimento;202410;0;0;2;1;0;1;4;5
G1;170490040201;Conhecimento;202501;0;0;1;1;0;1;5;6
G1;170490040201;Execução de Título Extrajudicial;202502;0;0;1;0;0;0;2;2
G1;170490040201;Conhecimento;202502;0;0;1;0;0;1;5;5
G1;170490040201;Execução de Título Extrajudicial;202505;0;0;1;0;0;0;3;2
G1;170490040201;Conhecimento;202505;0;0;1;0;0;1;6;4
G1;170490040201;Conhecimento;202506;0;0;1;0;0;1;6;4
G1;170490040201;Execução Judicial;202605;0;0;0;1;0;0;0;1
G1;170490040201;Execução Judicial;202606;0;0;1;0;0;0;1;1
G1;170490040301;Conhecimento;202304;0;0;1;0;0;0;1;0
G1;170490040301;Conhecimento;202306;0;0;0;2;0;0;1;2
G1;170490040301;Conhecimento;202402;0;0;0;1;0;0;1;3
G1;170490040301;Conhecimento;202404;0;0;2;1;0;0;2;4
G1;170490040301;Conhecimento;202405;0;0;0;0;0;0;2;4
G1;170490040301;Conhecimento;202406;0;0;0;0;0;0;2;2
G1;170490040301;Conhecimento;202407;0;0;1;1;0;0;3;3
G1;170490040301;Conhecimento;202509;0;0;1;0;0;0;1;0
G1;170490040308;Conhecimento;202402;0;1;0;0;0;1;0;0
G1;170490040308;Conhecimento;202403;0;0;1;0;0;1;1;0
G1;170490040308;Conhecimento;202410;0;0;0;1;0;1;1;1
G1;170490040308;Conhecimento;202501;0;0;1;0;0;1;2;1
G1;170500080001;Conhecimento;202301;15;2;3;29;15;2;3;29
G1;170500080001;Execução de Título Extrajudicial;202301;1;0;0;6;1;0;0;6
G1;170500080001;Execução Judicial;202301;4;0;0;5;4;0;0;5
G1;170500080001;Conhecimento;202302;26;0;1;28;41;2;4;57
G1;170500080001;Execução de Título Extrajudicial;202302;2;0;0;7;3;0;0;13
G1;170500080001;Execução Judicial;202302;8;0;0;9;12;0;0;14
G1;170500080001;Execução de Título Extrajudicial;202303;2;0;0;5;5;0;0;18
G1;170500080001;Conhecimento;202303;21;1;0;29;62;3;4;86
G1;170500080001;Execução Judicial;202303;9;1;0;7;21;1;0;21
G1;170500080001;Conhecimento;202304;12;3;2;17;74;6;6;103
G1;170500080001;Execução Judicial;202304;1;0;0;10;22;1;0;31
G1;170500080001;Execução de Título Extrajudicial;202304;1;0;0;1;6;0;0;19
G1;170500080001;Conhecimento;202305;26;6;1;35;100;12;7;138
G1;170500080001;Execução Judicial;202305;5;3;2;7;27;4;2;38
G1;170500080001;Execução de Título Extrajudicial;202305;1;0;0;4;7;0;0;23
G1;170500080001;Conhecimento;202306;16;5;1;20;116;17;8;158
G1;170500080001;Execução de Título Extrajudicial;202306;1;0;0;9;8;0;0;32
G1;170500080001;Execução Judicial;202306;4;0;0;15;31;4;2;53
G1;170500080001;Execução Judicial;202307;3;2;2;11;34;6;4;64
G1;170500080001;Execução de Título Extrajudicial;202307;1;0;0;1;9;0;0;33
G1;170500080001;Conhecimento;202307;15;2;2;36;131;19;10;194
G1;170500080001;Conhecimento;202308;27;2;1;18;158;21;11;212
G1;170500080001;Execução de Título Extrajudicial;202308;1;0;0;0;10;0;0;33
G1;170500080001;Execução Judicial;202308;7;1;1;6;41;7;5;70
G1;170500080001;Conhecimento;202309;37;4;4;20;195;25;15;232
G1;170500080001;Execução Judicial;202309;17;0;2;9;58;7;7;79
G1;170500080001;Execução de Título Extrajudicial;202309;2;0;0;1;12;0;0;34
G1;170500080001;Conhecimento;202310;27;0;1;22;222;25;16;254
G1;170500080001;Execução Judicial;202310;5;1;0;6;63;8;7;85
G1;170500080001;Execução de Título Extrajudicial;202310;1;0;0;2;13;0;0;36
G1;170500080001;Execução de Título Extrajudicial;202311;0;0;0;4;13;0;0;40
G1;170500080001;Conhecimento;202311;16;4;1;24;238;29;17;278
G1;170500080001;Execução Judicial;202311;12;0;1;8;75;8;8;93
G1;170500080001;Execução de Título Extrajudicial;202312;0;0;0;1;13;0;0;41
G1;170500080001;Execução Judicial;202312;2;0;0;4;77;8;8;97
G1;170500080001;Conhecimento;202312;15;0;0;15;253;29;17;293
G1;170500080001;Execução Judicial;202401;3;0;0;0;76;8;8;92
G1;170500080001;Conhecimento;202401;7;2;1;14;245;29;15;278
G1;170500080001;Execução de Título Extrajudicial;202401;0;0;0;14;12;0;0;49
G1;170500080001;Execução de Título Extrajudicial;202402;2;0;0;4;12;0;0;46
G1;170500080001;Conhecimento;202402;16;1;0;20;235;30;14;270
G1;170500080001;Execução Judicial;202402;1;0;0;13;69;8;8;96
G1;170500080001;Conhecimento;202403;20;3;2;14;234;32;16;255
G1;170500080001;Execução Judicial;202403;8;0;0;6;68;7;8;95
G1;170500080001;Execução de Título Extrajudicial;202403;3;0;0;0;13;0;0;41
G1;170500080001;Conhecimento;202404;32;2;1;43;254;31;15;281
G1;170500080001;Execução de Título Extrajudicial;202404;3;0;0;4;15;0;0;44
G1;170500080001;Execução Judicial;202404;6;0;0;8;73;7;8;93
G1;170500080001;Execução de Título Extrajudicial;202405;3;0;0;1;17;0;0;41
G1;170500080001;Execução Judicial;202405;13;4;0;8;81;8;6;94
G1;170500080001;Conhecimento;202405;27;5;2;29;255;30;16;275
G1;170500080001;Conhecimento;202406;16;4;0;17;255;29;15;272
G1;170500080001;Execução Judicial;202406;5;1;0;2;82;9;6;81
G1;170500080001;Execução de Título Extrajudicial;202406;2;0;0;3;18;0;0;35
G1;170500080001;Execução Judicial;202407;10;2;0;17;89;9;4;87
G1;170500080001;Conhecimento;202407;35;0;0;48;275;27;13;284
G1;170500080001;Execução de Título Extrajudicial;202407;6;0;0;12;23;0;0;46
G1;170500080001;Execução Judicial;202408;3;6;3;13;85;14;6;94
G1;170500080001;Conhecimento;202408;19;3;2;34;267;28;14;300
G1;170500080001;Execução de Título Extrajudicial;202408;2;0;0;6;24;0;0;52
G1;170500080001;Execução Judicial;202409;7;1;0;6;75;15;4;91
G1;170500080001;Execução de Título Extrajudicial;202409;2;1;1;3;24;1;1;54
G1;170500080001;Conhecimento;202409;24;3;3;28;254;27;13;308
G1;170500080001;Conhecimento;202410;20;3;2;22;247;30;14;308
G1;170500080001;Execução de Título Extrajudicial;202410;3;0;0;3;26;1;1;55
G1;170500080001;Execução Judicial;202410;9;0;1;12;79;14;5;97
G1;170500080001;Conhecimento;202411;23;0;1;36;254;26;14;320
G1;170500080001;Execução de Título Extrajudicial;202411;0;0;0;0;26;1;1;51
G1;170500080001;Execução Judicial;202411;8;0;0;9;75;14;4;98
G1;170500080001;Execução de Título Extrajudicial;202412;4;0;0;1;30;1;1;51
G1;170500080001;Execução Judicial;202412;10;0;1;7;83;14;5;101
G1;170500080001;Conhecimento;202412;36;2;1;23;275;28;15;328
G1;170500080001;Execução Judicial;202501;0;0;0;6;80;14;5;107
G1;170500080001;Execução de Título Extrajudicial;202501;0;0;0;1;30;1;1;38
G1;170500080001;Conhecimento;202501;2;1;0;16;270;27;14;330
G1;170500080001;Conhecimento;202502;23;3;0;29;277;29;14;339
G1;170500080001;Execução de Título Extrajudicial;202502;0;0;0;1;28;1;1;35
G1;170500080001;Execução Judicial;202502;6;1;0;8;85;15;5;102
G1;170500080001;Execução de Título Extrajudicial;202503;1;0;0;10;26;1;1;45
G1;170500080001;Execução Judicial;202503;12;1;1;11;89;16;6;107
G1;170500080001;Conhecimento;202503;34;2;4;24;291;28;16;349
G1;170500080001;Conhecimento;202504;22;7;5;22;281;33;20;328
G1;170500080001;Execução Judicial;202504;7;1;0;6;90;17;6;105
G1;170500080001;Execução de Título Extrajudicial;202504;1;1;1;1;24;2;2;42
G1;170500080001;Execução de Título Extrajudicial;202505;2;0;0;1;23;2;2;42
G1;170500080001;Execução Judicial;202505;5;0;0;14;82;13;6;111
G1;170500080001;Conhecimento;202505;30;2;0;35;284;30;18;334
G1;170500080001;Execução de Título Extrajudicial;202506;4;0;0;0;25;2;2;39
G1;170500080001;Conhecimento;202506;35;3;2;24;303;29;20;341
G1;170500080001;Execução Judicial;202506;10;0;0;12;87;12;6;121
G1;170500080001;Conhecimento;202507;54;4;2;29;322;33;22;322
G1;170500080001;Execução de Título Extrajudicial;202507;9;0;0;3;28;2;2;30
G1;170500080001;Execução Judicial;202507;21;0;0;8;98;10;6;112
G1;170500080001;Conhecimento;202508;25;2;2;37;328;32;22;325
G1;170500080001;Execução de Título Extrajudicial;202508;1;0;0;13;27;2;2;37
G1;170500080001;Execução Judicial;202508;10;1;1;4;105;5;4;103
G1;170500080001;Execução de Título Extrajudicial;202509;2;0;0;0;27;1;1;34
G1;170500080001;Conhecimento;202509;29;2;0;41;333;31;19;338
G1;170500080001;Execução Judicial;202509;9;1;0;12;107;5;4;109
G1;170500080001;Execução de Título Extrajudicial;202510;1;0;0;1;25;1;1;32
G1;170500080001;Conhecimento;202510;35;4;1;56;348;32;18;372
G1;170500080001;Execução Judicial;202510;13;2;2;10;111;7;5;107
G1;170500080001;Execução Judicial;202511;6;0;0;3;109;7;5;101
G1;170500080001;Conhecimento;202511;28;4;2;20;353;36;19;356
G1;170500080001;Execução de Título Extrajudicial;202511;3;0;0;0;28;1;1;32
G1;170500080001;Execução Judicial;202512;5;1;0;7;104;8;4;101
G1;170500080001;Execução de Título Extrajudicial;202512;1;0;0;8;25;1;1;39
G1;170500080001;Conhecimento;202512;17;1;0;24;334;35;18;357
G1;170500080001;Execução Judicial;202601;1;0;0;6;105;8;4;101
G1;170500080001;Execução de Título Extrajudicial;202601;0;0;0;4;25;1;1;42
G1;170500080001;Conhecimento;202601;17;2;2;25;349;36;20;366
G1;170500080001;Execução Judicial;202602;3;0;0;6;102;7;4;99
G1;170500080001;Execução de Título Extrajudicial;202602;0;0;0;4;25;1;1;45
G1;170500080001;Conhecimento;202602;21;2;1;27;347;35;21;364
G1;170500080001;Execução Judicial;202603;4;1;1;16;94;7;4;104
G1;170500080001;Conhecimento;202603;27;3;0;48;340;36;17;388
G1;170500080001;Execução de Título Extrajudicial;202603;3;0;0;2;27;1;1;37
G1;170500080001;Execução de Título Extrajudicial;202604;3;0;0;4;29;0;0;40
G1;170500080001;Execução Judicial;202604;7;3;1;5;94;9;5;103
G1;170500080001;Conhecimento;202604;7;2;0;36;325;31;12;402
G1;170500080001;Conhecimento;202605;15;1;0;37;310;30;12;404
G1;170500080001;Execução de Título Extrajudicial;202605;0;0;0;4;27;0;0;43
G1;170500080001;Execução Judicial;202605;8;0;0;10;97;9;5;99
G1;170500080001;Execução de Título Extrajudicial;202606;6;0;0;0;29;0;0;43
G1;170500080001;Conhecimento;202606;41;2;0;24;316;29;10;404
G1;170500080001;Execução Judicial;202606;13;0;0;11;100;9;5;98
G1;170500080002;Conhecimento;202301;5;3;3;13;5;3;3;13
G1;170500080002;Conhecimento;202302;18;3;4;15;23;6;7;28
G1;170500080002;Conhecimento;202303;13;0;1;14;36;6;8;42
G1;170500080002;Conhecimento;202304;17;1;1;13;53;7;9;55
G1;170500080002;Conhecimento;202305;21;2;1;24;74;9;10;79
G1;170500080002;Conhecimento;202306;14;4;4;13;88;13;14;92
G1;170500080002;Conhecimento;202307;13;2;3;15;101;15;17;107
G1;170500080002;Conhecimento;202308;27;1;1;16;128;16;18;123
G1;170500080002;Conhecimento;202309;15;3;3;22;143;19;21;145
G1;170500080002;Conhecimento;202310;7;5;5;29;150;24;26;174
G1;170500080002;Conhecimento;202311;16;2;2;25;166;26;28;199
G1;170500080002;Conhecimento;202312;10;2;2;22;176;28;30;221
G1;170500080002;Conhecimento;202401;2;5;5;16;173;30;32;224
G1;170500080002;Conhecimento;202402;17;8;9;24;172;35;37;233
G1;170500080002;Conhecimento;202403;32;4;4;20;191;39;40;239
G1;170500080002;Conhecimento;202404;7;7;6;17;181;45;45;243
G1;170500080002;Conhecimento;202405;21;5;3;20;181;48;47;239
G1;170500080002;Conhecimento;202406;17;3;3;14;184;47;46;240
G1;170500080002;Conhecimento;202407;21;2;1;16;192;47;44;241
G1;170500080002;Conhecimento;202408;20;4;4;28;185;50;47;253
G1;170500080002;Conhecimento;202409;13;1;1;22;183;48;45;253
G1;170500080002;Conhecimento;202410;18;10;10;15;194;53;50;239
G1;170500080002;Conhecimento;202411;28;2;0;12;206;53;48;226
G1;170500080002;Conhecimento;202412;14;2;0;14;210;53;46;218
G1;170500080002;Conhecimento;202501;9;7;1;12;217;55;42;214
G1;170500080002;Conhecimento;202502;21;8;2;19;221;55;35;209
G1;170500080002;Conhecimento;202503;9;6;0;8;198;57;31;197
G1;170500080002;Execução Judicial;202504;1;0;1;2;1;0;1;2
G1;170500080002;Conhecimento;202504;20;1;0;4;211;51;25;184
G1;170500080002;Conhecimento;202505;10;2;0;16;200;48;22;180
G1;170500080002;Conhecimento;202506;23;3;0;13;206;48;19;179
G1;170500080002;Conhecimento;202507;14;6;2;16;199;52;20;179
G1;170500080002;Conhecimento;202508;9;4;1;13;188;52;17;164
G1;170500080002;Conhecimento;202509;10;2;1;9;185;53;17;151
G1;170500080002;Conhecimento;202510;15;8;0;25;182;51;7;161
G1;170500080002;Conhecimento;202511;3;8;1;11;157;57;8;160
G1;170500080002;Conhecimento;202512;17;6;1;10;160;61;9;156
G1;170500080002;Conhecimento;202601;2;3;0;13;153;57;8;157
G1;170500080002;Conhecimento;202602;1;6;0;5;133;55;6;143
G1;170500080002;Conhecimento;202603;11;3;0;10;135;52;6;145
G1;170500080002;Conhecimento;202604;14;2;0;13;129;53;6;154
G1;170500080002;Conhecimento;202605;3;1;0;8;122;52;6;146
G1;170500080002;Conhecimento;202606;0;1;0;2;99;50;6;135
G1;170500080003;Conhecimento;202402;0;0;0;1;0;0;0;1
G1;170500080003;Conhecimento;202403;0;0;1;0;0;0;1;1
G1;170500080003;Conhecimento;202503;0;0;0;1;0;0;0;1
G1;170500080003;Conhecimento;202504;0;0;1;1;0;0;1;2
G1;170500080003;Conhecimento;202505;0;0;1;0;0;0;2;2
G1;170500080003;Execução Judicial;202602;0;0;0;1;0;0;0;1
G1;170500080003;Conhecimento;202602;0;0;1;1;0;0;3;3
G1;170500080003;Execução Judicial;202604;0;0;1;0;0;0;1;1
G1;170500080004;Conhecimento;202311;0;0;0;1;0;0;0;1
G1;170500080004;Conhecimento;202402;0;1;0;0;0;1;0;1
G1;170500080004;Conhecimento;202403;0;1;0;0;0;2;0;1
G1;170500080004;Conhecimento;202405;0;0;1;1;0;2;1;2
G1;170500080004;Conhecimento;202406;0;0;1;0;0;2;2;2
G1;170500080004;Conhecimento;202407;0;1;2;0;0;3;4;2
G1;170500080004;Conhecimento;202411;0;0;0;1;0;3;4;2
G1;170500080004;Conhecimento;202502;0;0;1;1;0;2;5;3
G1;170500080004;Conhecimento;202505;0;0;0;1;0;1;4;3
G1;170500080004;Conhecimento;202506;0;0;1;0;0;1;4;3
G1;170500080004;Conhecimento;202508;0;0;1;0;0;0;3;3
G1;170500080005;Execução Judicial;202304;0;1;0;0;0;1;0;0
G1;170500080005;Execução Judicial;202308;0;0;1;0;0;1;1;0
G1;170500080005;Conhecimento;202311;0;0;0;1;0;0;0;1
G1;170500080005;Conhecimento;202507;0;0;1;1;0;0;1;1
G1;170500080005;Conhecimento;202508;0;0;0;1;0;0;1;2
G1;170500080005;Conhecimento;202509;0;0;1;1;0;0;2;3
G1;170500080005;Conhecimento;202510;0;0;2;0;0;0;4;3
G1;170510010205;Execução de Título Extrajudicial;202301;5;0;0;17;5;0;0;17
G1;170510010205;Conhecimento;202301;34;7;5;85;34;7;5;85
G1;170510010205;Execução Judicial;202301;8;0;0;12;8;0;0;12
G1;170510010205;Conhecimento;202302;78;2;1;64;112;9;6;149
G1;170510010205;Execução de Título Extrajudicial;202302;11;5;4;12;16;5;4;29
G1;170510010205;Execução Judicial;202302;13;0;0;14;21;0;0;26
G1;170510010205;Execução de Título Extrajudicial;202303;10;1;1;18;26;6;5;47
G1;170510010205;Execução Judicial;202303;18;0;0;20;39;0;0;46
G1;170510010205;Conhecimento;202303;96;2;3;93;208;11;9;242
G1;170510010205;Execução Judicial;202304;10;0;0;11;49;0;0;57
G1;170510010205;Conhecimento;202304;73;3;2;90;281;14;11;332
G1;170510010205;Execução de Título Extrajudicial;202304;9;0;0;6;35;6;5;53
G1;170510010205;Conhecimento;202305;92;1;2;97;373;15;13;429
G1;170510010205;Execução Judicial;202305;15;0;0;11;64;0;0;68
G1;170510010205;Execução de Título Extrajudicial;202305;10;1;0;13;45;7;5;66
G1;170510010205;Execução de Título Extrajudicial;202306;10;0;0;15;55;7;5;81
G1;170510010205;Conhecimento;202306;81;2;3;78;454;17;16;507
G1;170510010205;Execução Judicial;202306;21;0;0;22;85;0;0;90
G1;170510010205;Conhecimento;202307;66;6;4;89;520;23;20;596
G1;170510010205;Execução de Título Extrajudicial;202307;3;0;0;13;58;7;5;94
G1;170510010205;Execução Judicial;202307;9;0;0;18;94;0;0;108
G1;170510010205;Execução de Título Extrajudicial;202308;11;0;0;20;69;7;5;114
G1;170510010205;Execução Judicial;202308;11;0;1;14;105;0;1;122
G1;170510010205;Conhecimento;202308;84;5;1;86;604;28;21;682
G1;170510010205;Conhecimento;202309;60;2;1;93;664;30;22;775
G1;170510010205;Execução Judicial;202309;6;0;0;25;111;0;1;147
G1;170510010205;Execução de Título Extrajudicial;202309;7;1;0;10;76;8;5;124
G1;170510010205;Conhecimento;202310;81;3;3;99;745;33;25;874
G1;170510010205;Execução Judicial;202310;45;0;0;27;156;0;1;174
G1;170510010205;Execução de Título Extrajudicial;202310;36;0;0;21;112;8;5;145
G1;170510010205;Execução de Título Extrajudicial;202311;13;1;0;7;125;9;5;152
G1;170510010205;Execução Judicial;202311;21;0;0;19;177;0;1;193
G1;170510010205;Conhecimento;202311;89;7;3;104;834;40;28;978
G1;170510010205;Execução Judicial;202312;18;0;0;21;195;0;1;214
G1;170510010205;Conhecimento;202312;81;3;0;59;915;43;28;1037
G1;170510010205;Execução de Título Extrajudicial;202312;8;0;0;8;133;9;5;160
G1;170510010205;Execução Judicial;202401;4;0;0;14;191;0;1;216
G1;170510010205;Execução de Título Extrajudicial;202401;3;1;0;12;131;10;5;155
G1;170510010205;Conhecimento;202401;27;6;9;107;908;42;32;1059
G1;170510010205;Execução de Título Extrajudicial;202402;6;0;0;9;126;5;1;152
G1;170510010205;Execução Judicial;202402;10;0;0;3;188;0;1;205
G1;170510010205;Conhecimento;202402;74;5;6;97;904;45;37;1092
G1;170510010205;Conhecimento;202403;70;2;5;114;878;45;39;1113
G1;170510010205;Execução de Título Extrajudicial;202403;5;0;0;12;121;4;0;146
G1;170510010205;Execução Judicial;202403;6;1;1;7;176;1;2;192
G1;170510010205;Execução Judicial;202404;7;0;0;17;173;1;2;198
G1;170510010205;Conhecimento;202404;79;5;2;98;884;47;39;1121
G1;170510010205;Execução de Título Extrajudicial;202404;3;0;0;17;115;4;0;157
G1;170510010205;Execução Judicial;202405;4;0;0;3;162;1;2;190
G1;170510010205;Conhecimento;202405;56;4;5;90;848;50;42;1114
G1;170510010205;Execução de Título Extrajudicial;202405;6;0;0;13;111;3;0;157
G1;170510010205;Conhecimento;202406;60;4;9;104;827;52;48;1140
G1;170510010205;Execução de Título Extrajudicial;202406;6;0;1;15;107;3;1;157
G1;170510010205;Execução Judicial;202406;9;0;0;16;150;1;2;184
G1;170510010205;Conhecimento;202407;95;9;12;149;856;55;56;1200
G1;170510010205;Execução de Título Extrajudicial;202407;12;4;4;16;116;7;5;160
G1;170510010205;Execução Judicial;202407;29;3;0;20;170;4;2;186
G1;170510010205;Conhecimento;202408;56;3;6;136;828;53;61;1250
G1;170510010205;Execução Judicial;202408;11;0;0;11;170;4;1;183
G1;170510010205;Execução de Título Extrajudicial;202408;10;0;0;11;115;7;5;151
G1;170510010205;Conhecimento;202409;76;2;6;120;844;53;66;1277
G1;170510010205;Execução de Título Extrajudicial;202409;6;0;0;8;114;6;5;149
G1;170510010205;Execução Judicial;202409;7;1;0;15;171;5;1;173
G1;170510010205;Conhecimento;202410;97;1;6;123;860;51;69;1301
G1;170510010205;Execução Judicial;202410;8;0;0;25;134;5;1;171
G1;170510010205;Execução de Título Extrajudicial;202410;7;0;0;18;85;6;5;146
G1;170510010205;Conhecimento;202411;76;0;1;106;847;44;67;1303
G1;170510010205;Execução de Título Extrajudicial;202411;3;0;0;10;75;5;5;149
G1;170510010205;Execução Judicial;202411;10;1;1;41;123;6;2;193
G1;170510010205;Execução Judicial;202412;19;0;0;24;124;6;2;196
G1;170510010205;Conhecimento;202412;112;2;2;67;878;43;69;1311
G1;170510010205;Execução de Título Extrajudicial;202412;19;1;0;8;86;6;5;149
G1;170510010205;Conhecimento;202501;56;1;3;97;907;38;63;1301
G1;170510010205;Execução Judicial;202501;8;0;0;13;128;6;2;195
G1;170510010205;Execução de Título Extrajudicial;202501;4;1;0;16;87;6;5;153
G1;170510010205;Conhecimento;202502;85;4;7;90;918;37;64;1294
G1;170510010205;Execução de Título Extrajudicial;202502;4;0;0;12;85;6;5;156
G1;170510010205;Execução Judicial;202502;6;0;0;10;124;6;2;202
G1;170510010205;Execução de Título Extrajudicial;202503;1;0;0;15;81;6;5;159
G1;170510010205;Execução Judicial;202503;7;0;0;9;125;5;1;204
G1;170510010205;Conhecimento;202503;81;3;10;102;929;38;69;1282
G1;170510010205;Execução Judicial;202504;18;0;0;18;136;5;1;205
G1;170510010205;Execução de Título Extrajudicial;202504;7;2;0;7;85;8;5;149
G1;170510010205;Conhecimento;202504;68;8;10;101;918;41;77;1285
G1;170510010205;Execução Judicial;202505;13;0;0;12;145;5;1;214
G1;170510010205;Execução de Título Extrajudicial;202505;23;0;0;10;102;8;5;146
G1;170510010205;Conhecimento;202505;96;3;4;91;958;40;76;1286
G1;170510010205;Execução Judicial;202506;78;0;0;44;214;5;1;242
G1;170510010205;Conhecimento;202506;139;6;18;105;1037;42;85;1287
G1;170510010205;Execução de Título Extrajudicial;202506;79;0;0;13;175;8;4;144
G1;170510010205;Execução de Título Extrajudicial;202507;9;1;1;12;172;5;1;140
G1;170510010205;Execução Judicial;202507;21;0;0;46;206;2;1;268
G1;170510010205;Conhecimento;202507;166;4;9;114;1108;37;82;1252
G1;170510010205;Execução de Título Extrajudicial;202508;7;0;0;18;169;5;1;147
G1;170510010205;Conhecimento;202508;62;0;7;99;1114;34;83;1215
G1;170510010205;Execução Judicial;202508;7;0;0;28;202;2;1;285
G1;170510010205;Conhecimento;202509;75;1;0;112;1113;33;77;1207
G1;170510010205;Execução de Título Extrajudicial;202509;6;0;0;12;169;5;1;151
G1;170510010205;Execução Judicial;202509;6;0;0;18;201;1;1;288
G1;170510010205;Execução Judicial;202510;10;1;0;41;203;2;1;304
G1;170510010205;Execução de Título Extrajudicial;202510;10;0;0;8;172;5;1;141
G1;170510010205;Conhecimento;202510;120;3;3;89;1136;35;74;1173
G1;170510010205;Execução de Título Extrajudicial;202511;12;0;0;17;181;5;1;148
G1;170510010205;Execução Judicial;202511;44;0;2;53;237;1;2;316
G1;170510010205;Conhecimento;202511;87;4;5;73;1147;39;78;1140
G1;170510010205;Execução de Título Extrajudicial;202512;7;0;0;21;169;4;1;161
G1;170510010205;Execução Judicial;202512;15;3;4;32;233;4;6;324
G1;170510010205;Conhecimento;202512;50;9;9;59;1085;46;85;1132
G1;170510010205;Execução Judicial;202601;43;2;8;75;268;6;14;386
G1;170510010205;Execução de Título Extrajudicial;202601;7;0;0;14;172;3;1;159
G1;170510010205;Conhecimento;202601;76;8;10;75;1105;53;92;1110
G1;170510010205;Execução de Título Extrajudicial;202602;7;0;0;13;175;3;1;160
G1;170510010205;Conhecimento;202602;74;4;15;97;1094;53;100;1117
G1;170510010205;Execução Judicial;202602;49;15;14;95;311;21;28;471
G1;170510010205;Execução Judicial;202603;56;31;22;93;360;52;50;555
G1;170510010205;Conhecimento;202603;136;4;4;97;1149;54;94;1112
G1;170510010205;Execução de Título Extrajudicial;202603;13;1;0;20;187;4;1;165
G1;170510010205;Execução Judicial;202604;40;14;25;57;382;66;75;594
G1;170510010205;Conhecimento;202604;125;2;5;92;1206;48;89;1103
G1;170510010205;Execução de Título Extrajudicial;202604;9;0;0;16;189;2;1;174
G1;170510010205;Conhecimento;202605;80;7;9;94;1190;52;94;1106
G1;170510010205;Execução de Título Extrajudicial;202605;8;0;0;7;174;2;1;171
G1;170510010205;Execução Judicial;202605;53;28;15;30;422;94;90;612
G1;170510010205;Conhecimento;202606;111;2;4;53;1162;48;80;1054
G1;170510010205;Execução de Título Extrajudicial;202606;13;0;0;11;108;2;1;169
G1;170510010205;Execução Judicial;202606;37;31;8;33;381;125;98;601
G1;170520010919;Execução de Título Extrajudicial;202301;2;1;0;121;2;1;0;121
G1;170520010919;Conhecimento;202301;4;5;0;2;4;5;0;2
G1;170520010919;Execução Judicial;202301;0;0;0;1;0;0;0;1
G1;170520010919;Conhecimento;202302;2;6;1;4;6;11;1;6
G1;170520010919;Execução Judicial;202302;0;0;0;3;0;0;0;4
G1;170520010919;Execução de Título Extrajudicial;202302;166;0;0;49;168;1;0;170
G1;170520010919;Execução Judicial;202303;1;0;0;0;1;0;0;4
G1;170520010919;Conhecimento;202303;9;5;0;4;15;16;1;10
G1;170520010919;Execução de Título Extrajudicial;202303;140;0;0;122;308;1;0;292
G1;170520010919;Execução de Título Extrajudicial;202304;238;0;0;53;546;1;0;345
G1;170520010919;Execução Judicial;202304;2;0;0;2;3;0;0;6
G1;170520010919;Conhecimento;202304;11;4;0;3;26;20;1;13
G1;170520010919;Execução Judicial;202305;1;0;0;0;4;0;0;6
G1;170520010919;Execução de Título Extrajudicial;202305;128;1;0;5;674;2;0;350
G1;170520010919;Conhecimento;202305;3;1;0;2;29;21;1;15
G1;170520010919;Conhecimento;202306;29;0;0;4;58;21;1;19
G1;170520010919;Execução de Título Extrajudicial;202306;99;0;1;196;773;2;1;546
G1;170520010919;Execução Judicial;202306;3;0;0;0;7;0;0;6
G1;170520010919;Execução Judicial;202307;0;0;0;2;7;0;0;8
G1;170520010919;Execução de Título Extrajudicial;202307;34;1;0;119;807;3;1;665
G1;170520010919;Conhecimento;202307;25;1;0;2;83;22;1;21
G1;170520010919;Execução Judicial;202308;0;0;0;2;7;0;0;10
G1;170520010919;Conhecimento;202308;9;5;1;5;92;27;2;26
G1;170520010919;Execução de Título Extrajudicial;202308;75;0;0;17;882;3;1;682
G1;170520010919;Conhecimento;202309;8;2;1;4;100;29;3;30
G1;170520010919;Execução Judicial;202309;1;0;0;9;8;0;0;19
G1;170520010919;Execução de Título Extrajudicial;202309;82;4;0;66;964;7;1;748
G1;170520010919;Execução Judicial;202310;1;0;0;2;9;0;0;21
G1;170520010919;Execução de Título Extrajudicial;202310;23;0;0;31;987;7;1;779
G1;170520010919;Conhecimento;202310;35;2;0;5;135;31;3;35
G1;170520010919;Execução de Título Extrajudicial;202311;37;0;0;57;1024;7;1;836
G1;170520010919;Execução Judicial;202311;0;0;0;0;9;0;0;21
G1;170520010919;Conhecimento;202311;6;2;0;6;141;33;3;41
G1;170520010919;Conhecimento;202312;6;3;0;2;147;36;3;43
G1;170520010919;Execução de Título Extrajudicial;202312;168;0;0;7;1192;7;1;843
G1;170520010919;Execução Judicial;202312;2;0;0;0;11;0;0;21
G1;170520010919;Execução Judicial;202401;0;0;0;0;11;0;0;20
G1;170520010919;Conhecimento;202401;41;5;1;1;184;36;4;42
G1;170520010919;Execução de Título Extrajudicial;202401;81;0;0;83;1271;6;1;805
G1;170520010919;Execução de Título Extrajudicial;202402;70;0;0;145;1175;6;1;901
G1;170520010919;Conhecimento;202402;2;2;1;7;184;32;4;45
G1;170520010919;Execução Judicial;202402;1;0;0;0;12;0;0;17
G1;170520010919;Execução Judicial;202403;0;0;0;0;11;0;0;17
G1;170520010919;Execução de Título Extrajudicial;202403;87;0;0;3;1122;6;1;782
G1;170520010919;Conhecimento;202403;2;2;0;4;177;29;4;45
G1;170520010919;Conhecimento;202404;31;3;0;3;197;28;4;45
G1;170520010919;Execução Judicial;202404;4;0;0;0;13;0;0;15
G1;170520010919;Execução de Título Extrajudicial;202404;446;2;1;8;1330;8;2;737
G1;170520010919;Conhecimento;202405;7;2;0;5;201;29;4;48
G1;170520010919;Execução Judicial;202405;1;0;0;2;13;0;0;17
G1;170520010919;Execução de Título Extrajudicial;202405;42;0;0;530;1244;7;2;1262
G1;170520010919;Execução Judicial;202406;2;0;0;0;12;0;0;17
G1;170520010919;Conhecimento;202406;14;1;0;2;186;30;4;46
G1;170520010919;Execução de Título Extrajudicial;202406;180;0;2;6;1325;7;3;1072
G1;170520010919;Execução de Título Extrajudicial;202407;990;0;5;0;2281;6;8;953
G1;170520010919;Conhecimento;202407;3;1;0;3;164;30;4;47
G1;170520010919;Execução Judicial;202407;9;0;0;1;21;0;0;16
G1;170520010919;Execução de Título Extrajudicial;202408;806;0;0;134;3012;6;8;1070
G1;170520010919;Execução Judicial;202408;1;0;0;1;22;0;0;15
G1;170520010919;Conhecimento;202408;14;4;0;6;169;29;3;48
G1;170520010919;Conhecimento;202409;28;4;0;4;189;31;2;48
G1;170520010919;Execução Judicial;202409;5;0;0;6;26;0;0;12
G1;170520010919;Execução de Título Extrajudicial;202409;194;0;0;0;3124;2;8;1004
G1;170520010919;Execução de Título Extrajudicial;202410;124;0;0;0;3225;2;8;973
G1;170520010919;Execução Judicial;202410;2;0;0;1;27;0;0;11
G1;170520010919;Conhecimento;202410;4;1;0;3;158;30;2;46
G1;170520010919;Execução Judicial;202411;1;0;0;1;28;0;0;12
G1;170520010919;Execução de Título Extrajudicial;202411;63;0;3;0;3251;2;11;916
G1;170520010919;Conhecimento;202411;3;7;0;0;155;35;2;40
G1;170520010919;Conhecimento;202412;35;2;0;2;184;34;2;40
G1;170520010919;Execução Judicial;202412;3;0;0;7;29;0;0;19
G1;170520010919;Execução de Título Extrajudicial;202412;301;0;0;1;3384;2;11;910
G1;170520010919;Execução de Título Extrajudicial;202501;103;0;1;1;3406;2;12;828
G1;170520010919;Execução Judicial;202501;0;0;0;1;29;0;0;20
G1;170520010919;Conhecimento;202501;8;2;0;1;151;31;1;40
G1;170520010919;Execução Judicial;202502;3;0;0;3;31;0;0;23
G1;170520010919;Execução de Título Extrajudicial;202502;102;0;0;1;3438;2;12;684
G1;170520010919;Conhecimento;202502;9;1;0;0;158;30;0;33
G1;170520010919;Conhecimento;202503;5;0;0;2;161;28;0;31
G1;170520010919;Execução de Título Extrajudicial;202503;18;0;0;127;3369;2;12;808
G1;170520010919;Execução Judicial;202503;1;0;0;1;32;0;0;24
G1;170520010919;Execução Judicial;202504;3;0;0;4;31;0;0;28
G1;170520010919;Conhecimento;202504;25;0;0;7;155;25;0;35
G1;170520010919;Execução de Título Extrajudicial;202504;297;0;1;15;3220;0;12;815
G1;170520010919;Execução de Título Extrajudicial;202505;69;0;12;0;3247;0;24;285
G1;170520010919;Execução Judicial;202505;3;0;0;14;33;0;0;40
G1;170520010919;Conhecimento;202505;6;0;0;5;154;23;0;35
G1;170520010919;Execução Judicial;202506;2;0;0;3;33;0;0;43
G1;170520010919;Execução de Título Extrajudicial;202506;214;1;0;0;3281;1;22;279
G1;170520010919;Conhecimento;202506;14;0;1;3;154;22;1;36
G1;170520010919;Execução Judicial;202507;1;0;0;2;25;0;0;44
G1;170520010919;Execução de Título Extrajudicial;202507;152;1;0;0;2443;2;17;279
G1;170520010919;Conhecimento;202507;7;5;1;6;158;26;2;39
G1;170520010919;Execução de Título Extrajudicial;202508;139;0;2;316;1776;2;19;461
G1;170520010919;Execução Judicial;202508;7;8;10;0;31;8;10;43
G1;170520010919;Conhecimento;202508;11;1;0;1;155;23;2;34
G1;170520010919;Execução de Título Extrajudicial;202509;167;0;0;30;1749;2;19;491
G1;170520010919;Conhecimento;202509;8;1;2;12;135;20;4;42
G1;170520010919;Execução Judicial;202509;9;0;0;3;35;8;10;40
G1;170520010919;Execução Judicial;202510;1;0;0;2;34;8;10;41
G1;170520010919;Execução de Título Extrajudicial;202510;197;0;0;2;1822;2;19;493
G1;170520010919;Conhecimento;202510;9;2;0;5;140;21;4;44
G1;170520010919;Execução Judicial;202511;5;0;0;23;38;8;10;63
G1;170520010919;Execução de Título Extrajudicial;202511;131;0;0;0;1890;2;16;493
G1;170520010919;Conhecimento;202511;7;2;0;8;144;16;4;52
G1;170520010919;Conhecimento;202512;17;0;0;7;126;14;4;57
G1;170520010919;Execução Judicial;202512;2;0;0;4;37;8;10;60
G1;170520010919;Execução de Título Extrajudicial;202512;88;0;0;199;1677;2;16;691
G1;170520010919;Conhecimento;202601;0;1;0;2;118;13;4;58
G1;170520010919;Execução Judicial;202601;1;1;0;2;38;9;10;61
G1;170520010919;Execução de Título Extrajudicial;202601;162;1;0;0;1736;3;15;690
G1;170520010919;Execução de Título Extrajudicial;202602;168;0;0;132;1802;3;15;821
G1;170520010919;Execução Judicial;202602;2;7;0;6;37;16;10;64
G1;170520010919;Conhecimento;202602;16;1;0;0;125;13;4;58
G1;170520010919;Conhecimento;202603;14;2;2;3;134;15;6;59
G1;170520010919;Execução Judicial;202603;7;0;0;6;43;16;10;69
G1;170520010919;Execução de Título Extrajudicial;202603;90;1;0;8;1874;4;15;702
G1;170520010919;Execução Judicial;202604;5;0;1;2;45;16;11;67
G1;170520010919;Conhecimento;202604;20;2;0;7;129;17;6;59
G1;170520010919;Execução de Título Extrajudicial;202604;106;0;0;117;1683;4;14;804
G1;170520010919;Execução Judicial;202605;3;0;1;10;45;16;12;63
G1;170520010919;Conhecimento;202605;17;0;0;0;140;17;6;54
G1;170520010919;Execução de Título Extrajudicial;202605;155;0;0;87;1769;4;2;891
G1;170520010919;Conhecimento;202606;6;0;0;2;132;17;5;53
G1;170520010919;Execução de Título Extrajudicial;202606;27;12;12;47;1582;15;14;938
G1;170520010919;Execução Judicial;202606;8;4;2;0;51;20;14;60
G1;170530700015;Conhecimento;202301;0;1;4;2;0;1;4;2
G1;170530700015;Conhecimento;202302;0;2;1;0;0;3;5;2
G1;170530700015;Conhecimento;202303;0;4;2;2;0;7;7;4
G1;170530700015;Conhecimento;202304;0;0;3;0;0;7;10;4
G1;170530700015;Conhecimento;202305;0;3;3;0;0;10;13;4
G1;170530700015;Conhecimento;202306;0;0;1;0;0;10;14;4
G1;170530700015;Conhecimento;202308;0;2;0;0;0;12;14;4
G1;170530700015;Conhecimento;202309;0;1;1;0;0;13;15;4
G1;170530700015;Conhecimento;202310;0;0;4;0;0;13;19;4
G1;170530700015;Conhecimento;202401;0;1;1;0;0;13;16;2
G1;170530700015;Conhecimento;202402;0;1;0;0;0;12;15;2
G1;170530700015;Execução Judicial;202403;0;1;1;0;0;1;1;0
G1;170530700015;Conhecimento;202403;0;1;3;0;0;9;16;0
G1;170530700015;Conhecimento;202404;1;1;0;0;1;10;13;0
G1;170530700015;Conhecimento;202405;0;2;2;0;1;9;12;0
G1;170530700015;Conhecimento;202406;6;6;7;1;7;15;18;1
G1;170530700015;Conhecimento;202407;0;7;2;0;7;22;20;1
G1;170530700015;Conhecimento;202408;1;13;2;0;8;33;22;1
G1;170530700015;Conhecimento;202409;0;17;1;0;8;49;22;1
G1;170530700015;Conhecimento;202410;0;5;0;0;8;54;18;1
G1;170530700015;Conhecimento;202411;0;0;4;0;8;54;22;1
G1;170530700015;Conhecimento;202412;0;1;0;1;8;55;22;2
G1;170530700015;Conhecimento;202501;0;2;1;0;8;56;22;2
G1;170530700015;Conhecimento;202502;0;2;22;1;8;57;44;3
G1;170530700015;Conhecimento;202503;0;5;4;1;8;61;45;4
G1;170530700015;Conhecimento;202504;0;5;2;1;7;65;47;5
G1;170530700015;Conhecimento;202505;0;6;3;0;7;69;48;5
G1;170530700015;Conhecimento;202506;0;4;11;0;1;67;52;4
G1;170530700015;Conhecimento;202507;1;9;11;3;2;69;61;7
G1;170530700015;Conhecimento;202508;0;3;6;1;1;59;65;8
G1;170530700015;Execução Judicial;202508;0;8;0;1;0;8;0;1
G1;170530700015;Conhecimento;202509;0;1;0;0;1;43;64;8
G1;170530700015;Execução Judicial;202509;0;1;9;0;0;9;9;1
G1;170530700015;Conhecimento;202510;0;1;9;0;1;39;73;8
G1;170530700015;Conhecimento;202511;0;4;4;0;1;43;73;8
G1;170530700015;Conhecimento;202512;0;0;2;1;1;42;75;8
G1;170530700015;Conhecimento;202601;0;0;3;0;1;40;77;8
G1;170530700015;Execução Judicial;202601;0;0;2;2;0;9;11;3
G1;170530700015;Execução Judicial;202602;0;0;1;2;0;9;12;5
G1;170530700015;Conhecimento;202602;0;3;2;2;1;41;57;9
G1;170530700015;Execução Judicial;202603;0;1;2;0;0;10;14;5
G1;170530700015;Conhecimento;202603;0;0;4;1;1;36;57;9
G1;170530700015;Conhecimento;202604;0;0;1;1;1;31;56;9
G1;170530700015;Execução Judicial;202604;0;0;3;3;0;10;17;8
G1;170530700015;Conhecimento;202605;0;0;4;4;1;25;57;13
G1;170530700015;Execução Judicial;202606;0;1;3;2;0;11;20;10
G1;170530700015;Conhecimento;202606;0;0;3;2;1;21;49;15
G1;170540070001;Conhecimento;202301;32;3;3;39;32;3;3;39
G1;170540070001;Execução Judicial;202301;8;2;2;8;8;2;2;8
G1;170540070001;Execução de Título Extrajudicial;202301;5;0;0;7;5;0;0;7
G1;170540070001;Execução Judicial;202302;12;0;2;14;20;2;4;22
G1;170540070001;Conhecimento;202302;29;1;1;56;61;4;4;95
G1;170540070001;Execução de Título Extrajudicial;202302;0;0;0;1;5;0;0;8
G1;170540070001;Execução Judicial;202303;26;1;0;31;46;3;4;53
G1;170540070001;Conhecimento;202303;89;0;0;58;150;4;4;153
G1;170540070001;Execução de Título Extrajudicial;202303;1;0;0;2;6;0;0;10
G1;170540070001;Conhecimento;202304;64;1;1;77;214;5;5;230
G1;170540070001;Execução de Título Extrajudicial;202304;9;0;0;1;15;0;0;11
G1;170540070001;Execução Judicial;202304;14;3;3;32;60;6;7;85
G1;170540070001;Execução Judicial;202305;17;0;0;25;77;6;7;110
G1;170540070001;Conhecimento;202305;69;1;0;55;283;6;5;285
G1;170540070001;Execução de Título Extrajudicial;202305;7;0;0;1;22;0;0;12
G1;170540070001;Conhecimento;202306;113;2;3;70;396;8;8;355
G1;170540070001;Execução de Título Extrajudicial;202306;1;0;0;3;23;0;0;15
G1;170540070001;Execução Judicial;202306;24;1;0;14;101;7;7;124
G1;170540070001;Execução Judicial;202307;23;0;0;20;124;7;7;144
G1;170540070001;Execução de Título Extrajudicial;202307;2;0;0;15;25;0;0;30
G1;170540070001;Conhecimento;202307;97;1;0;43;493;9;8;398
G1;170540070001;Execução de Título Extrajudicial;202308;6;0;0;1;31;0;0;31
G1;170540070001;Execução Judicial;202308;24;0;0;27;148;7;7;171
G1;170540070001;Conhecimento;202308;103;1;1;45;596;10;9;443
G1;170540070001;Execução de Título Extrajudicial;202309;0;4;0;2;31;4;0;33
G1;170540070001;Conhecimento;202309;34;1;0;56;630;11;9;499
G1;170540070001;Execução Judicial;202309;12;0;0;32;160;7;7;203
G1;170540070001;Execução de Título Extrajudicial;202310;0;1;0;1;31;5;0;34
G1;170540070001;Execução Judicial;202310;32;1;0;33;192;8;7;236
G1;170540070001;Conhecimento;202310;68;3;2;60;698;14;11;559
G1;170540070001;Conhecimento;202311;51;2;2;63;749;16;13;622
G1;170540070001;Execução de Título Extrajudicial;202311;2;0;0;4;33;5;0;38
G1;170540070001;Execução Judicial;202311;31;0;0;9;223;8;7;245
G1;170540070001;Execução de Título Extrajudicial;202312;3;1;0;1;36;6;0;39
G1;170540070001;Conhecimento;202312;61;1;1;36;810;17;14;658
G1;170540070001;Execução Judicial;202312;24;3;2;9;247;11;9;254
G1;170540070001;Execução Judicial;202401;9;0;0;15;248;9;7;261
G1;170540070001;Execução de Título Extrajudicial;202401;3;0;0;3;34;6;0;35
G1;170540070001;Conhecimento;202401;33;1;0;30;811;15;11;649
G1;170540070001;Execução de Título Extrajudicial;202402;2;0;0;2;36;6;0;36
G1;170540070001;Conhecimento;202402;42;3;2;50;824;17;12;643
G1;170540070001;Execução Judicial;202402;28;0;0;10;264;9;5;257
G1;170540070001;Conhecimento;202403;49;0;0;50;784;17;12;635
G1;170540070001;Execução Judicial;202403;24;0;1;13;262;8;6;239
G1;170540070001;Execução de Título Extrajudicial;202403;0;0;0;0;35;6;0;34
G1;170540070001;Execução de Título Extrajudicial;202404;2;0;0;0;28;6;0;33
G1;170540070001;Execução Judicial;202404;18;0;0;26;266;5;3;233
G1;170540070001;Conhecimento;202404;76;4;0;94;796;20;11;652
G1;170540070001;Conhecimento;202405;71;1;0;78;798;20;11;675
G1;170540070001;Execução Judicial;202405;15;1;0;32;264;6;3;240
G1;170540070001;Execução de Título Extrajudicial;202405;4;0;0;1;25;6;0;33
G1;170540070001;Conhecimento;202406;67;0;0;60;752;18;8;665
G1;170540070001;Execução Judicial;202406;22;0;0;22;262;5;3;248
G1;170540070001;Execução de Título Extrajudicial;202406;8;0;0;2;32;6;0;32
G1;170540070001;Execução de Título Extrajudicial;202407;8;0;0;9;38;6;0;26
G1;170540070001;Execução Judicial;202407;34;4;1;23;273;9;4;251
G1;170540070001;Conhecimento;202407;116;2;0;74;771;19;8;696
G1;170540070001;Conhecimento;202408;80;3;2;93;748;21;9;744
G1;170540070001;Execução de Título Extrajudicial;202408;4;0;0;4;36;6;0;29
G1;170540070001;Execução Judicial;202408;32;2;0;54;281;11;4;278
G1;170540070001;Conhecimento;202409;72;1;0;62;786;21;9;750
G1;170540070001;Execução de Título Extrajudicial;202409;6;0;0;1;42;2;0;28
G1;170540070001;Execução Judicial;202409;32;0;0;29;301;11;4;275
G1;170540070001;Execução de Título Extrajudicial;202410;6;0;0;4;48;1;0;31
G1;170540070001;Conhecimento;202410;42;3;1;35;760;21;8;725
G1;170540070001;Execução Judicial;202410;26;0;0;15;295;10;4;257
G1;170540070001;Execução Judicial;202411;11;2;1;23;275;12;5;271
G1;170540070001;Execução de Título Extrajudicial;202411;1;0;0;0;47;1;0;27
G1;170540070001;Conhecimento;202411;88;2;1;50;797;21;7;712
G1;170540070001;Conhecimento;202412;69;0;0;64;805;20;6;740
G1;170540070001;Execução de Título Extrajudicial;202412;2;1;0;2;46;1;0;28
G1;170540070001;Execução Judicial;202412;49;3;2;23;300;12;5;285
G1;170540070001;Execução Judicial;202501;10;0;0;4;301;12;5;274
G1;170540070001;Conhecimento;202501;22;5;0;42;794;24;6;752
G1;170540070001;Execução de Título Extrajudicial;202501;2;0;0;0;45;1;0;25
G1;170540070001;Execução de Título Extrajudicial;202502;1;0;0;3;44;1;0;26
G1;170540070001;Execução Judicial;202502;27;1;2;30;300;13;7;294
G1;170540070001;Conhecimento;202502;55;3;2;44;807;24;6;746
G1;170540070001;Conhecimento;202503;55;1;0;52;813;25;6;748
G1;170540070001;Execução de Título Extrajudicial;202503;1;0;0;6;45;1;0;32
G1;170540070001;Execução Judicial;202503;23;1;0;31;299;14;6;312
G1;170540070001;Execução de Título Extrajudicial;202504;9;0;0;0;52;1;0;32
G1;170540070001;Execução Judicial;202504;23;4;2;30;304;18;8;316
G1;170540070001;Conhecimento;202504;76;0;0;43;813;21;6;697
G1;170540070001;Execução Judicial;202505;34;3;4;44;323;20;12;328
G1;170540070001;Execução de Título Extrajudicial;202505;5;0;0;0;53;1;0;31
G1;170540070001;Conhecimento;202505;59;1;1;79;801;21;7;698
G1;170540070001;Execução de Título Extrajudicial;202506;7;0;0;1;52;1;0;30
G1;170540070001;Execução Judicial;202506;38;0;0;30;339;20;12;336
G1;170540070001;Conhecimento;202506;61;2;0;71;795;23;7;709
G1;170540070001;Execução de Título Extrajudicial;202507;8;0;0;2;52;1;0;23
G1;170540070001;Execução Judicial;202507;47;2;2;38;352;18;13;351
G1;170540070001;Conhecimento;202507;102;1;1;61;781;22;8;696
G1;170540070001;Execução de Título Extrajudicial;202508;4;0;0;6;52;1;0;25
G1;170540070001;Execução Judicial;202508;13;2;2;26;333;18;15;323
G1;170540070001;Conhecimento;202508;59;1;0;63;760;20;6;666
G1;170540070001;Execução de Título Extrajudicial;202509;13;0;0;0;59;1;0;24
G1;170540070001;Conhecimento;202509;93;0;0;99;781;19;6;703
G1;170540070001;Execução Judicial;202509;27;5;6;57;328;23;21;351
G1;170540070001;Execução Judicial;202510;39;2;2;35;341;25;23;371
G1;170540070001;Execução de Título Extrajudicial;202510;10;1;0;0;63;2;0;20
G1;170540070001;Conhecimento;202510;95;2;0;78;834;18;5;746
G1;170540070001;Execução Judicial;202511;19;1;0;29;349;24;22;377
G1;170540070001;Execução de Título Extrajudicial;202511;3;0;0;0;65;2;0;20
G1;170540070001;Conhecimento;202511;60;1;1;71;806;17;5;767
G1;170540070001;Conhecimento;202512;56;1;2;71;793;18;7;774
G1;170540070001;Execução Judicial;202512;35;0;1;34;335;21;21;388
G1;170540070001;Execução de Título Extrajudicial;202512;3;0;0;2;66;1;0;20
G1;170540070001;Execução de Título Extrajudicial;202601;1;0;0;1;65;1;0;21
G1;170540070001;Execução Judicial;202601;17;0;0;20;342;21;21;404
G1;170540070001;Conhecimento;202601;17;1;0;48;788;14;7;780
G1;170540070001;Execução de Título Extrajudicial;202602;1;0;0;0;65;1;0;18
G1;170540070001;Conhecimento;202602;31;1;1;50;764;12;6;786
G1;170540070001;Execução Judicial;202602;27;0;0;35;342;20;19;409
G1;170540070001;Conhecimento;202603;73;3;0;106;782;14;6;840
G1;170540070001;Execução Judicial;202603;37;1;0;46;356;20;19;424
G1;170540070001;Execução de Título Extrajudicial;202603;4;0;0;0;68;1;0;12
G1;170540070001;Execução Judicial;202604;18;0;0;42;351;16;17;436
G1;170540070001;Execução de Título Extrajudicial;202604;3;0;0;1;62;1;0;13
G1;170540070001;Conhecimento;202604;63;3;2;93;769;17;8;890
G1;170540070001;Execução de Título Extrajudicial;202605;3;0;0;3;60;1;0;16
G1;170540070001;Conhecimento;202605;47;1;0;93;757;17;7;904
G1;170540070001;Execução Judicial;202605;27;1;1;36;344;14;14;428
G1;170540070001;Conhecimento;202606;40;0;0;64;736;15;7;897
G1;170540070001;Execução Judicial;202606;21;0;0;34;327;14;14;432
G1;170540070001;Execução de Título Extrajudicial;202606;1;0;0;3;54;1;0;18
G1;170540070002;Conhecimento;202301;2;0;0;14;2;0;0;14
G1;170540070002;Execução Judicial;202301;0;0;0;0;0;0;0;0
G1;170540070002;Execução Judicial;202302;0;0;0;0;0;0;0;0
G1;170540070002;Conhecimento;202302;22;0;0;14;24;0;0;28
G1;170540070002;Execução Judicial;202303;0;0;0;0;0;0;0;0
G1;170540070002;Conhecimento;202303;6;1;1;24;30;1;1;52
G1;170540070002;Conhecimento;202304;26;0;0;11;56;1;1;63
G1;170540070002;Execução Judicial;202304;0;0;0;0;0;0;0;0
G1;170540070002;Execução Judicial;202305;0;0;0;0;0;0;0;0
G1;170540070002;Conhecimento;202305;21;1;0;16;77;2;1;79
G1;170540070002;Execução Judicial;202306;0;0;0;0;0;0;0;0
G1;170540070002;Conhecimento;202306;17;0;0;26;94;2;1;105
G1;170540070002;Conhecimento;202307;11;2;2;18;105;4;3;123
G1;170540070002;Execução Judicial;202307;0;0;0;0;0;0;0;0
G1;170540070002;Conhecimento;202308;15;2;0;23;120;6;3;146
G1;170540070002;Execução Judicial;202308;0;0;0;0;0;0;0;0
G1;170540070002;Execução Judicial;202309;0;0;0;0;0;0;0;0
G1;170540070002;Conhecimento;202309;12;3;4;29;132;9;7;175
G1;170540070002;Conhecimento;202310;6;0;0;34;138;9;7;209
G1;170540070002;Execução de Título Extrajudicial;202310;0;0;1;1;0;0;1;1
G1;170540070002;Execução Judicial;202310;0;0;0;0;0;0;0;0
G1;170540070002;Execução Judicial;202311;0;0;0;0;0;0;0;0
G1;170540070002;Conhecimento;202311;16;1;1;33;154;10;8;242
G1;170540070002;Conhecimento;202312;31;4;4;17;185;14;12;259
G1;170540070002;Execução Judicial;202312;0;0;0;0;0;0;0;0
G1;170540070002;Conhecimento;202401;15;8;8;45;198;22;20;290
G1;170540070002;Execução Judicial;202401;0;0;0;0;0;0;0;0
G1;170540070002;Conhecimento;202402;47;3;3;27;223;25;23;303
G1;170540070002;Execução Judicial;202402;0;0;0;0;0;0;0;0
G1;170540070002;Execução Judicial;202403;0;0;0;0;0;0;0;0
G1;170540070002;Conhecimento;202403;11;0;0;26;228;24;22;305
G1;170540070002;Conhecimento;202404;28;1;1;29;230;25;23;323
G1;170540070002;Execução Judicial;202404;0;0;0;0;0;0;0;0
G1;170540070002;Execução Judicial;202405;0;0;0;0;0;0;0;0
G1;170540070002;Conhecimento;202405;21;3;2;44;230;27;25;351
G1;170540070002;Execução Judicial;202406;0;0;0;0;0;0;0;0
G1;170540070002;Conhecimento;202406;40;1;1;36;253;28;26;361
G1;170540070002;Execução Judicial;202407;0;0;0;0;0;0;0;0
G1;170540070002;Conhecimento;202407;35;0;0;13;277;26;24;356
G1;170540070002;Conhecimento;202408;9;2;2;31;271;26;26;364
G1;170540070002;Execução Judicial;202408;0;0;0;0;0;0;0;0
G1;170540070002;Conhecimento;202409;44;2;2;17;303;25;24;352
G1;170540070002;Execução Judicial;202409;0;0;0;0;0;0;0;0
G1;170540070002;Conhecimento;202410;32;4;4;22;329;29;28;340
G1;170540070002;Execução Judicial;202410;0;0;0;0;0;0;0;0
G1;170540070002;Conhecimento;202411;15;3;0;12;328;31;27;319
G1;170540070002;Execução Judicial;202411;0;0;0;0;0;0;0;0
G1;170540070002;Execução Judicial;202412;0;0;0;0;0;0;0;0
G1;170540070002;Conhecimento;202412;9;0;0;9;306;27;23;311
G1;170540070002;Execução Judicial;202501;0;0;0;0;0;0;0;0
G1;170540070002;Conhecimento;202501;24;6;1;13;315;25;16;279
G1;170540070002;Execução Judicial;202502;0;0;0;0;0;0;0;0
G1;170540070002;Conhecimento;202502;9;1;0;25;277;23;13;277
G1;170540070002;Conhecimento;202503;15;5;0;11;281;28;13;262
G1;170540070002;Execução Judicial;202503;0;0;0;0;0;0;0;0
G1;170540070002;Conhecimento;202504;15;2;0;12;268;29;12;245
G1;170540070002;Execução Judicial;202504;0;0;0;0;0;0;0;0
G1;170540070002;Execução Judicial;202505;0;0;0;0;0;0;0;0
G1;170540070002;Conhecimento;202505;26;2;1;8;273;28;11;209
G1;170540070002;Conhecimento;202506;25;5;0;20;258;32;10;193
G1;170540070002;Execução Judicial;202506;0;0;0;0;0;0;0;0
G1;170540070002;Conhecimento;202507;68;3;1;13;291;35;11;193
G1;170540070002;Execução Judicial;202507;0;0;0;0;0;0;0;0
G1;170540070002;Conhecimento;202508;27;12;0;10;309;45;9;172
G1;170540070002;Execução Judicial;202508;0;0;0;0;0;0;0;0
G1;170540070002;Execução Judicial;202509;0;0;0;0;0;0;0;0
G1;170540070002;Conhecimento;202509;15;5;0;11;280;48;7;166
G1;170540070002;Conhecimento;202510;32;6;1;22;280;50;4;166
G1;170540070002;Execução Judicial;202510;0;0;0;0;0;0;0;0
G1;170540070002;Execução Judicial;202511;0;0;0;0;0;0;0;0
G1;170540070002;Conhecimento;202511;13;2;0;12;278;49;4;166
G1;170540070002;Execução Judicial;202512;0;0;0;0;0;0;0;0
G1;170540070002;Conhecimento;202512;19;4;0;16;288;53;4;173
G1;170540070002;Conhecimento;202601;15;6;0;16;279;53;3;176
G1;170540070002;Execução Judicial;202601;0;0;0;0;0;0;0;0
G1;170540070002;Conhecimento;202602;5;4;0;10;275;56;3;161
G1;170540070002;Execução Judicial;202602;0;0;0;0;0;0;0;0
G1;170540070002;Conhecimento;202603;2;2;0;20;262;53;3;170
G1;170540070002;Execução Judicial;202603;0;0;0;0;0;0;0;0
G1;170540070002;Conhecimento;202604;14;0;0;13;261;51;3;171
G1;170540070002;Execução Judicial;202604;0;0;0;0;0;0;0;0
G1;170540070002;Conhecimento;202605;17;2;4;12;252;51;6;175
G1;170540070002;Execução Judicial;202605;0;0;0;0;0;0;0;0
G1;170540070002;Conhecimento;202606;17;2;3;8;244;48;9;163
G1;170540070002;Execução Judicial;202606;0;0;0;0;0;0;0;0
G1;170540070003;Execução de Título Extrajudicial;202303;0;0;0;1;0;0;0;1
G1;170540070003;Execução de Título Extrajudicial;202308;0;0;0;4;0;0;0;5
G1;170540070003;Execução de Título Extrajudicial;202309;0;0;4;0;0;0;4;5
G1;170540070003;Execução de Título Extrajudicial;202312;0;0;1;0;0;0;5;5
G1;170540070003;Execução de Título Extrajudicial;202410;0;0;0;1;0;0;1;1
G1;170540070003;Execução de Título Extrajudicial;202412;0;0;1;0;0;0;1;1
G1;170540070003;Conhecimento;202505;0;0;0;1;0;0;0;1
G1;170540070003;Conhecimento;202506;0;0;1;0;0;0;1;1
G1;170540070003;Execução de Título Extrajudicial;202508;0;0;0;1;0;0;1;2
G1;170540070003;Execução de Título Extrajudicial;202510;0;0;1;0;0;0;2;1
G1;170540070003;Conhecimento;202603;0;0;0;1;0;0;1;2
G1;170540070003;Conhecimento;202604;0;0;1;0;0;0;2;2
G1;170540070004;Conhecimento;202404;0;0;0;2;0;0;0;2
G1;170540070004;Conhecimento;202405;0;0;1;0;0;0;1;2
G1;170540070004;Conhecimento;202504;0;0;0;1;0;0;1;1
G1;170540070004;Conhecimento;202505;0;0;1;0;0;0;1;1
G1;170540070004;Conhecimento;202506;0;0;1;0;0;0;2;1
G1;170540070012;Conhecimento;202301;0;0;1;1;0;0;1;1
G1;170540070012;Execução Judicial;202401;0;0;0;1;0;0;0;1
G1;170540070012;Execução Judicial;202404;0;0;0;1;0;0;0;2
G1;170540070012;Execução Judicial;202405;0;0;1;0;0;0;1;2
G1;170540070012;Execução Judicial;202408;0;0;1;0;0;0;2;2
G1;335470170001;Conhecimento;202301;3;3;3;6;3;3;3;6
G1;335470170001;Execução de Título Extrajudicial;202301;0;0;0;0;0;0;0;0
G1;335470170001;Execução Judicial;202301;6;0;0;2;6;0;0;2
G1;335470170001;Execução Judicial;202302;2;0;0;2;8;0;0;4
G1;335470170001;Conhecimento;202302;5;0;1;5;8;3;4;11
G1;335470170001;Execução de Título Extrajudicial;202302;0;0;0;0;0;0;0;0
G1;335470170001;Execução de Título Extrajudicial;202303;0;0;0;0;0;0;0;0
G1;335470170001;Conhecimento;202303;11;0;0;7;19;3;4;18
G1;335470170001;Execução Judicial;202303;4;0;0;5;12;0;0;9
G1;335470170001;Execução Judicial;202304;4;0;0;2;16;0;0;11
G1;335470170001;Execução de Título Extrajudicial;202304;0;0;0;0;0;0;0;0
G1;335470170001;Conhecimento;202304;8;0;0;14;27;3;4;32
G1;335470170001;Execução de Título Extrajudicial;202305;0;0;0;0;0;0;0;0
G1;335470170001;Conhecimento;202305;20;2;1;6;47;5;5;38
G1;335470170001;Execução Judicial;202305;7;2;2;5;23;2;2;16
G1;335470170001;Execução de Título Extrajudicial;202306;0;0;0;1;0;0;0;1
G1;335470170001;Execução Judicial;202306;0;0;0;0;23;2;2;16
G1;335470170001;Conhecimento;202306;24;0;1;4;71;5;6;42
G1;335470170001;Execução Judicial;202307;3;1;0;0;26;3;2;16
G1;335470170001;Conhecimento;202307;12;1;0;2;83;6;6;44
G1;335470170001;Execução de Título Extrajudicial;202307;0;0;0;2;0;0;0;3
G1;335470170001;Execução de Título Extrajudicial;202308;0;0;0;1;0;0;0;4
G1;335470170001;Conhecimento;202308;10;0;0;24;93;6;6;68
G1;335470170001;Execução Judicial;202308;2;0;0;7;28;3;2;23
G1;335470170001;Execução Judicial;202309;3;0;0;7;31;3;2;30
G1;335470170001;Conhecimento;202309;19;1;0;23;112;7;6;91
G1;335470170001;Execução de Título Extrajudicial;202309;1;0;0;0;1;0;0;4
G1;335470170001;Execução de Título Extrajudicial;202310;0;0;0;0;1;0;0;4
G1;335470170001;Conhecimento;202310;16;0;0;17;128;7;6;108
G1;335470170001;Execução Judicial;202310;5;1;1;3;36;4;3;33
G1;335470170001;Execução de Título Extrajudicial;202311;0;0;0;2;1;0;0;6
G1;335470170001;Conhecimento;202311;13;5;2;4;141;12;8;112
G1;335470170001;Execução Judicial;202311;5;0;0;0;41;4;3;33
G1;335470170001;Execução de Título Extrajudicial;202312;1;0;0;1;2;0;0;7
G1;335470170001;Execução Judicial;202312;21;1;0;3;62;5;3;36
G1;335470170001;Conhecimento;202312;45;2;1;6;186;14;9;118
G1;335470170001;Execução Judicial;202401;2;0;0;2;58;5;3;36
G1;335470170001;Conhecimento;202401;3;1;1;41;186;12;7;153
G1;335470170001;Execução de Título Extrajudicial;202401;0;0;0;0;2;0;0;7
G1;335470170001;Execução Judicial;202402;1;0;0;2;57;5;3;36
G1;335470170001;Execução de Título Extrajudicial;202402;2;0;0;2;4;0;0;9
G1;335470170001;Conhecimento;202402;19;2;2;17;200;14;8;165
G1;335470170001;Conhecimento;202403;31;1;0;10;220;15;8;168
G1;335470170001;Execução de Título Extrajudicial;202403;1;0;0;0;5;0;0;9
G1;335470170001;Execução Judicial;202403;3;2;2;3;56;7;5;34
G1;335470170001;Execução de Título Extrajudicial;202404;2;0;0;0;7;0;0;9
G1;335470170001;Conhecimento;202404;33;1;0;32;245;16;8;186
G1;335470170001;Execução Judicial;202404;2;1;1;0;54;8;6;32
G1;335470170001;Conhecimento;202405;36;0;0;12;261;14;7;192
G1;335470170001;Execução de Título Extrajudicial;202405;1;0;0;0;8;0;0;9
G1;335470170001;Execução Judicial;202405;6;1;0;3;53;7;4;30
G1;335470170001;Execução de Título Extrajudicial;202406;0;0;0;1;8;0;0;9
G1;335470170001;Conhecimento;202406;24;1;1;25;261;15;7;213
G1;335470170001;Execução Judicial;202406;5;0;0;3;58;7;4;33
G1;335470170001;Conhecimento;202407;17;0;0;20;266;14;7;231
G1;335470170001;Execução de Título Extrajudicial;202407;1;0;0;1;9;0;0;8
G1;335470170001;Execução Judicial;202407;12;1;0;7;67;7;4;40
G1;335470170001;Execução Judicial;202408;6;1;1;3;71;8;5;36
G1;335470170001;Conhecimento;202408;18;2;0;10;274;16;7;217
G1;335470170001;Execução de Título Extrajudicial;202408;6;0;0;1;15;0;0;8
G1;335470170001;Execução Judicial;202409;4;0;0;11;72;8;5;40
G1;335470170001;Conhecimento;202409;15;1;0;16;270;16;7;210
G1;335470170001;Execução de Título Extrajudicial;202409;0;0;0;0;14;0;0;8
G1;335470170001;Conhecimento;202410;10;3;0;17;264;19;7;210
G1;335470170001;Execução de Título Extrajudicial;202410;2;0;0;4;16;0;0;12
G1;335470170001;Execução Judicial;202410;9;1;1;11;76;8;5;48
G1;335470170001;Execução Judicial;202411;9;0;0;4;80;8;5;52
G1;335470170001;Execução de Título Extrajudicial;202411;1;0;0;1;17;0;0;11
G1;335470170001;Conhecimento;202411;30;1;1;30;281;15;6;236
G1;335470170001;Execução Judicial;202412;0;0;0;4;59;7;5;53
G1;335470170001;Conhecimento;202412;13;4;3;28;249;17;8;258
G1;335470170001;Execução de Título Extrajudicial;202412;0;0;0;0;16;0;0;10
G1;335470170001;Execução Judicial;202501;5;0;0;6;62;7;5;57
G1;335470170001;Execução de Título Extrajudicial;202501;0;0;0;0;16;0;0;10
G1;335470170001;Conhecimento;202501;5;1;0;26;251;17;7;243
G1;335470170001;Execução de Título Extrajudicial;202502;0;0;0;2;14;0;0;10
G1;335470170001;Execução Judicial;202502;4;0;0;2;65;7;5;57
G1;335470170001;Conhecimento;202502;27;0;1;15;259;15;6;241
G1;335470170001;Execução de Título Extrajudicial;202503;1;0;0;0;14;0;0;10
G1;335470170001;Conhecimento;202503;14;2;1;12;242;16;7;243
G1;335470170001;Execução Judicial;202503;4;0;0;4;66;5;3;58
G1;335470170001;Conhecimento;202504;13;3;1;30;222;18;8;241
G1;335470170001;Execução de Título Extrajudicial;202504;0;0;0;1;12;0;0;11
G1;335470170001;Execução Judicial;202504;4;0;1;8;68;4;3;66
G1;335470170001;Conhecimento;202505;25;3;0;34;211;21;8;263
G1;335470170001;Execução Judicial;202505;7;1;1;12;69;4;4;75
G1;335470170001;Execução de Título Extrajudicial;202505;1;0;0;0;12;0;0;11
G1;335470170001;Conhecimento;202506;15;2;0;15;202;22;7;253
G1;335470170001;Execução Judicial;202506;4;0;0;1;68;4;4;73
G1;335470170001;Execução de Título Extrajudicial;202506;2;0;0;0;14;0;0;10
G1;335470170001;Execução Judicial;202507;9;0;0;2;65;3;4;68
G1;335470170001;Execução de Título Extrajudicial;202507;0;1;1;0;13;1;1;9
G1;335470170001;Conhecimento;202507;16;2;1;24;201;24;8;257
G1;335470170001;Execução Judicial;202508;7;0;0;4;66;2;3;69
G1;335470170001;Conhecimento;202508;24;2;3;12;207;24;11;259
G1;335470170001;Execução de Título Extrajudicial;202508;0;0;0;0;7;1;1;8
G1;335470170001;Execução Judicial;202509;9;0;0;3;71;2;3;61
G1;335470170001;Execução de Título Extrajudicial;202509;0;0;0;0;7;1;1;8
G1;335470170001;Conhecimento;202509;26;1;0;21;218;24;11;264
G1;335470170001;Conhecimento;202510;16;4;3;24;224;25;14;271
G1;335470170001;Execução Judicial;202510;3;1;1;3;65;2;3;53
G1;335470170001;Execução de Título Extrajudicial;202510;0;0;0;0;5;1;1;4
G1;335470170001;Execução de Título Extrajudicial;202511;0;0;0;0;4;1;1;3
G1;335470170001;Execução Judicial;202511;4;1;0;4;60;3;3;53
G1;335470170001;Conhecimento;202511;26;3;1;9;220;27;14;250
G1;335470170001;Execução de Título Extrajudicial;202512;0;0;0;0;4;1;1;3
G1;335470170001;Execução Judicial;202512;4;0;0;6;64;3;3;55
G1;335470170001;Conhecimento;202512;20;0;2;45;227;23;13;267
G1;335470170001;Execução de Título Extrajudicial;202601;0;0;0;0;4;1;1;3
G1;335470170001;Conhecimento;202601;7;0;0;19;229;22;13;260
G1;335470170001;Execução Judicial;202601;6;1;0;11;65;4;3;60
G1;335470170001;Execução Judicial;202602;8;0;0;7;69;4;3;65
G1;335470170001;Execução de Título Extrajudicial;202602;0;0;0;0;4;1;1;1
G1;335470170001;Conhecimento;202602;23;1;1;14;225;23;13;259
G1;335470170001;Execução Judicial;202603;3;0;0;7;68;4;3;68
G1;335470170001;Conhecimento;202603;26;1;1;30;237;22;13;277
G1;335470170001;Execução de Título Extrajudicial;202603;0;0;0;0;3;1;1;1
G1;335470170001;Execução de Título Extrajudicial;202604;2;0;0;1;5;1;1;1
G1;335470170001;Execução Judicial;202604;3;0;0;3;67;4;2;63
G1;335470170001;Conhecimento;202604;20;0;3;22;244;19;15;269
G1;335470170001;Execução de Título Extrajudicial;202605;0;0;0;0;4;1;1;1
G1;335470170001;Conhecimento;202605;19;0;1;36;238;16;16;271
G1;335470170001;Execução Judicial;202605;8;0;0;4;68;3;1;55
G1;335470170001;Execução Judicial;202606;6;0;1;6;70;3;2;60
G1;335470170001;Conhecimento;202606;16;2;0;13;239;16;16;269
G1;335470170001;Execução de Título Extrajudicial;202606;0;0;0;0;2;1;1;1
G1;335470170002;Conhecimento;202301;4;2;2;6;4;2;2;6
G1;335470170002;Execução Judicial;202301;0;0;0;0;0;0;0;0
G1;335470170002;Execução Judicial;202302;0;0;0;0;0;0;0;0
G1;335470170002;Conhecimento;202302;2;2;2;3;6;4;4;9
G1;335470170002;Execução Judicial;202303;1;0;0;0;1;0;0;0
G1;335470170002;Conhecimento;202303;5;3;2;11;11;7;6;20
G1;335470170002;Conhecimento;202304;5;4;3;18;16;11;9;38
G1;335470170002;Execução Judicial;202304;0;0;0;0;1;0;0;0
G1;335470170002;Conhecimento;202305;14;4;4;21;30;15;13;59
G1;335470170002;Execução Judicial;202305;0;1;0;0;1;1;0;0
G1;335470170002;Execução Judicial;202306;0;0;0;0;1;1;0;0
G1;335470170002;Conhecimento;202306;23;2;2;14;53;17;15;73
G1;335470170002;Conhecimento;202307;5;7;6;53;58;24;21;126
G1;335470170002;Execução Judicial;202307;0;0;0;0;1;1;0;0
G1;335470170002;Conhecimento;202308;26;0;0;27;84;24;21;153
G1;335470170002;Execução Judicial;202308;1;0;0;0;2;1;0;0
G1;335470170002;Conhecimento;202309;27;3;2;18;111;27;23;171
G1;335470170002;Execução Judicial;202309;0;0;0;0;2;1;0;0
G1;335470170002;Execução Judicial;202310;0;0;0;0;2;1;0;0
G1;335470170002;Conhecimento;202310;6;2;2;17;117;29;25;188
G1;335470170002;Execução Judicial;202311;0;0;0;0;2;1;0;0
G1;335470170002;Conhecimento;202311;3;5;5;22;120;34;30;210
G1;335470170002;Execução Judicial;202312;0;0;0;0;2;1;0;0
G1;335470170002;Conhecimento;202312;61;2;1;19;181;36;31;229
G1;335470170002;Conhecimento;202401;5;2;1;8;182;36;30;231
G1;335470170002;Execução Judicial;202401;0;0;0;0;2;1;0;0
G1;335470170002;Execução Judicial;202402;0;0;0;0;2;1;0;0
G1;335470170002;Conhecimento;202402;10;4;4;21;190;38;32;249
G1;335470170002;Conhecimento;202403;7;2;1;23;192;37;31;261
G1;335470170002;Conhecimento;202404;14;4;4;14;201;37;32;257
G1;335470170002;Conhecimento;202405;15;4;1;20;202;37;29;256
G1;335470170002;Conhecimento;202406;2;1;1;15;181;36;28;257
G1;335470170002;Conhecimento;202407;22;6;7;21;198;35;29;225
G1;335470170002;Conhecimento;202408;4;5;5;22;176;40;34;220
G1;335470170002;Conhecimento;202409;6;7;6;20;155;44;38;222
G1;335470170002;Conhecimento;202410;4;7;7;17;153;49;43;222
G1;335470170002;Conhecimento;202411;6;7;5;11;156;51;43;211
G1;335470170002;Conhecimento;202412;5;2;0;3;100;51;42;195
G1;335470170002;Conhecimento;202501;8;5;0;15;103;54;41;202
G1;335470170002;Conhecimento;202502;9;4;2;5;102;54;39;186
G1;335470170002;Conhecimento;202503;3;5;0;8;98;57;38;171
G1;335470170002;Conhecimento;202504;9;1;1;5;93;54;35;162
G1;335470170002;Conhecimento;202505;15;3;0;11;93;53;34;153
G1;335470170002;Conhecimento;202506;17;1;1;9;108;53;34;147
G1;335470170002;Conhecimento;202507;25;8;0;20;111;55;27;146
G1;335470170002;Conhecimento;202508;7;3;1;4;114;53;23;128
G1;335470170002;Conhecimento;202509;3;1;1;6;111;47;18;114
G1;335470170002;Conhecimento;202510;21;5;0;10;128;45;11;107
G1;335470170002;Conhecimento;202511;9;0;0;9;131;38;6;105
G1;335470170002;Conhecimento;202512;8;3;1;5;134;39;7;107
G1;335470170002;Conhecimento;202601;3;1;0;6;129;35;7;98
G1;335470170002;Conhecimento;202602;12;5;1;9;132;36;6;102
G1;335470170002;Conhecimento;202603;18;5;0;17;147;36;6;111
G1;335470170002;Conhecimento;202604;11;5;1;10;149;40;6;116
G1;335470170002;Conhecimento;202605;5;1;0;4;139;38;6;109
G1;335470170002;Conhecimento;202606;12;4;1;7;134;41;6;107
G1;335470170004;Conhecimento;202306;0;0;1;0;0;0;1;0
G1;335470170004;Conhecimento;202312;0;0;1;0;0;0;2;0
G1;335470170004;Conhecimento;202403;0;0;0;1;0;0;2;1
G1;335470170004;Conhecimento;202405;0;0;1;0;0;0;3;1
G1;335470170004;Conhecimento;202502;0;0;0;1;0;0;1;2
G1;335470170004;Conhecimento;202505;0;0;1;2;0;0;1;3
G1;335470170004;Conhecimento;202507;0;0;1;0;0;0;2;3
G1;335470170004;Conhecimento;202510;0;0;0;1;0;0;2;4
G1;335470170004;Conhecimento;202601;1;1;1;1;1;1;3;5
G1;335470170004;Conhecimento;202604;0;0;1;0;1;1;4;4
G1;335470170004;Conhecimento;202606;0;0;1;0;1;1;4;2
G1;35880030002;Conhecimento;202301;31;6;4;41;31;6;4;41
G1;35880030002;Conhecimento;202302;24;4;4;34;55;10;8;75
G1;35880030002;Conhecimento;202303;27;8;8;58;82;18;16;133
G1;35880030002;Conhecimento;202304;49;3;3;89;131;21;19;222
G1;35880030002;Conhecimento;202305;22;7;6;63;153;28;25;285
G1;35880030002;Conhecimento;202306;13;11;11;47;166;39;36;332
G1;35880030002;Conhecimento;202307;16;9;7;82;182;48;43;414
G1;35880030002;Conhecimento;202308;44;4;5;67;226;52;48;481
G1;35880030002;Conhecimento;202309;34;7;5;58;260;59;53;539
G1;35880030002;Conhecimento;202310;53;7;6;46;313;66;59;585
G1;35880030002;Conhecimento;202311;32;8;10;39;345;74;69;624
G1;35880030002;Conhecimento;202312;142;6;6;36;487;80;75;660
G1;35880030002;Conhecimento;202401;25;7;4;46;481;81;75;665
G1;35880030002;Conhecimento;202402;28;3;5;48;485;80;76;679
G1;35880030002;Conhecimento;202403;22;5;5;54;480;77;73;675
G1;35880030002;Conhecimento;202404;55;1;1;64;486;75;71;650
G1;35880030002;Conhecimento;202405;44;1;1;35;508;69;66;622
G1;35880030002;Conhecimento;202406;62;7;5;46;557;65;60;621
G1;35880030002;Conhecimento;202407;39;2;2;31;580;58;55;570
G1;35880030002;Conhecimento;202408;35;5;4;35;571;59;54;538
G1;35880030002;Conhecimento;202409;40;8;8;30;577;60;57;510
G1;35880030002;Conhecimento;202410;28;4;3;41;552;57;54;505
G1;35880030002;Conhecimento;202411;25;2;0;31;545;51;44;497
G1;35880030002;Conhecimento;202412;30;3;0;25;433;48;38;486
G1;35880030002;Conhecimento;202501;19;6;1;12;427;47;35;452
G1;35880030002;Conhecimento;202502;34;4;1;37;433;48;31;441
G1;35880030002;Conhecimento;202503;18;7;1;30;429;50;27;417
G1;35880030002;Conhecimento;202504;15;3;1;29;389;52;27;382
G1;35880030002;Conhecimento;202505;16;6;1;20;361;57;27;367
G1;35880030002;Conhecimento;202506;13;10;1;12;312;60;23;333
G1;35880030002;Conhecimento;202507;15;6;1;12;288;64;22;314
G1;35880030002;Conhecimento;202508;23;13;3;14;276;72;21;293
G1;35880030002;Conhecimento;202509;24;10;3;17;260;74;16;280
G1;35880030002;Conhecimento;202510;8;10;2;19;240;80;15;258
G1;35880030002;Conhecimento;202511;14;4;1;26;229;82;16;253
G1;35880030002;Conhecimento;202512;39;2;1;23;238;81;17;251
G1;35880030002;Conhecimento;202601;7;8;1;17;226;83;17;256
G1;35880030002;Conhecimento;202602;32;12;3;32;224;91;19;251
G1;35880030002;Conhecimento;202603;24;3;1;26;230;87;19;247
G1;35880030002;Conhecimento;202604;25;6;1;19;240;90;19;237
G1;35880030002;Conhecimento;202605;6;1;4;25;230;85;22;242
G1;35880030002;Conhecimento;202606;8;2;9;23;225;77;30;253
G1;35880030004;Conhecimento;202301;0;0;1;0;0;0;1;0
G1;35880030004;Conhecimento;202306;0;0;0;1;0;0;1;1
G1;35880030004;Conhecimento;202308;0;0;0;1;0;0;1;2
G1;35880030004;Conhecimento;202309;0;0;2;0;0;0;3;2
G1;35880030004;Conhecimento;202310;0;0;1;0;0;0;4;2
G1;35880030004;Conhecimento;202401;0;0;0;1;0;0;3;3
G1;35880030004;Conhecimento;202402;0;0;0;1;0;0;3;4
G1;35880030004;Conhecimento;202403;0;0;1;0;0;0;4;4
G1;35880030004;Conhecimento;202406;0;0;1;0;0;0;5;3
G1;35880030004;Conhecimento;202409;0;0;0;1;0;0;3;3
G1;35880030004;Conhecimento;202410;0;0;1;1;0;0;3;4
G1;35880030004;Conhecimento;202411;0;0;1;0;0;0;4;4
G1;35880030004;Conhecimento;202504;0;0;0;1;0;0;3;3
G1;35880030004;Conhecimento;202506;1;0;0;1;1;0;2;4
G1;35880030004;Conhecimento;202508;0;0;1;0;1;0;3;4
G1;35880030004;Conhecimento;202509;0;0;0;1;1;0;3;4
G1;35880030004;Conhecimento;202601;0;1;1;0;1;1;2;3
G1;35880030004;Conhecimento;202602;0;0;1;1;1;1;3;4
G1;35880030004;Conhecimento;202603;0;0;1;0;1;1;4;4
G1;35880030004;Conhecimento;202604;0;0;1;0;1;1;5;3
G1;35880030004;Conhecimento;202606;0;0;1;1;0;1;6;3
G1;36040090001;Execução de Título Extrajudicial;202301;0;0;0;3;0;0;0;3
G1;36040090001;Conhecimento;202301;23;0;1;20;23;0;1;20
G1;36040090001;Execução Judicial;202301;11;0;0;2;11;0;0;2
G1;36040090001;Conhecimento;202302;34;0;0;45;57;0;1;65
G1;36040090001;Execução de Título Extrajudicial;202302;9;0;0;3;9;0;0;6
G1;36040090001;Execução Judicial;202302;15;0;0;12;26;0;0;14
G1;36040090001;Execução Judicial;202303;13;2;1;19;39;2;1;33
G1;36040090001;Execução de Título Extrajudicial;202303;3;0;0;10;12;0;0;16
G1;36040090001;Conhecimento;202303;51;3;1;58;108;3;2;123
G1;36040090001;Execução Judicial;202304;9;0;1;13;48;2;2;46
G1;36040090001;Conhecimento;202304;38;2;3;54;146;5;5;177
G1;36040090001;Execução de Título Extrajudicial;202304;3;0;0;0;15;0;0;16
G1;36040090001;Execução de Título Extrajudicial;202305;2;1;1;6;17;1;1;22
G1;36040090001;Conhecimento;202305;34;1;0;48;180;6;5;225
G1;36040090001;Execução Judicial;202305;9;1;1;13;57;3;3;59
G1;36040090001;Execução de Título Extrajudicial;202306;2;0;0;11;19;1;1;33
G1;36040090001;Conhecimento;202306;37;5;0;55;217;11;5;280
G1;36040090001;Execução Judicial;202306;11;0;0;11;68;3;3;70
G1;36040090001;Execução de Título Extrajudicial;202307;5;1;1;13;24;2;2;46
G1;36040090001;Conhecimento;202307;68;3;2;49;285;14;7;329
G1;36040090001;Execução Judicial;202307;19;3;1;16;87;6;4;86
G1;36040090001;Execução Judicial;202308;16;3;2;23;103;9;6;109
G1;36040090001;Execução de Título Extrajudicial;202308;1;0;0;2;25;2;2;48
G1;36040090001;Conhecimento;202308;65;1;0;58;350;15;7;387
G1;36040090001;Execução de Título Extrajudicial;202309;0;0;0;8;25;2;2;56
G1;36040090001;Execução Judicial;202309;11;1;0;9;114;10;6;118
G1;36040090001;Conhecimento;202309;52;2;1;44;402;17;8;431
G1;36040090001;Execução Judicial;202310;21;4;3;20;135;14;9;138
G1;36040090001;Execução de Título Extrajudicial;202310;4;0;0;3;29;2;2;59
G1;36040090001;Conhecimento;202310;59;0;0;35;461;17;8;466
G1;36040090001;Conhecimento;202311;60;2;0;32;521;19;8;498
G1;36040090001;Execução Judicial;202311;20;3;3;9;155;17;12;147
G1;36040090001;Execução de Título Extrajudicial;202311;6;0;0;3;35;2;2;62
G1;36040090001;Conhecimento;202312;84;3;0;52;605;22;8;550
G1;36040090001;Execução Judicial;202312;12;3;0;14;167;20;12;161
G1;36040090001;Execução de Título Extrajudicial;202312;7;0;0;5;42;2;2;67
G1;36040090001;Execução Judicial;202401;1;0;4;11;157;20;16;170
G1;36040090001;Execução de Título Extrajudicial;202401;0;0;0;9;42;2;2;73
G1;36040090001;Conhecimento;202401;8;2;4;45;590;24;11;575
G1;36040090001;Conhecimento;202402;26;2;1;33;582;26;12;563
G1;36040090001;Execução Judicial;202402;2;1;0;7;144;21;16;165
G1;36040090001;Execução de Título Extrajudicial;202402;1;0;0;0;34;2;2;70
G1;36040090001;Execução Judicial;202403;8;1;1;17;139;20;16;163
G1;36040090001;Conhecimento;202403;42;4;1;55;573;27;12;560
G1;36040090001;Execução de Título Extrajudicial;202403;6;0;0;2;37;2;2;62
G1;36040090001;Execução Judicial;202404;20;1;2;18;150;21;17;168
G1;36040090001;Conhecimento;202404;58;1;1;74;593;26;10;580
G1;36040090001;Execução de Título Extrajudicial;202404;3;1;1;6;37;3;3;68
G1;36040090001;Execução Judicial;202405;18;6;1;30;159;26;17;185
G1;36040090001;Execução de Título Extrajudicial;202405;8;0;0;4;43;2;2;66
G1;36040090001;Conhecimento;202405;48;4;1;80;607;29;11;612
G1;36040090001;Conhecimento;202406;80;2;1;39;650;26;12;596
G1;36040090001;Execução Judicial;202406;28;0;0;21;176;26;17;195
G1;36040090001;Execução de Título Extrajudicial;202406;6;0;0;4;47;2;2;59
G1;36040090001;Execução Judicial;202407;27;3;1;20;184;26;17;199
G1;36040090001;Conhecimento;202407;100;6;1;87;682;29;11;634
G1;36040090001;Execução de Título Extrajudicial;202407;4;0;0;5;46;1;1;51
G1;36040090001;Execução Judicial;202408;18;6;5;29;186;29;20;205
G1;36040090001;Conhecimento;202408;51;7;5;84;668;35;16;660
G1;36040090001;Execução de Título Extrajudicial;202408;1;0;0;8;46;1;1;57
G1;36040090001;Conhecimento;202409;48;0;0;46;664;33;15;662
G1;36040090001;Execução de Título Extrajudicial;202409;2;0;0;4;48;1;1;53
G1;36040090001;Execução Judicial;202409;16;0;0;15;191;28;20;211
G1;36040090001;Execução de Título Extrajudicial;202410;0;0;0;1;44;1;1;51
G1;36040090001;Execução Judicial;202410;7;3;2;20;177;27;19;211
G1;36040090001;Conhecimento;202410;47;5;3;64;652;38;18;691
G1;36040090001;Conhecimento;202411;55;3;0;59;647;39;18;718
G1;36040090001;Execução de Título Extrajudicial;202411;3;0;0;2;41;1;1;50
G1;36040090001;Execução Judicial;202411;18;0;0;27;175;24;16;229
G1;36040090001;Execução Judicial;202412;16;1;1;19;179;22;17;234
G1;36040090001;Conhecimento;202412;111;7;5;36;674;43;23;702
G1;36040090001;Execução de Título Extrajudicial;202412;8;0;0;1;42;1;1;46
G1;36040090001;Conhecimento;202501;22;1;0;45;688;42;19;702
G1;36040090001;Execução Judicial;202501;8;2;0;7;186;24;13;230
G1;36040090001;Execução de Título Extrajudicial;202501;2;0;0;2;44;1;1;39
G1;36040090001;Conhecimento;202502;34;7;5;51;696;47;23;720
G1;36040090001;Execução Judicial;202502;13;0;0;20;197;23;13;243
G1;36040090001;Execução de Título Extrajudicial;202502;2;0;0;1;45;1;1;40
G1;36040090001;Conhecimento;202503;45;3;0;36;699;46;22;701
G1;36040090001;Execução de Título Extrajudicial;202503;3;0;0;4;42;1;1;42
G1;36040090001;Execução Judicial;202503;11;0;0;21;200;22;12;247
G1;36040090001;Execução de Título Extrajudicial;202504;4;0;0;4;43;0;0;40
G1;36040090001;Execução Judicial;202504;18;3;3;19;198;24;13;248
G1;36040090001;Conhecimento;202504;49;10;4;56;690;55;25;683
G1;36040090001;Conhecimento;202505;63;5;4;61;705;56;28;664
G1;36040090001;Execução Judicial;202505;32;1;1;21;212;19;13;239
G1;36040090001;Execução de Título Extrajudicial;202505;2;0;0;2;37;0;0;38
G1;36040090001;Conhecimento;202506;103;4;1;62;728;58;28;687
G1;36040090001;Execução Judicial;202506;35;3;3;32;219;22;16;250
G1;36040090001;Execução de Título Extrajudicial;202506;3;0;0;4;34;0;0;38
G1;36040090001;Conhecimento;202507;115;2;1;63;743;54;28;663
G1;36040090001;Execução de Título Extrajudicial;202507;6;1;1;3;36;1;1;36
G1;36040090001;Execução Judicial;202507;21;1;1;10;213;20;16;240
G1;36040090001;Execução Judicial;202508;16;2;0;15;211;16;11;226
G1;36040090001;Execução de Título Extrajudicial;202508;3;0;0;4;38;1;1;32
G1;36040090001;Conhecimento;202508;40;4;2;48;732;51;25;627
G1;36040090001;Execução de Título Extrajudicial;202509;6;0;0;14;42;1;1;42
G1;36040090001;Execução Judicial;202509;7;0;0;22;202;16;11;233
G1;36040090001;Conhecimento;202509;56;1;2;55;740;52;27;636
G1;36040090001;Conhecimento;202510;83;5;1;55;776;52;25;627
G1;36040090001;Execução Judicial;202510;22;0;0;18;217;13;9;231
G1;36040090001;Execução de Título Extrajudicial;202510;4;1;0;4;46;2;1;45
G1;36040090001;Execução de Título Extrajudicial;202511;5;0;0;2;48;2;1;45
G1;36040090001;Conhecimento;202511;61;6;1;55;782;55;26;623
G1;36040090001;Execução Judicial;202511;20;3;2;25;219;16;11;229
G1;36040090001;Conhecimento;202512;48;1;0;30;719;49;21;617
G1;36040090001;Execução Judicial;202512;20;1;1;13;223;16;11;223
G1;36040090001;Execução de Título Extrajudicial;202512;4;0;0;2;44;2;1;46
G1;36040090001;Execução de Título Extrajudicial;202601;1;0;1;4;43;2;2;48
G1;36040090001;Conhecimento;202601;29;1;2;36;726;49;23;608
G1;36040090001;Execução Judicial;202601;17;2;0;10;232;16;11;226
G1;36040090001;Execução Judicial;202602;24;0;1;8;243;16;12;214
G1;36040090001;Execução de Título Extrajudicial;202602;3;0;0;7;44;2;2;54
G1;36040090001;Conhecimento;202602;61;1;0;58;753;43;18;615
G1;36040090001;Execução de Título Extrajudicial;202603;6;0;0;2;47;2;2;52
G1;36040090001;Conhecimento;202603;73;10;1;81;781;50;19;660
G1;36040090001;Execução Judicial;202603;30;5;1;22;262;21;13;215
G1;36040090001;Execução Judicial;202604;18;1;1;21;262;19;11;217
G1;36040090001;Execução de Título Extrajudicial;202604;1;0;0;6;44;2;2;54
G1;36040090001;Conhecimento;202604;43;6;2;48;775;46;17;652
G1;36040090001;Execução Judicial;202605;15;2;1;22;245;20;11;218
G1;36040090001;Conhecimento;202605;73;6;1;66;785;47;14;657
G1;36040090001;Execução de Título Extrajudicial;202605;5;0;0;1;47;2;2;53
G1;36040090001;Execução Judicial;202606;27;2;1;22;237;19;9;208
G1;36040090001;Conhecimento;202606;60;1;1;44;742;44;14;639
G1;36040090001;Execução de Título Extrajudicial;202606;2;0;0;5;46;2;2;54
G1;36040090003;Conhecimento;202306;0;0;1;0;0;0;1;0
G1;36040090003;Conhecimento;202307;0;0;1;1;0;0;2;1
G1;36040090003;Conhecimento;202308;0;0;1;0;0;0;3;1
G1;36040090003;Conhecimento;202310;0;0;0;1;0;0;3;2
G1;36040090003;Conhecimento;202403;0;0;1;0;0;0;4;2
G1;36040090003;Conhecimento;202410;0;0;0;1;0;0;1;1
G1;36040090003;Conhecimento;202504;0;0;0;1;0;0;0;2
G1;36040090003;Conhecimento;202507;0;0;1;0;0;0;1;2
G1;36040090003;Execução Judicial;202508;0;0;0;1;0;0;0;1
G1;36040090003;Execução Judicial;202509;0;1;0;0;0;1;0;1
G1;36040090003;Execução Judicial;202510;0;0;1;0;0;1;1;1
G1;36040090003;Execução Judicial;202601;0;0;1;1;0;1;2;2
G1;36040090003;Conhecimento;202602;0;0;0;1;0;0;1;2
G1;36040090003;Conhecimento;202603;0;0;3;1;0;0;4;3
G1;36040090003;Execução Judicial;202603;0;0;2;2;0;1;4;4
G1;36040090003;Execução Judicial;202604;0;0;0;1;0;1;4;5
G1;36040090003;Conhecimento;202604;0;0;0;1;0;0;4;3
G1;36040090003;Conhecimento;202605;0;0;1;0;0;0;5;3
G1;36040090003;Execução Judicial;202605;0;0;1;0;0;1;5;5
G1;36040090003;Execução Judicial;202606;0;1;1;0;0;2;6;5
G1;36040090005;Conhecimento;202403;0;0;1;0;0;0;1;0
G1;36040090005;Conhecimento;202502;0;2;1;1;0;2;2;1
G1;36040090005;Conhecimento;202503;0;0;1;0;0;2;2;1
G1;36040090005;Conhecimento;202505;0;0;1;1;0;2;3;2
G1;36040090005;Conhecimento;202506;0;0;1;0;0;2;4;2
G1;36040090005;Conhecimento;202507;0;0;0;1;0;2;4;3
G1;36040090005;Conhecimento;202509;0;1;0;0;0;3;4;3
G1;36040090005;Conhecimento;202510;0;1;0;1;0;4;4;4
G1;36040090005;Conhecimento;202511;0;0;4;1;0;4;8;5
G1;36040090005;Conhecimento;202512;0;0;1;1;0;4;9;6
G1;36040090005;Conhecimento;202603;0;1;3;1;0;3;10;6
G1;36040090005;Execução Judicial;202603;0;0;1;1;0;0;1;1
G1;36050090002;Conhecimento;202301;15;6;8;32;15;6;8;32
G1;36050090002;Execução Judicial;202301;0;0;0;0;0;0;0;0
G1;36050090002;Conhecimento;202302;15;2;0;18;30;8;8;50
G1;36050090002;Execução Judicial;202302;0;0;0;0;0;0;0;0
G1;36050090002;Execução Judicial;202303;0;0;0;0;0;0;0;0
G1;36050090002;Conhecimento;202303;22;8;5;22;52;16;13;72
G1;36050090002;Conhecimento;202304;21;9;9;34;73;25;22;106
G1;36050090002;Execução Judicial;202304;0;0;0;0;0;0;0;0
G1;36050090002;Execução Judicial;202305;0;0;0;0;0;0;0;0
G1;36050090002;Conhecimento;202305;15;6;3;29;88;31;25;135
G1;36050090002;Conhecimento;202306;55;3;4;25;143;34;29;160
G1;36050090002;Execução Judicial;202306;0;0;0;0;0;0;0;0
G1;36050090002;Conhecimento;202307;27;3;2;29;170;37;31;189
G1;36050090002;Execução Judicial;202307;0;0;0;0;0;0;0;0
G1;36050090002;Execução Judicial;202308;0;0;0;0;0;0;0;0
G1;36050090002;Conhecimento;202308;22;7;4;37;192;44;35;226
G1;36050090002;Conhecimento;202309;39;2;0;36;231;46;35;262
G1;36050090002;Execução Judicial;202309;0;0;0;0;0;0;0;0
G1;36050090002;Execução Judicial;202310;0;0;0;0;0;0;0;0
G1;36050090002;Conhecimento;202310;39;1;1;21;270;47;36;283
G1;36050090002;Execução Judicial;202311;0;0;0;0;0;0;0;0
G1;36050090002;Conhecimento;202311;18;7;9;26;288;54;45;309
G1;36050090002;Conhecimento;202312;26;2;1;19;314;56;46;328
G1;36050090002;Execução Judicial;202312;0;0;0;0;0;0;0;0
G1;36050090002;Execução Judicial;202401;0;0;0;0;0;0;0;0
G1;36050090002;Conhecimento;202401;15;5;4;32;314;55;42;328
G1;36050090002;Conhecimento;202402;53;4;4;27;352;57;46;337
G1;36050090002;Execução Judicial;202402;0;0;0;0;0;0;0;0
G1;36050090002;Execução Judicial;202403;0;0;0;0;0;0;0;0
G1;36050090002;Conhecimento;202403;10;3;2;28;340;52;43;343
G1;36050090002;Conhecimento;202404;26;11;8;37;345;54;42;346
G1;36050090002;Conhecimento;202405;29;3;4;41;359;51;43;358
G1;36050090002;Conhecimento;202406;30;5;4;45;334;53;43;378
G1;36050090002;Conhecimento;202407;41;10;7;34;348;60;48;383
G1;36050090002;Conhecimento;202408;19;8;4;46;345;61;48;392
G1;36050090002;Conhecimento;202409;25;5;5;27;331;64;53;383
G1;36050090002;Conhecimento;202410;35;3;2;31;327;66;54;393
G1;36050090002;Conhecimento;202411;24;2;1;46;333;61;46;413
G1;36050090002;Conhecimento;202412;38;5;2;40;345;64;47;434
G1;36050090002;Conhecimento;202501;17;10;2;20;347;69;45;422
G1;36050090002;Conhecimento;202502;19;7;0;31;313;72;41;426
G1;36050090002;Conhecimento;202503;34;9;0;32;337;78;39;430
G1;36050090002;Conhecimento;202504;25;11;0;28;336;78;31;421
G1;36050090002;Conhecimento;202505;36;15;0;34;343;90;27;414
G1;36050090002;Conhecimento;202506;28;13;0;19;341;98;23;388
G1;36050090002;Conhecimento;202507;79;13;1;34;379;101;17;388
G1;36050090002;Conhecimento;202508;29;17;2;46;389;110;15;388
G1;36050090002;Conhecimento;202509;25;9;0;44;389;114;10;405
G1;36050090002;Conhecimento;202510;25;16;2;41;379;127;10;415
G1;36050090002;Conhecimento;202511;30;17;1;32;385;142;10;401
G1;36050090002;Conhecimento;202512;15;8;0;29;362;145;8;390
G1;36050090002;Conhecimento;202601;19;12;3;7;364;147;9;377
G1;36050090002;Conhecimento;202602;21;10;1;26;366;150;10;372
G1;36050090002;Conhecimento;202603;22;9;3;25;354;150;13;365
G1;36050090002;Conhecimento;202604;21;6;2;32;350;145;15;369
G1;36050090002;Conhecimento;202605;49;12;3;27;363;142;18;362
G1;36050090002;Conhecimento;202606;31;1;1;10;366;130;19;353
G1;36050090004;Conhecimento;202303;0;0;1;1;0;0;1;1
G1;36050090004;Conhecimento;202304;0;0;1;0;0;0;2;1
G1;36050090004;Conhecimento;202306;0;0;1;1;0;0;3;2
G1;36050090004;Conhecimento;202307;0;0;0;1;0;0;3;3
G1;36050090004;Conhecimento;202308;0;0;3;1;0;0;6;4
G1;36050090004;Conhecimento;202310;0;0;0;1;0;0;6;5
G1;36050090004;Conhecimento;202311;0;1;0;0;0;1;6;5
G1;36050090004;Conhecimento;202312;0;0;1;0;0;1;7;5
G1;36050090004;Conhecimento;202401;0;0;0;1;0;1;7;6
G1;36050090004;Conhecimento;202402;0;0;0;2;0;1;7;8
G1;36050090004;Conhecimento;202403;0;0;1;1;0;1;7;8
G1;36050090004;Conhecimento;202404;0;0;1;2;0;1;7;10
G1;36050090004;Conhecimento;202405;0;0;1;0;0;1;8;10
G1;36050090004;Conhecimento;202406;0;0;1;3;0;1;8;12
G1;36050090004;Conhecimento;202407;0;0;3;1;0;1;11;12
G1;36050090004;Conhecimento;202408;0;0;3;1;0;1;11;12
G1;36050090004;Conhecimento;202409;0;0;1;0;0;1;12;12
G1;36050090004;Conhecimento;202410;0;0;0;1;0;1;12;12
G1;36050090004;Conhecimento;202412;0;0;1;0;0;0;12;12
G1;36050090004;Conhecimento;202501;0;0;0;2;0;0;12;13
G1;36050090004;Conhecimento;202502;0;0;0;1;0;0;12;12
G1;36050090004;Conhecimento;202503;0;0;4;2;0;0;15;13
G1;36050090004;Conhecimento;202505;0;0;0;1;0;0;13;12
G1;36050090004;Conhecimento;202506;0;0;1;0;0;0;13;9
G1;36050090004;Conhecimento;202507;0;0;0;1;0;0;10;9
G1;36050090004;Conhecimento;202508;0;0;1;2;0;0;8;10
G1;36050090004;Conhecimento;202511;0;0;2;1;0;0;9;10
G1;36050090004;Conhecimento;202601;0;0;0;1;0;0;8;9
G1;36050090004;Conhecimento;202602;0;0;1;1;0;0;9;9
G1;36050090004;Conhecimento;202603;1;1;3;2;1;1;8;9
G1;36050090004;Conhecimento;202604;0;0;0;1;1;1;8;10
G1;36050090004;Conhecimento;202605;0;0;4;0;1;1;12;9
G1;36080110001;Conhecimento;202301;45;0;0;71;45;0;0;71
G1;36080110001;Execução de Título Extrajudicial;202301;3;0;0;13;3;0;0;13
G1;36080110001;Execução Judicial;202301;38;1;0;11;38;1;0;11
G1;36080110001;Execução de Título Extrajudicial;202302;2;0;0;8;5;0;0;21
G1;36080110001;Conhecimento;202302;30;4;1;29;75;4;1;100
G1;36080110001;Execução Judicial;202302;1;0;0;9;39;1;0;20
G1;36080110001;Execução de Título Extrajudicial;202303;24;0;0;2;29;0;0;23
G1;36080110001;Conhecimento;202303;97;2;2;66;172;6;3;166
G1;36080110001;Execução Judicial;202303;22;1;0;23;61;2;0;43
G1;36080110001;Execução de Título Extrajudicial;202304;10;0;0;1;39;0;0;24
G1;36080110001;Conhecimento;202304;108;1;0;41;280;7;3;207
G1;36080110001;Execução Judicial;202304;20;1;0;10;81;3;0;53
G1;36080110001;Execução Judicial;202305;26;2;0;32;107;5;0;85
G1;36080110001;Execução de Título Extrajudicial;202305;11;0;0;11;50;0;0;35
G1;36080110001;Conhecimento;202305;67;3;1;53;347;10;4;260
G1;36080110001;Conhecimento;202306;134;2;0;66;481;12;4;326
G1;36080110001;Execução de Título Extrajudicial;202306;4;0;0;8;54;0;0;43
G1;36080110001;Execução Judicial;202306;35;0;0;9;142;5;0;94
G1;36080110001;Execução de Título Extrajudicial;202307;8;0;0;4;62;0;0;47
G1;36080110001;Execução Judicial;202307;22;0;0;21;164;5;0;115
G1;36080110001;Conhecimento;202307;75;1;0;53;556;13;4;379
G1;36080110001;Execução de Título Extrajudicial;202308;15;0;0;5;77;0;0;52
G1;36080110001;Conhecimento;202308;62;3;3;65;618;16;7;444
G1;36080110001;Execução Judicial;202308;24;0;0;13;188;5;0;128
G1;36080110001;Conhecimento;202309;74;1;0;74;692;17;7;518
G1;36080110001;Execução Judicial;202309;34;2;2;17;222;7;2;145
G1;36080110001;Execução de Título Extrajudicial;202309;18;0;0;11;95;0;0;63
G1;36080110001;Execução de Título Extrajudicial;202310;13;0;0;3;108;0;0;66
G1;36080110001;Execução Judicial;202310;24;2;1;17;246;9;3;162
G1;36080110001;Conhecimento;202310;61;2;1;56;753;19;8;574
G1;36080110001;Execução de Título Extrajudicial;202311;16;0;0;4;124;0;0;70
G1;36080110001;Execução Judicial;202311;24;2;2;9;270;11;5;171
G1;36080110001;Conhecimento;202311;92;5;1;71;845;24;9;645
G1;36080110001;Execução de Título Extrajudicial;202312;13;0;0;5;137;0;0;75
G1;36080110001;Conhecimento;202312;83;3;2;40;928;27;11;685
G1;36080110001;Execução Judicial;202312;22;2;1;4;292;13;6;175
G1;36080110001;Execução de Título Extrajudicial;202401;1;0;0;16;135;0;0;78
G1;36080110001;Execução Judicial;202401;7;1;0;4;261;13;6;168
G1;36080110001;Conhecimento;202401;10;1;0;39;893;28;11;653
G1;36080110001;Execução de Título Extrajudicial;202402;19;0;0;6;152;0;0;76
G1;36080110001;Execução Judicial;202402;7;0;0;7;267;13;6;166
G1;36080110001;Conhecimento;202402;45;1;0;40;908;25;10;664
G1;36080110001;Execução de Título Extrajudicial;202403;5;0;0;3;133;0;0;77
G1;36080110001;Execução Judicial;202403;9;1;1;12;254;13;7;155
G1;36080110001;Conhecimento;202403;26;0;0;47;837;23;8;645
G1;36080110001;Execução de Título Extrajudicial;202404;18;0;0;13;141;0;0;89
G1;36080110001;Conhecimento;202404;100;4;3;52;829;26;11;656
G1;36080110001;Execução Judicial;202404;23;2;0;23;257;14;7;168
G1;36080110001;Conhecimento;202405;85;3;1;58;847;26;11;661
G1;36080110001;Execução Judicial;202405;25;0;1;12;256;12;8;148
G1;36080110001;Execução de Título Extrajudicial;202405;19;0;0;1;149;0;0;79
G1;36080110001;Execução Judicial;202406;17;0;0;21;238;12;8;160
G1;36080110001;Execução de Título Extrajudicial;202406;32;0;0;4;177;0;0;75
G1;36080110001;Conhecimento;202406;107;2;2;70;820;26;13;665
G1;36080110001;Execução Judicial;202407;36;2;4;12;252;14;12;151
G1;36080110001;Execução de Título Extrajudicial;202407;49;0;0;10;218;0;0;81
G1;36080110001;Conhecimento;202407;145;2;2;59;890;27;15;671
G1;36080110001;Conhecimento;202408;57;5;1;75;885;29;13;681
G1;36080110001;Execução de Título Extrajudicial;202408;18;0;0;8;221;0;0;84
G1;36080110001;Execução Judicial;202408;18;0;0;20;246;14;12;158
G1;36080110001;Conhecimento;202409;52;2;1;61;863;30;14;668
G1;36080110001;Execução Judicial;202409;9;1;0;23;221;13;10;164
G1;36080110001;Execução de Título Extrajudicial;202409;20;1;1;3;223;1;1;76
G1;36080110001;Execução de Título Extrajudicial;202410;21;0;0;1;231;1;1;74
G1;36080110001;Execução Judicial;202410;11;1;1;12;208;12;10;159
G1;36080110001;Conhecimento;202410;62;4;0;75;864;32;13;687
G1;36080110001;Execução de Título Extrajudicial;202411;7;0;0;1;222;1;1;71
G1;36080110001;Conhecimento;202411;71;1;0;70;843;28;12;686
G1;36080110001;Execução Judicial;202411;30;3;0;13;214;13;8;163
G1;36080110001;Execução de Título Extrajudicial;202412;17;0;0;5;226;1;1;71
G1;36080110001;Execução Judicial;202412;28;0;0;10;220;11;7;169
G1;36080110001;Conhecimento;202412;140;5;2;44;900;30;12;690
G1;36080110001;Execução de Título Extrajudicial;202501;7;0;0;12;232;1;1;67
G1;36080110001;Execução Judicial;202501;10;0;0;14;223;10;7;179
G1;36080110001;Conhecimento;202501;46;3;1;63;936;32;13;714
G1;36080110001;Execução de Título Extrajudicial;202502;7;0;0;6;220;1;1;67
G1;36080110001;Execução Judicial;202502;7;3;1;25;223;13;8;197
G1;36080110001;Conhecimento;202502;64;1;0;66;955;32;13;740
G1;36080110001;Execução de Título Extrajudicial;202503;11;0;0;7;226;1;1;71
G1;36080110001;Conhecimento;202503;93;2;0;112;1022;34;13;805
G1;36080110001;Execução Judicial;202503;24;2;0;24;238;14;7;209
G1;36080110001;Execução Judicial;202504;18;2;1;20;233;14;8;206
G1;36080110001;Execução de Título Extrajudicial;202504;7;0;0;10;215;1;1;68
G1;36080110001;Conhecimento;202504;73;1;0;71;995;31;10;824
G1;36080110001;Execução de Título Extrajudicial;202505;8;0;0;8;204;1;1;75
G1;36080110001;Execução Judicial;202505;8;0;0;20;216;14;7;214
G1;36080110001;Conhecimento;202505;46;2;1;86;956;30;10;852
G1;36080110001;Conhecimento;202506;72;2;0;89;921;30;8;871
G1;36080110001;Execução de Título Extrajudicial;202506;16;0;0;2;188;1;1;73
G1;36080110001;Execução Judicial;202506;44;3;2;18;243;17;9;211
G1;36080110001;Execução Judicial;202507;19;0;0;40;226;15;5;239
G1;36080110001;Conhecimento;202507;90;3;2;95;866;31;8;907
G1;36080110001;Execução de Título Extrajudicial;202507;10;0;0;14;149;1;1;77
G1;36080110001;Execução de Título Extrajudicial;202508;2;0;0;24;133;1;1;93
G1;36080110001;Execução Judicial;202508;41;2;0;9;249;17;5;228
G1;36080110001;Conhecimento;202508;89;1;1;94;898;27;8;926
G1;36080110001;Execução de Título Extrajudicial;202509;20;0;0;12;133;0;0;102
G1;36080110001;Execução Judicial;202509;26;2;1;21;266;18;6;226
G1;36080110001;Conhecimento;202509;81;1;1;113;927;26;8;978
G1;36080110001;Execução Judicial;202510;16;2;1;18;271;19;6;232
G1;36080110001;Execução de Título Extrajudicial;202510;5;0;0;7;117;0;0;108
G1;36080110001;Conhecimento;202510;97;4;2;65;962;26;10;968
G1;36080110001;Execução de Título Extrajudicial;202511;8;0;0;11;118;0;0;118
G1;36080110001;Execução Judicial;202511;8;2;0;18;249;18;6;237
G1;36080110001;Conhecimento;202511;59;4;0;75;950;29;10;973
G1;36080110001;Conhecimento;202512;103;1;0;67;913;25;8;996
G1;36080110001;Execução Judicial;202512;27;1;1;20;248;19;7;247
G1;36080110001;Execução de Título Extrajudicial;202512;12;0;0;16;113;0;0;129
G1;36080110001;Execução Judicial;202601;15;1;0;12;253;20;7;245
G1;36080110001;Conhecimento;202601;76;3;0;67;943;25;7;1000
G1;36080110001;Execução de Título Extrajudicial;202601;6;0;0;11;112;0;0;128
G1;36080110001;Execução Judicial;202602;11;0;0;15;257;17;6;235
G1;36080110001;Conhecimento;202602;63;2;1;89;942;26;8;1023
G1;36080110001;Execução de Título Extrajudicial;202602;5;0;0;9;110;0;0;131
G1;36080110001;Execução Judicial;202603;22;1;0;33;255;16;6;244
G1;36080110001;Conhecimento;202603;126;0;0;108;975;24;8;1019
G1;36080110001;Execução de Título Extrajudicial;202603;6;0;1;5;105;0;1;129
G1;36080110001;Conhecimento;202604;95;7;2;66;997;30;10;1014
G1;36080110001;Execução de Título Extrajudicial;202604;14;0;0;9;112;0;1;128
G1;36080110001;Execução Judicial;202604;20;1;1;11;257;15;6;235
G1;36080110001;Conhecimento;202605;89;5;1;75;1040;33;10;1003
G1;36080110001;Execução Judicial;202605;28;1;0;26;277;16;6;241
G1;36080110001;Execução de Título Extrajudicial;202605;6;1;0;17;110;1;1;137
G1;36080110001;Conhecimento;202606;87;2;1;79;1055;33;11;993
G1;36080110001;Execução de Título Extrajudicial;202606;15;1;1;9;109;2;2;144
G1;36080110001;Execução Judicial;202606;15;0;1;22;248;13;5;245
G1;36080110003;Conhecimento;202411;0;0;0;2;0;0;0;2
G1;36080110003;Conhecimento;202412;0;0;2;0;0;0;2;2
G1;36080110003;Conhecimento;202505;0;1;1;0;0;1;3;2
G1;36080110005;Conhecimento;202301;0;0;0;1;0;0;0;1
G1;36080110005;Conhecimento;202302;0;0;2;1;0;0;2;2
G1;36080110005;Conhecimento;202408;0;0;1;1;0;0;1;1
G1;36080110005;Conhecimento;202412;0;1;1;1;0;1;2;2
G1;36090110002;Conhecimento;202301;33;0;1;77;33;0;1;77
G1;36090110002;Conhecimento;202302;21;6;3;58;54;6;4;135
G1;36090110002;Conhecimento;202303;49;3;4;59;103;9;8;194
G1;36090110002;Conhecimento;202304;40;9;3;67;143;18;11;261
G1;36090110002;Conhecimento;202305;71;3;2;61;214;21;13;322
G1;36090110002;Conhecimento;202306;77;6;3;60;291;27;16;382
G1;36090110002;Conhecimento;202307;36;2;0;38;327;29;16;420
G1;36090110002;Conhecimento;202308;40;5;5;75;367;34;21;495
G1;36090110002;Conhecimento;202309;64;7;7;79;431;41;28;574
G1;36090110002;Conhecimento;202310;65;3;2;70;496;44;30;644
G1;36090110002;Conhecimento;202311;62;6;7;40;558;50;37;684
G1;36090110002;Conhecimento;202312;67;2;2;47;625;52;39;731
G1;36090110002;Conhecimento;202401;30;5;2;52;622;57;40;706
G1;36090110002;Conhecimento;202402;41;8;8;68;642;59;45;716
G1;36090110002;Conhecimento;202403;45;3;3;67;638;59;44;724
G1;36090110002;Conhecimento;202404;59;13;13;47;657;63;54;704
G1;36090110002;Conhecimento;202405;51;10;7;59;637;70;59;702
G1;36090110002;Conhecimento;202406;53;12;11;79;613;76;67;721
G1;36090110002;Conhecimento;202407;124;6;5;57;701;80;72;740
G1;36090110002;Conhecimento;202408;35;7;6;53;696;82;73;718
G1;36090110002;Conhecimento;202409;54;15;14;70;686;90;80;709
G1;36090110002;Conhecimento;202410;54;11;7;60;675;98;85;699
G1;36090110002;Conhecimento;202411;40;7;5;38;653;99;83;697
G1;36090110002;Conhecimento;202412;49;8;8;24;635;105;89;674
G1;36090110002;Conhecimento;202501;10;28;4;38;615;128;91;660
G1;36090110002;Conhecimento;202502;24;9;0;46;598;129;83;638
G1;36090110002;Execução Judicial;202503;0;3;3;0;0;3;3;0
G1;36090110002;Conhecimento;202503;41;13;2;30;594;139;82;601
G1;36090110002;Conhecimento;202504;39;17;3;30;574;143;72;584
G1;36090110002;Conhecimento;202505;72;23;2;48;595;156;67;573
G1;36090110002;Conhecimento;202506;26;10;0;25;568;154;56;519
G1;36090110002;Execução Judicial;202506;0;0;0;1;0;3;3;1
G1;36090110002;Conhecimento;202507;74;14;1;30;518;162;52;492
G1;36090110002;Execução Judicial;202507;0;0;0;0;0;3;3;1
G1;36090110002;Conhecimento;202508;21;21;1;33;504;176;47;472
G1;36090110002;Execução Judicial;202508;0;1;1;0;0;4;4;1
G1;36090110002;Execução Judicial;202509;1;1;1;0;1;5;5;1
G1;36090110002;Conhecimento;202509;50;14;0;40;500;175;33;442
G1;36090110002;Conhecimento;202510;32;12;3;31;478;176;29;413
G1;36090110002;Conhecimento;202511;44;22;1;35;482;191;25;410
G1;36090110002;Conhecimento;202512;15;12;3;26;448;195;20;412
G1;36090110002;Execução Judicial;202601;0;1;1;0;1;6;6;1
G1;36090110002;Conhecimento;202601;20;29;6;19;458;196;22;393
G1;36090110002;Conhecimento;202602;17;19;1;38;451;206;23;385
G1;36090110002;Conhecimento;202603;46;8;1;32;456;201;22;387
G1;36090110002;Conhecimento;202604;33;16;1;32;450;200;20;389
G1;36090110002;Conhecimento;202605;42;6;1;39;420;183;19;380
G1;36090110002;Conhecimento;202606;26;7;6;30;420;180;25;385
G1;36090110004;Conhecimento;202301;0;0;0;3;0;0;0;3
G1;36090110004;Conhecimento;202302;0;0;3;4;0;0;3;7
G1;36090110004;Conhecimento;202304;0;0;5;0;0;0;8;7
G1;36090110004;Conhecimento;202305;0;0;2;0;0;0;10;7
G1;36090110004;Conhecimento;202306;0;0;3;0;0;0;13;7
G1;36090110004;Conhecimento;202307;0;0;2;0;0;0;15;7
G1;36090110004;Conhecimento;202308;0;0;0;1;0;0;15;8
G1;36090110004;Conhecimento;202310;0;0;1;0;0;0;16;8
G1;36090110004;Conhecimento;202311;0;0;0;2;0;0;16;10
G1;36090110004;Conhecimento;202401;0;0;2;0;0;0;18;7
G1;36090110004;Conhecimento;202405;0;0;1;1;0;0;9;4
G1;36090110004;Conhecimento;202406;0;2;3;3;0;2;9;7
G1;36090110004;Conhecimento;202407;1;0;2;0;1;2;9;7
G1;36090110004;Conhecimento;202408;0;0;1;1;1;2;10;7
G1;36090110004;Conhecimento;202410;0;0;1;1;1;2;10;8
G1;36090110004;Conhecimento;202411;0;0;1;2;1;2;11;8
G1;36090110004;Conhecimento;202412;0;0;0;1;1;2;11;9
G1;36090110004;Conhecimento;202502;0;0;1;0;1;2;10;9
G1;36090110004;Conhecimento;202505;1;0;2;0;2;2;11;8
G1;36090110004;Conhecimento;202507;0;1;0;0;1;1;6;5
G1;36090110004;Conhecimento;202508;0;0;1;2;1;1;6;6
G1;36090110004;Conhecimento;202509;0;0;2;1;1;1;8;7
G1;36090110004;Conhecimento;202511;0;0;2;0;1;1;8;4
G1;36090110004;Conhecimento;202601;0;0;1;0;1;1;9;3
G1;36090110004;Conhecimento;202603;0;0;0;1;1;1;8;4
G1;36090110004;Conhecimento;202605;0;0;2;0;0;1;8;4
G1;36090110004;Conhecimento;202606;0;0;2;0;0;1;10;4
G1;36120020001;Execução de Título Extrajudicial;202301;1;0;0;6;1;0;0;6
G1;36120020001;Conhecimento;202301;24;1;1;54;24;1;1;54
G1;36120020001;Execução Judicial;202301;0;1;2;17;0;1;2;17
G1;36120020001;Execução de Título Extrajudicial;202302;1;0;0;1;2;0;0;7
G1;36120020001;Conhecimento;202302;19;2;3;40;43;3;4;94
G1;36120020001;Execução Judicial;202302;4;2;2;7;4;3;4;24
G1;36120020001;Execução de Título Extrajudicial;202303;2;0;0;6;4;0;0;13
G1;36120020001;Conhecimento;202303;45;2;4;91;88;5;8;185
G1;36120020001;Execução Judicial;202303;21;1;1;20;25;4;5;44
G1;36120020001;Execução de Título Extrajudicial;202304;4;0;0;2;8;0;0;15
G1;36120020001;Conhecimento;202304;49;3;2;71;137;8;10;256
G1;36120020001;Execução Judicial;202304;12;0;0;20;37;4;5;64
G1;36120020001;Execução de Título Extrajudicial;202305;0;1;0;4;8;1;0;19
G1;36120020001;Conhecimento;202305;81;1;8;83;218;9;18;339
G1;36120020001;Execução Judicial;202305;3;1;1;40;40;5;6;104
G1;36120020001;Conhecimento;202306;40;4;2;71;258;13;20;410
G1;36120020001;Execução Judicial;202306;8;0;1;18;48;5;7;122
G1;36120020001;Execução de Título Extrajudicial;202306;3;0;0;5;11;1;0;24
G1;36120020001;Conhecimento;202307;96;4;3;65;354;17;23;475
G1;36120020001;Execução Judicial;202307;11;5;6;19;59;10;13;141
G1;36120020001;Execução de Título Extrajudicial;202307;1;0;0;2;12;1;0;26
G1;36120020001;Execução Judicial;202308;5;1;1;10;64;11;14;151
G1;36120020001;Conhecimento;202308;54;2;0;61;408;19;23;536
G1;36120020001;Execução de Título Extrajudicial;202308;4;1;0;2;16;2;0;28
G1;36120020001;Execução de Título Extrajudicial;202309;2;0;0;3;18;2;0;31
G1;36120020001;Conhecimento;202309;47;5;2;66;455;24;25;602
G1;36120020001;Execução Judicial;202309;11;1;1;17;75;12;15;168
G1;36120020001;Conhecimento;202310;78;1;2;77;533;25;27;679
G1;36120020001;Execução Judicial;202310;9;0;0;10;84;12;15;178
G1;36120020001;Execução de Título Extrajudicial;202310;2;0;0;7;20;2;0;38
G1;36120020001;Execução de Título Extrajudicial;202311;3;0;0;2;23;2;0;40
G1;36120020001;Conhecimento;202311;119;0;2;89;652;25;29;768
G1;36120020001;Execução Judicial;202311;9;0;0;31;93;12;15;209
G1;36120020001;Execução de Título Extrajudicial;202312;4;0;0;5;27;2;0;45
G1;36120020001;Conhecimento;202312;92;0;1;58;744;25;30;826
G1;36120020001;Execução Judicial;202312;21;0;0;12;114;12;15;221
G1;36120020001;Execução de Título Extrajudicial;202401;1;0;0;5;27;2;0;44
G1;36120020001;Conhecimento;202401;24;3;5;69;744;27;34;841
G1;36120020001;Execução Judicial;202401;6;0;0;16;120;11;13;220
G1;36120020001;Execução Judicial;202402;6;4;1;16;122;13;12;229
G1;36120020001;Execução de Título Extrajudicial;202402;5;0;0;5;31;2;0;48
G1;36120020001;Conhecimento;202402;47;3;2;92;772;28;33;893
G1;36120020001;Conhecimento;202403;70;1;0;54;797;27;29;856
G1;36120020001;Execução Judicial;202403;8;4;5;13;109;16;16;222
G1;36120020001;Execução de Título Extrajudicial;202403;0;0;0;2;29;2;0;44
G1;36120020001;Execução Judicial;202404;17;0;3;14;114;16;19;216
G1;36120020001;Execução de Título Extrajudicial;202404;4;0;0;8;29;2;0;50
G1;36120020001;Conhecimento;202404;69;3;3;90;817;27;30;875
G1;36120020001;Execução Judicial;202405;16;1;0;15;127;16;18;191
G1;36120020001;Execução de Título Extrajudicial;202405;0;0;0;3;29;1;0;49
G1;36120020001;Conhecimento;202405;65;4;4;76;801;30;26;868
G1;36120020001;Execução de Título Extrajudicial;202406;7;0;0;5;33;1;0;49
G1;36120020001;Conhecimento;202406;151;8;8;75;912;34;32;872
G1;36120020001;Execução Judicial;202406;33;2;1;20;152;18;18;193
G1;36120020001;Execução Judicial;202407;26;3;1;14;167;16;13;188
G1;36120020001;Execução de Título Extrajudicial;202407;4;0;0;1;36;1;0;48
G1;36120020001;Conhecimento;202407;127;7;4;77;943;37;33;884
G1;36120020001;Execução de Título Extrajudicial;202408;2;0;0;6;34;0;0;52
G1;36120020001;Execução Judicial;202408;12;0;0;14;174;15;12;192
G1;36120020001;Conhecimento;202408;54;1;1;83;943;36;34;906
G1;36120020001;Execução de Título Extrajudicial;202409;2;0;0;2;34;0;0;51
G1;36120020001;Conhecimento;202409;76;6;5;75;972;37;37;915
G1;36120020001;Execução Judicial;202409;7;0;0;30;170;14;11;205
G1;36120020001;Execução Judicial;202410;20;2;1;26;181;16;12;221
G1;36120020001;Conhecimento;202410;65;2;4;98;959;38;39;936
G1;36120020001;Execução de Título Extrajudicial;202410;2;0;0;14;34;0;0;58
G1;36120020001;Execução de Título Extrajudicial;202411;3;0;0;3;34;0;0;59
G1;36120020001;Conhecimento;202411;84;2;2;47;924;40;39;894
G1;36120020001;Execução Judicial;202411;41;1;0;13;213;17;12;203
G1;36120020001;Execução Judicial;202412;30;0;0;21;222;17;12;212
G1;36120020001;Conhecimento;202412;147;3;2;55;979;43;40;891
G1;36120020001;Execução de Título Extrajudicial;202412;0;0;0;2;30;0;0;56
G1;36120020001;Execução Judicial;202501;4;0;0;23;220;17;12;219
G1;36120020001;Execução de Título Extrajudicial;202501;4;0;0;9;33;0;0;60
G1;36120020001;Conhecimento;202501;33;2;4;95;988;42;39;917
G1;36120020001;Execução de Título Extrajudicial;202502;4;0;0;3;32;0;0;58
G1;36120020001;Conhecimento;202502;69;7;6;86;1010;46;43;911
G1;36120020001;Execução Judicial;202502;14;1;1;19;228;14;12;222
G1;36120020001;Execução de Título Extrajudicial;202503;5;0;0;3;37;0;0;59
G1;36120020001;Conhecimento;202503;68;5;2;95;1008;50;45;952
G1;36120020001;Execução Judicial;202503;11;1;0;20;231;11;7;229
G1;36120020001;Execução de Título Extrajudicial;202504;1;0;0;6;34;0;0;57
G1;36120020001;Execução Judicial;202504;19;2;3;20;233;13;7;235
G1;36120020001;Conhecimento;202504;97;6;4;80;1036;53;46;942
G1;36120020001;Execução Judicial;202505;11;0;1;35;228;12;8;255
G1;36120020001;Conhecimento;202505;25;6;3;78;996;55;45;944
G1;36120020001;Execução de Título Extrajudicial;202505;1;0;0;1;35;0;0;55
G1;36120020001;Execução de Título Extrajudicial;202506;2;0;0;5;30;0;0;55
G1;36120020001;Execução Judicial;202506;15;0;1;29;210;10;8;264
G1;36120020001;Conhecimento;202506;71;5;3;89;916;52;40;958
G1;36120020001;Execução de Título Extrajudicial;202507;8;1;0;3;34;1;0;57
G1;36120020001;Execução Judicial;202507;40;0;0;20;224;7;7;270
G1;36120020001;Conhecimento;202507;142;16;4;112;931;61;40;993
G1;36120020001;Execução de Título Extrajudicial;202508;0;0;0;5;32;1;0;56
G1;36120020001;Execução Judicial;202508;3;1;1;19;215;8;8;275
G1;36120020001;Conhecimento;202508;17;5;1;72;894;65;40;982
G1;36120020001;Execução Judicial;202509;16;1;1;34;224;9;9;279
G1;36120020001;Execução de Título Extrajudicial;202509;3;0;0;2;33;1;0;56
G1;36120020001;Conhecimento;202509;46;4;5;91;864;63;40;998
G1;36120020001;Conhecimento;202510;78;9;5;79;877;70;41;979
G1;36120020001;Execução Judicial;202510;9;1;0;27;213;8;8;280
G1;36120020001;Execução de Título Extrajudicial;202510;1;0;0;2;32;1;0;44
G1;36120020001;Execução Judicial;202511;23;1;0;20;195;8;8;287
G1;36120020001;Conhecimento;202511;93;5;3;99;886;73;42;1031
G1;36120020001;Execução de Título Extrajudicial;202511;2;0;0;6;31;1;0;47
G1;36120020001;Execução de Título Extrajudicial;202512;10;0;0;8;41;1;0;53
G1;36120020001;Conhecimento;202512;168;4;2;61;907;74;42;1037
G1;36120020001;Execução Judicial;202512;53;0;1;8;218;8;9;274
G1;36120020001;Execução de Título Extrajudicial;202601;2;0;1;5;39;1;1;49
G1;36120020001;Conhecimento;202601;45;1;5;49;919;73;43;991
G1;36120020001;Execução Judicial;202601;11;0;3;9;225;8;12;260
G1;36120020001;Conhecimento;202602;47;3;6;78;897;69;43;983
G1;36120020001;Execução de Título Extrajudicial;202602;0;0;0;5;35;1;1;51
G1;36120020001;Execução Judicial;202602;10;1;5;19;221;8;16;260
G1;36120020001;Conhecimento;202603;95;8;11;127;924;72;52;1015
G1;36120020001;Execução de Título Extrajudicial;202603;6;1;1;6;36;2;2;54
G1;36120020001;Execução Judicial;202603;9;0;11;36;219;7;27;276
G1;36120020001;Conhecimento;202604;32;4;1;133;859;70;49;1068
G1;36120020001;Execução de Título Extrajudicial;202604;0;0;0;6;35;2;2;54
G1;36120020001;Execução Judicial;202604;8;5;1;33;208;10;25;289
G1;36120020001;Execução de Título Extrajudicial;202605;4;0;0;10;38;2;2;63
G1;36120020001;Execução Judicial;202605;9;6;13;33;206;16;37;287
G1;36120020001;Conhecimento;202605;83;6;10;159;917;70;56;1149
G1;36120020001;Execução de Título Extrajudicial;202606;1;0;0;3;37;2;2;61
G1;36120020001;Conhecimento;202606;106;3;6;134;952;68;59;1194
G1;36120020001;Execução Judicial;202606;20;1;3;42;211;17;39;300
G1;36130020002;Execução de Título Extrajudicial;202301;1;0;0;34;1;0;0;34
G1;36130020002;Conhecimento;202301;13;2;2;43;13;2;2;43
G1;36130020002;Execução Judicial;202301;7;1;0;9;7;1;0;9
G1;36130020002;Conhecimento;202302;43;2;1;40;56;4;3;83
G1;36130020002;Execução Judicial;202302;15;1;0;8;22;2;0;17
G1;36130020002;Execução de Título Extrajudicial;202302;4;0;0;13;5;0;0;47
G1;36130020002;Execução Judicial;202303;15;0;0;26;37;2;0;43
G1;36130020002;Execução de Título Extrajudicial;202303;14;0;0;18;19;0;0;65
G1;36130020002;Conhecimento;202303;48;6;0;80;104;10;3;163
G1;36130020002;Execução de Título Extrajudicial;202304;26;0;0;6;45;0;0;71
G1;36130020002;Conhecimento;202304;47;0;0;64;151;10;3;227
G1;36130020002;Execução Judicial;202304;16;0;0;15;53;2;0;58
G1;36130020002;Execução Judicial;202305;55;1;1;31;108;3;1;89
G1;36130020002;Conhecimento;202305;71;8;0;84;222;18;3;311
G1;36130020002;Execução de Título Extrajudicial;202305;14;1;0;8;59;1;0;79
G1;36130020002;Execução Judicial;202306;28;1;0;12;136;4;1;101
G1;36130020002;Execução de Título Extrajudicial;202306;24;0;2;50;83;1;2;129
G1;36130020002;Conhecimento;202306;70;2;2;65;292;20;5;376
G1;36130020002;Execução Judicial;202307;34;2;0;15;170;6;1;116
G1;36130020002;Execução de Título Extrajudicial;202307;15;2;1;12;98;3;3;141
G1;36130020002;Conhecimento;202307;129;1;0;61;421;21;5;437
G1;36130020002;Execução de Título Extrajudicial;202308;9;0;0;19;107;3;3;160
G1;36130020002;Execução Judicial;202308;17;0;0;10;187;6;1;126
G1;36130020002;Conhecimento;202308;40;0;0;76;461;21;5;513
G1;36130020002;Execução Judicial;202309;36;0;0;12;223;6;1;138
G1;36130020002;Execução de Título Extrajudicial;202309;15;0;0;10;122;3;3;170
G1;36130020002;Conhecimento;202309;71;3;1;56;532;24;6;569
G1;36130020002;Execução Judicial;202310;25;0;0;28;248;6;1;166
G1;36130020002;Execução de Título Extrajudicial;202310;13;0;0;5;135;3;3;175
G1;36130020002;Conhecimento;202310;108;1;0;69;640;25;6;638
G1;36130020002;Conhecimento;202311;80;5;3;88;720;30;9;726
G1;36130020002;Execução de Título Extrajudicial;202311;22;0;0;11;157;3;3;186
G1;36130020002;Execução Judicial;202311;34;0;0;29;282;6;1;195
G1;36130020002;Execução de Título Extrajudicial;202312;20;0;0;5;177;3;3;191
G1;36130020002;Execução Judicial;202312;40;2;2;25;322;8;3;220
G1;36130020002;Conhecimento;202312;123;4;3;53;843;34;12;779
G1;36130020002;Conhecimento;202401;45;3;1;65;875;35;11;801
G1;36130020002;Execução Judicial;202401;13;1;1;22;328;8;4;233
G1;36130020002;Execução de Título Extrajudicial;202401;4;0;0;11;180;3;3;168
G1;36130020002;Execução Judicial;202402;18;0;0;12;331;7;4;237
G1;36130020002;Execução de Título Extrajudicial;202402;3;0;0;24;179;3;3;179
G1;36130020002;Conhecimento;202402;60;2;2;68;892;35;12;829
G1;36130020002;Conhecimento;202403;110;1;3;39;954;30;15;788
G1;36130020002;Execução Judicial;202403;19;3;2;21;335;10;6;232
G1;36130020002;Execução de Título Extrajudicial;202403;11;0;1;4;176;3;4;165
G1;36130020002;Conhecimento;202404;86;3;3;75;993;33;18;799
G1;36130020002;Execução Judicial;202404;44;6;2;24;363;16;8;241
G1;36130020002;Execução de Título Extrajudicial;202404;15;0;0;8;165;3;4;167
G1;36130020002;Execução Judicial;202405;34;1;2;14;342;16;9;224
G1;36130020002;Execução de Título Extrajudicial;202405;13;0;0;4;164;2;4;163
G1;36130020002;Conhecimento;202405;73;9;13;72;995;34;31;787
G1;36130020002;Conhecimento;202406;141;10;5;63;1066;42;34;785
G1;36130020002;Execução Judicial;202406;45;0;0;19;359;15;9;231
G1;36130020002;Execução de Título Extrajudicial;202406;26;0;0;4;166;2;2;117
G1;36130020002;Execução Judicial;202407;23;1;1;16;348;14;10;232
G1;36130020002;Conhecimento;202407;114;9;1;78;1051;50;35;802
G1;36130020002;Execução de Título Extrajudicial;202407;45;0;0;3;196;0;1;108
G1;36130020002;Conhecimento;202408;79;6;4;70;1090;56;39;796
G1;36130020002;Execução Judicial;202408;25;0;0;22;356;14;10;244
G1;36130020002;Execução de Título Extrajudicial;202408;19;0;0;24;206;0;1;113
G1;36130020002;Execução Judicial;202409;7;5;3;26;327;19;13;258
G1;36130020002;Conhecimento;202409;77;5;5;86;1096;58;43;826
G1;36130020002;Execução de Título Extrajudicial;202409;11;0;0;0;202;0;1;103
G1;36130020002;Execução de Título Extrajudicial;202410;16;0;0;12;205;0;1;110
G1;36130020002;Conhecimento;202410;93;1;0;87;1081;58;43;844
G1;36130020002;Execução Judicial;202410;22;3;1;37;324;22;14;267
G1;36130020002;Execução de Título Extrajudicial;202411;5;0;0;5;188;0;1;104
G1;36130020002;Conhecimento;202411;50;1;0;54;1051;54;40;810
G1;36130020002;Execução Judicial;202411;18;2;3;17;308;24;17;255
G1;36130020002;Execução de Título Extrajudicial;202412;54;0;0;4;222;0;1;103
G1;36130020002;Conhecimento;202412;147;2;2;61;1075;52;39;818
G1;36130020002;Execução Judicial;202412;49;0;1;22;317;22;16;252
G1;36130020002;Conhecimento;202501;25;8;2;86;1055;57;40;839
G1;36130020002;Execução de Título Extrajudicial;202501;5;0;0;4;223;0;1;96
G1;36130020002;Execução Judicial;202501;6;0;0;21;310;21;15;251
G1;36130020002;Conhecimento;202502;38;5;1;93;1033;60;39;864
G1;36130020002;Execução Judicial;202502;1;0;0;17;293;21;15;256
G1;36130020002;Execução de Título Extrajudicial;202502;12;0;0;5;232;0;1;77
G1;36130020002;Execução de Título Extrajudicial;202503;2;0;0;26;223;0;0;99
G1;36130020002;Conhecimento;202503;24;3;4;86;947;62;40;911
G1;36130020002;Execução Judicial;202503;6;0;0;21;280;18;13;256
G1;36130020002;Conhecimento;202504;61;8;4;87;922;67;41;923
G1;36130020002;Execução Judicial;202504;18;2;0;27;254;14;11;259
G1;36130020002;Execução de Título Extrajudicial;202504;7;1;0;6;215;1;0;97
G1;36130020002;Execução de Título Extrajudicial;202505;4;0;0;1;206;1;0;94
G1;36130020002;Execução Judicial;202505;4;0;0;31;224;13;9;276
G1;36130020002;Conhecimento;202505;33;3;2;86;882;61;30;937
G1;36130020002;Execução de Título Extrajudicial;202506;3;0;0;3;183;1;0;93
G1;36130020002;Conhecimento;202506;30;7;5;87;771;58;30;961
G1;36130020002;Execução Judicial;202506;17;1;0;13;196;14;9;270
G1;36130020002;Conhecimento;202507;145;16;17;107;802;65;46;990
G1;36130020002;Execução de Título Extrajudicial;202507;27;0;0;17;165;1;0;107
G1;36130020002;Execução Judicial;202507;40;0;0;17;213;13;8;271
G1;36130020002;Execução de Título Extrajudicial;202508;5;0;0;65;151;1;0;148
G1;36130020002;Conhecimento;202508;22;3;4;76;745;62;46;996
G1;36130020002;Execução Judicial;202508;8;2;0;7;196;15;8;256
G1;36130020002;Conhecimento;202509;55;7;4;97;723;64;45;1007
G1;36130020002;Execução de Título Extrajudicial;202509;6;0;0;10;146;1;0;158
G1;36130020002;Execução Judicial;202509;11;0;0;19;200;10;5;249
G1;36130020002;Execução de Título Extrajudicial;202510;4;1;1;6;134;2;1;152
G1;36130020002;Conhecimento;202510;106;13;13;89;736;76;58;1009
G1;36130020002;Execução Judicial;202510;18;1;1;20;196;8;5;232
G1;36130020002;Execução Judicial;202511;2;1;0;14;180;7;2;229
G1;36130020002;Execução de Título Extrajudicial;202511;6;0;0;6;135;2;1;153
G1;36130020002;Conhecimento;202511;40;3;6;82;726;78;64;1037
G1;36130020002;Execução Judicial;202512;36;1;0;7;167;8;1;214
G1;36130020002;Conhecimento;202512;137;9;5;47;716;85;67;1023
G1;36130020002;Execução de Título Extrajudicial;202512;15;0;5;8;96;2;6;157
G1;36130020002;Execução de Título Extrajudicial;202601;5;1;0;7;96;3;6;160
G1;36130020002;Conhecimento;202601;39;10;1;62;730;87;66;999
G1;36130020002;Execução Judicial;202601;7;3;0;10;168;11;1;203
G1;36130020002;Execução Judicial;202602;6;5;0;23;173;16;1;209
G1;36130020002;Execução de Título Extrajudicial;202602;10;0;0;25;94;3;6;180
G1;36130020002;Conhecimento;202602;44;8;0;72;736;90;65;978
G1;36130020002;Execução Judicial;202603;6;11;0;20;173;27;1;208
G1;36130020002;Execução de Título Extrajudicial;202603;9;0;0;11;101;3;6;165
G1;36130020002;Conhecimento;202603;34;9;1;140;746;96;62;1032
G1;36130020002;Execução Judicial;202604;15;1;4;47;170;26;5;228
G1;36130020002;Conhecimento;202604;63;3;4;111;748;91;62;1056
G1;36130020002;Execução de Título Extrajudicial;202604;9;1;0;24;103;3;6;183
G1;36130020002;Execução Judicial;202605;19;14;6;11;185;40;11;208
G1;36130020002;Conhecimento;202605;53;10;7;85;768;98;67;1055
G1;36130020002;Execução de Título Extrajudicial;202605;3;0;0;19;102;3;6;201
G1;36130020002;Conhecimento;202606;70;4;1;32;808;95;63;1000
G1;36130020002;Execução de Título Extrajudicial;202606;11;0;1;8;110;3;7;206
G1;36130020002;Execução Judicial;202606;19;3;1;4;187;42;12;199
G1;36140020003;Conhecimento;202301;7;11;11;28;7;11;11;28
G1;36140020003;Execução Judicial;202301;0;0;0;0;0;0;0;0
G1;36140020003;Conhecimento;202302;8;10;7;39;15;21;18;67
G1;36140020003;Execução Judicial;202302;0;0;0;0;0;0;0;0
G1;36140020003;Conhecimento;202303;11;10;8;36;26;31;26;103
G1;36140020003;Execução Judicial;202303;0;0;0;0;0;0;0;0
G1;36140020003;Execução Judicial;202304;0;0;0;0;0;0;0;0
G1;36140020003;Conhecimento;202304;6;8;8;19;32;39;34;122
G1;36140020003;Execução Judicial;202305;0;0;0;0;0;0;0;0
G1;36140020003;Conhecimento;202305;10;17;10;60;42;56;44;182
G1;36140020003;Conhecimento;202306;13;10;6;26;55;66;50;208
G1;36140020003;Execução Judicial;202306;0;0;0;0;0;0;0;0
G1;36140020003;Conhecimento;202307;22;15;12;59;77;81;62;267
G1;36140020003;Execução Judicial;202307;0;0;0;0;0;0;0;0
G1;36140020003;Conhecimento;202308;5;11;18;35;82;92;80;302
G1;36140020003;Execução Judicial;202308;0;0;0;0;0;0;0;0
G1;36140020003;Execução Judicial;202309;0;0;0;0;0;0;0;0
G1;36140020003;Conhecimento;202309;15;16;11;46;97;108;91;348
G1;36140020003;Conhecimento;202310;46;16;15;30;143;124;106;378
G1;36140020003;Execução Judicial;202310;0;0;0;0;0;0;0;0
G1;36140020003;Conhecimento;202311;15;15;18;39;158;139;124;417
G1;36140020003;Execução Judicial;202311;0;0;0;0;0;0;0;0
G1;36140020003;Conhecimento;202312;18;12;6;67;176;151;130;484
G1;36140020003;Execução Judicial;202312;0;0;0;0;0;0;0;0
G1;36140020003;Execução Judicial;202401;0;0;0;0;0;0;0;0
G1;36140020003;Conhecimento;202401;31;14;13;35;200;154;132;491
G1;36140020003;Conhecimento;202402;42;9;11;46;234;153;136;498
G1;36140020003;Execução Judicial;202402;0;0;0;0;0;0;0;0
G1;36140020003;Conhecimento;202403;28;4;9;22;251;147;137;484
G1;36140020003;Execução Judicial;202403;0;0;0;0;0;0;0;0
G1;36140020003;Execução Judicial;202404;0;0;0;0;0;0;0;0
G1;36140020003;Conhecimento;202404;28;12;11;32;273;151;140;497
G1;36140020003;Execução Judicial;202405;0;0;0;0;0;0;0;0
G1;36140020003;Conhecimento;202405;67;9;10;39;330;143;140;476
G1;36140020003;Execução Judicial;202406;0;0;0;0;0;0;0;0
G1;36140020003;Conhecimento;202406;30;6;6;41;347;139;140;491
G1;36140020003;Execução Judicial;202407;1;0;0;0;1;0;0;0
G1;36140020003;Conhecimento;202407;45;12;9;43;370;136;137;475
G1;36140020003;Conhecimento;202408;13;6;6;33;378;131;125;473
G1;36140020003;Conhecimento;202409;35;11;11;31;398;126;125;458
G1;36140020003;Conhecimento;202410;35;4;3;23;387;114;113;451
G1;36140020003;Conhecimento;202411;44;8;7;23;416;107;102;435
G1;36140020003;Conhecimento;202412;26;9;5;15;424;104;101;383
G1;36140020003;Conhecimento;202501;19;23;8;6;412;113;96;354
G1;36140020003;Conhecimento;202502;32;18;2;28;402;122;87;336
G1;36140020003;Conhecimento;202503;33;13;3;18;407;131;81;332
G1;36140020003;Conhecimento;202504;59;9;2;21;438;128;72;321
G1;36140020003;Conhecimento;202505;44;13;5;17;415;132;67;299
G1;36140020003;Conhecimento;202506;34;6;2;27;419;132;63;285
G1;36140020003;Conhecimento;202507;45;21;10;21;419;141;64;263
G1;36140020003;Conhecimento;202508;24;24;6;26;430;159;64;256
G1;36140020003;Conhecimento;202509;47;15;4;9;442;163;57;234
G1;36140020003;Conhecimento;202510;29;15;2;7;436;174;56;218
G1;36140020003;Conhecimento;202511;37;8;2;23;429;174;51;218
G1;36140020003;Conhecimento;202512;7;18;1;9;410;183;47;212
G1;36140020003;Conhecimento;202601;21;17;4;26;412;177;43;232
G1;36140020003;Conhecimento;202602;46;13;5;9;426;172;46;213
G1;36140020003;Conhecimento;202603;20;11;4;9;413;170;47;204
G1;36140020003;Conhecimento;202604;34;9;8;33;388;170;53;216
G1;36140020003;Conhecimento;202605;32;2;5;20;376;159;53;219
G1;36140020003;Conhecimento;202606;33;2;2;11;375;155;53;203
G1;36140020006;Conhecimento;202301;0;0;0;1;0;0;0;1
G1;36140020006;Conhecimento;202302;0;0;1;2;0;0;1;3
G1;36140020006;Conhecimento;202303;0;1;1;6;0;1;2;9
G1;36140020006;Conhecimento;202304;0;0;1;3;0;1;3;12
G1;36140020006;Conhecimento;202305;0;0;9;2;0;1;12;14
G1;36140020006;Conhecimento;202306;0;0;1;2;0;1;13;16
G1;36140020006;Conhecimento;202307;0;0;3;2;0;1;16;18
G1;36140020006;Conhecimento;202308;0;0;2;2;0;1;18;20
G1;36140020006;Conhecimento;202309;0;0;5;1;0;1;23;21
G1;36140020006;Conhecimento;202310;0;0;5;2;0;1;28;23
G1;36140020006;Conhecimento;202311;0;0;5;3;0;1;33;26
G1;36140020006;Conhecimento;202312;1;1;1;1;1;2;34;27
G1;36140020006;Conhecimento;202401;0;0;2;0;1;2;36;26
G1;36140020006;Conhecimento;202402;0;0;0;1;1;2;35;25
G1;36140020006;Conhecimento;202403;0;1;1;2;1;2;35;21
G1;36140020006;Conhecimento;202404;0;0;2;1;1;2;36;19
G1;36140020006;Conhecimento;202405;0;0;0;0;1;2;27;17
G1;36140020006;Conhecimento;202406;0;0;0;0;1;2;26;15
G1;36140020006;Conhecimento;202407;0;1;3;0;1;3;26;13
G1;36140020006;Conhecimento;202408;0;0;3;0;1;3;27;11
G1;36140020006;Conhecimento;202409;0;0;0;2;1;3;22;12
G1;36140020006;Conhecimento;202410;0;1;0;0;1;4;17;10
G1;36140020006;Conhecimento;202411;0;1;2;1;1;5;14;8
G1;36140020006;Conhecimento;202412;0;2;2;0;0;6;15;7
G1;36140020006;Conhecimento;202501;0;0;0;0;0;6;13;7
G1;36140020006;Conhecimento;202502;0;0;1;0;0;6;14;6
G1;36140020006;Conhecimento;202503;0;1;0;1;0;6;13;5
G1;36140020006;Conhecimento;202504;0;1;3;0;0;7;14;4
G1;36140020006;Conhecimento;202505;0;1;1;0;0;8;15;4
G1;36140020006;Conhecimento;202506;1;0;1;0;1;8;16;4
G1;36140020006;Conhecimento;202507;0;1;1;0;1;8;14;4
G1;36140020006;Conhecimento;202508;0;0;1;1;1;8;12;5
G1;36140020006;Conhecimento;202509;0;2;1;3;1;10;13;6
G1;36140020006;Conhecimento;202510;0;3;5;0;1;12;18;6
G1;36140020006;Conhecimento;202511;0;1;2;1;1;12;18;6
G1;36140020006;Conhecimento;202512;0;0;5;1;1;10;21;7
G1;36140020006;Conhecimento;202602;0;0;3;1;1;10;23;8
G1;36140020006;Conhecimento;202603;0;0;1;0;1;9;24;7
G1;36140020006;Conhecimento;202604;1;2;3;2;2;10;24;9
G1;36140020006;Conhecimento;202605;0;0;2;0;2;9;25;9
G1;36140020006;Conhecimento;202606;0;0;1;0;1;9;25;9
G1;36150020004;Execução de Título Extrajudicial;202301;0;0;0;0;0;0;0;0
G1;36150020004;Conhecimento;202301;23;19;18;20;23;19;18;20
G1;36150020004;Execução de Título Extrajudicial;202302;0;0;0;0;0;0;0;0
G1;36150020004;Conhecimento;202302;33;14;13;42;56;33;31;62
G1;36150020004;Conhecimento;202303;35;13;9;38;91;46;40;100
G1;36150020004;Execução de Título Extrajudicial;202303;0;0;0;0;0;0;0;0
G1;36150020004;Conhecimento;202304;19;8;7;30;110;54;47;130
G1;36150020004;Execução de Título Extrajudicial;202304;0;0;0;0;0;0;0;0
G1;36150020004;Conhecimento;202305;6;17;14;41;116;71;61;171
G1;36150020004;Execução de Título Extrajudicial;202305;0;0;0;0;0;0;0;0
G1;36150020004;Execução de Título Extrajudicial;202306;0;0;0;0;0;0;0;0
G1;36150020004;Conhecimento;202306;49;12;11;49;165;83;72;220
G1;36150020004;Conhecimento;202307;35;16;16;56;200;99;88;276
G1;36150020004;Execução de Título Extrajudicial;202307;0;0;0;0;0;0;0;0
G1;36150020004;Execução de Título Extrajudicial;202308;0;0;0;0;0;0;0;0
G1;36150020004;Conhecimento;202308;44;10;7;18;244;109;95;294
G1;36150020004;Execução de Título Extrajudicial;202309;0;0;0;0;0;0;0;0
G1;36150020004;Conhecimento;202309;17;10;7;51;261;119;102;345
G1;36150020004;Conhecimento;202310;22;8;7;55;283;127;109;400
G1;36150020004;Execução de Título Extrajudicial;202310;0;0;0;0;0;0;0;0
G1;36150020004;Execução de Título Extrajudicial;202311;0;0;0;0;0;0;0;0
G1;36150020004;Conhecimento;202311;51;16;4;45;334;143;113;445
G1;36150020004;Conhecimento;202312;26;6;13;43;360;149;126;488
G1;36150020004;Execução de Título Extrajudicial;202312;0;0;0;0;0;0;0;0
G1;36150020004;Conhecimento;202401;43;13;12;47;380;143;120;515
G1;36150020004;Execução de Título Extrajudicial;202401;0;0;0;0;0;0;0;0
G1;36150020004;Conhecimento;202402;35;11;8;40;382;140;115;513
G1;36150020004;Execução de Título Extrajudicial;202402;0;0;0;0;0;0;0;0
G1;36150020004;Execução de Título Extrajudicial;202403;0;0;0;0;0;0;0;0
G1;36150020004;Conhecimento;202403;16;6;4;20;363;133;110;495
G1;36150020004;Conhecimento;202404;12;2;5;63;356;127;108;528
G1;36150020004;Execução de Título Extrajudicial;202404;0;0;0;0;0;0;0;0
G1;36150020004;Conhecimento;202405;13;8;6;33;363;118;100;520
G1;36150020004;Execução de Título Extrajudicial;202405;0;0;0;0;0;0;0;0
G1;36150020004;Conhecimento;202406;99;4;6;42;413;110;95;513
G1;36150020004;Execução de Título Extrajudicial;202406;0;0;0;0;0;0;0;0
G1;36150020004;Conhecimento;202407;103;15;17;33;481;109;96;490
G1;36150020004;Execução de Título Extrajudicial;202407;0;0;0;0;0;0;0;0
G1;36150020004;Execução de Título Extrajudicial;202408;0;0;0;0;0;0;0;0
G1;36150020004;Conhecimento;202408;49;6;7;45;486;105;96;517
G1;36150020004;Execução de Título Extrajudicial;202409;0;0;0;0;0;0;0;0
G1;36150020004;Conhecimento;202409;38;19;17;55;507;114;106;521
G1;36150020004;Conhecimento;202410;26;15;17;40;511;121;116;506
G1;36150020004;Execução de Título Extrajudicial;202410;0;0;0;0;0;0;0;0
G1;36150020004;Execução de Título Extrajudicial;202411;0;0;0;0;0;0;0;0
G1;36150020004;Conhecimento;202411;27;9;8;16;487;114;120;477
G1;36150020004;Conhecimento;202412;42;7;4;11;503;115;111;445
G1;36150020004;Execução de Título Extrajudicial;202412;0;0;0;0;0;0;0;0
G1;36150020004;Execução de Título Extrajudicial;202501;0;0;0;0;0;0;0;0
G1;36150020004;Conhecimento;202501;7;12;3;14;467;114;102;412
G1;36150020004;Conhecimento;202502;19;13;2;8;451;116;96;380
G1;36150020004;Execução de Título Extrajudicial;202502;0;0;0;0;0;0;0;0
G1;36150020004;Execução de Título Extrajudicial;202503;0;0;0;0;0;0;0;0
G1;36150020004;Conhecimento;202503;11;18;7;23;446;128;99;383
G1;36150020004;Execução de Título Extrajudicial;202504;0;0;0;0;0;0;0;0
G1;36150020004;Conhecimento;202504;29;12;7;25;463;138;101;345
G1;36150020004;Execução de Título Extrajudicial;202505;0;0;0;0;0;0;0;0
G1;36150020004;Conhecimento;202505;46;19;8;27;496;149;103;339
G1;36150020004;Conhecimento;202506;37;10;1;15;434;155;98;312
G1;36150020004;Execução de Título Extrajudicial;202506;0;0;0;0;0;0;0;0
G1;36150020004;Execução de Título Extrajudicial;202507;0;0;0;0;0;0;0;0
G1;36150020004;Conhecimento;202507;59;25;5;20;390;165;86;299
G1;36150020004;Execução de Título Extrajudicial;202508;0;0;0;0;0;0;0;0
G1;36150020004;Conhecimento;202508;23;24;13;21;364;183;92;275
G1;36150020004;Conhecimento;202509;24;7;3;14;350;171;78;234
G1;36150020004;Execução de Título Extrajudicial;202509;0;0;0;0;0;0;0;0
G1;36150020004;Conhecimento;202510;45;25;4;13;369;181;65;207
G1;36150020004;Execução de Título Extrajudicial;202510;0;0;0;0;0;0;0;0
G1;36150020004;Execução de Título Extrajudicial;202511;0;0;0;0;0;0;0;0
G1;36150020004;Conhecimento;202511;29;5;3;15;371;177;60;206
G1;36150020004;Execução de Título Extrajudicial;202512;0;5;0;0;0;5;0;0
G1;36150020004;Conhecimento;202512;19;20;6;15;348;190;62;210
G1;36150020004;Conhecimento;202601;17;10;1;6;358;188;60;202
G1;36150020004;Execução de Título Extrajudicial;202601;0;0;0;0;0;5;0;0
G1;36150020004;Conhecimento;202602;36;12;6;18;375;187;64;212
G1;36150020004;Execução de Título Extrajudicial;202602;0;0;0;0;0;5;0;0
G1;36150020004;Conhecimento;202603;31;15;4;15;395;184;61;204
G1;36150020004;Execução de Título Extrajudicial;202604;0;0;0;0;0;5;0;0
G1;36150020004;Conhecimento;202604;19;22;4;30;385;194;58;209
G1;36150020004;Conhecimento;202605;22;5;6;11;361;180;56;193
G1;36150020004;Execução de Título Extrajudicial;202605;0;0;0;0;0;5;0;0
G1;36150020004;Execução de Título Extrajudicial;202606;0;1;0;0;0;6;0;0
G1;36150020004;Conhecimento;202606;23;5;6;4;347;175;61;182
G1;36160020005;Conhecimento;202306;0;0;1;1;0;0;1;1
G1;36160020005;Conhecimento;202504;0;1;0;0;0;1;0;0
G1;36160020005;Conhecimento;202505;0;0;1;0;0;1;1;0
G1;36160020009;Conhecimento;202303;1;0;1;1;1;0;1;1
G1;36160020009;Conhecimento;202304;0;0;0;1;1;0;1;2
G1;36160020009;Execução Judicial;202305;0;1;0;0;0;1;0;0
G1;36160020009;Conhecimento;202307;0;0;0;1;1;0;1;3
G1;36160020009;Execução Judicial;202401;0;0;1;0;0;1;1;0
G1;36160020009;Conhecimento;202401;0;0;0;1;1;0;1;4
G1;36160020009;Conhecimento;202403;0;1;0;0;0;1;0;3
G1;36160020009;Conhecimento;202405;0;1;0;1;0;2;0;3
G1;36160020009;Conhecimento;202406;0;0;2;1;0;2;2;4
G1;36160020009;Conhecimento;202407;0;0;5;0;0;2;7;3
G1;36160020009;Conhecimento;202408;0;0;1;0;0;2;8;3
G1;36160020009;Conhecimento;202409;0;0;1;0;0;2;9;3
G1;36160020009;Conhecimento;202506;0;1;0;4;0;1;7;4
G1;36160020009;Conhecimento;202507;0;1;3;0;0;2;5;4
G1;36160020009;Conhecimento;202509;0;1;1;0;0;3;4;4
G1;36160020009;Conhecimento;202510;0;5;0;0;0;8;4;4
G1;36160020009;Conhecimento;202511;0;4;1;0;0;12;5;4
G1;36160020009;Conhecimento;202512;0;1;5;1;0;13;10;5
G1;36160020009;Conhecimento;202601;0;0;1;1;0;13;11;6
G1;36160020009;Conhecimento;202602;0;0;2;0;0;13;13;6
G1;36160020009;Conhecimento;202603;0;0;2;1;0;13;15;7
G1;36160020009;Conhecimento;202604;0;0;0;1;0;13;15;8
G1;36160020009;Conhecimento;202605;0;0;2;1;0;13;17;9
G1;36160020009;Conhecimento;202606;0;0;3;0;0;12;20;5
G1;36210010201;Execução Judicial;202301;7;0;0;14;7;0;0;14
G1;36210010201;Execução de Título Extrajudicial;202301;7;1;0;14;7;1;0;14
G1;36210010201;Conhecimento;202301;32;2;2;82;32;2;2;82
G1;36210010201;Conhecimento;202302;84;0;2;65;116;2;4;147
G1;36210010201;Execução Judicial;202302;4;1;2;18;11;1;2;32
G1;36210010201;Execução de Título Extrajudicial;202302;7;3;5;14;14;4;5;28
G1;36210010201;Execução Judicial;202303;6;0;0;23;17;1;2;55
G1;36210010201;Conhecimento;202303;75;4;4;93;191;6;8;240
G1;36210010201;Execução de Título Extrajudicial;202303;6;0;1;19;20;4;6;47
G1;36210010201;Execução de Título Extrajudicial;202304;4;1;0;9;24;5;6;56
G1;36210010201;Execução Judicial;202304;7;0;0;17;24;1;2;72
G1;36210010201;Conhecimento;202304;59;0;1;83;250;6;9;323
G1;36210010201;Execução Judicial;202305;17;0;0;21;41;1;2;93
G1;36210010201;Execução de Título Extrajudicial;202305;9;1;2;16;33;6;8;72
G1;36210010201;Conhecimento;202305;77;1;1;90;327;7;10;413
G1;36210010201;Conhecimento;202306;48;7;6;75;375;14;16;488
G1;36210010201;Execução Judicial;202306;12;0;0;18;53;1;2;111
G1;36210010201;Execução de Título Extrajudicial;202306;10;1;1;12;43;7;9;84
G1;36210010201;Conhecimento;202307;95;2;2;90;470;16;18;578
G1;36210010201;Execução de Título Extrajudicial;202307;14;1;0;14;57;8;9;98
G1;36210010201;Execução Judicial;202307;18;0;0;43;71;1;2;154
G1;36210010201;Conhecimento;202308;85;5;7;97;555;21;25;675
G1;36210010201;Execução Judicial;202308;12;0;0;31;83;1;2;185
G1;36210010201;Execução de Título Extrajudicial;202308;11;0;1;22;68;8;10;120
G1;36210010201;Conhecimento;202309;65;5;6;86;620;26;31;761
G1;36210010201;Execução Judicial;202309;22;0;1;18;105;1;3;203
G1;36210010201;Execução de Título Extrajudicial;202309;8;0;2;14;76;8;12;134
G1;36210010201;Execução Judicial;202310;19;0;0;26;124;1;3;229
G1;36210010201;Execução de Título Extrajudicial;202310;12;0;0;19;88;8;12;153
G1;36210010201;Conhecimento;202310;84;6;6;95;704;32;37;856
G1;36210010201;Execução de Título Extrajudicial;202311;4;2;1;11;92;10;13;164
G1;36210010201;Conhecimento;202311;65;5;15;110;769;37;52;966
G1;36210010201;Execução Judicial;202311;17;0;0;25;141;1;3;254
G1;36210010201;Conhecimento;202312;56;2;9;67;825;39;61;1033
G1;36210010201;Execução Judicial;202312;23;0;0;21;164;1;3;275
G1;36210010201;Execução de Título Extrajudicial;202312;9;1;1;10;101;11;14;174
G1;36210010201;Conhecimento;202401;22;6;3;97;815;43;62;1048
G1;36210010201;Execução Judicial;202401;5;0;0;1;162;1;3;262
G1;36210010201;Execução de Título Extrajudicial;202401;8;0;0;15;102;10;14;175
G1;36210010201;Execução de Título Extrajudicial;202402;6;2;1;8;101;9;10;169
G1;36210010201;Execução Judicial;202402;11;0;0;20;169;0;1;264
G1;36210010201;Conhecimento;202402;85;4;10;99;816;47;70;1082
G1;36210010201;Execução de Título Extrajudicial;202403;12;0;0;11;107;9;9;161
G1;36210010201;Execução Judicial;202403;14;0;0;25;177;0;1;266
G1;36210010201;Conhecimento;202403;76;6;8;114;817;49;74;1103
G1;36210010201;Execução de Título Extrajudicial;202404;10;1;0;16;113;9;9;168
G1;36210010201;Conhecimento;202404;104;5;17;112;862;54;90;1132
G1;36210010201;Execução Judicial;202404;11;0;0;19;181;0;1;268
G1;36210010201;Execução de Título Extrajudicial;202405;9;0;0;15;113;8;7;167
G1;36210010201;Conhecimento;202405;131;3;2;88;916;56;91;1130
G1;36210010201;Execução Judicial;202405;28;0;0;40;192;0;1;287
G1;36210010201;Execução Judicial;202406;13;0;1;43;193;0;2;312
G1;36210010201;Conhecimento;202406;128;4;12;111;996;53;97;1166
G1;36210010201;Execução de Título Extrajudicial;202406;7;0;0;11;110;7;6;166
G1;36210010201;Execução Judicial;202407;53;2;0;40;228;2;2;309
G1;36210010201;Execução de Título Extrajudicial;202407;12;1;1;17;108;7;7;169
G1;36210010201;Conhecimento;202407;155;13;17;138;1056;64;112;1214
G1;36210010201;Execução Judicial;202408;19;1;0;24;235;3;2;302
G1;36210010201;Conhecimento;202408;112;10;9;141;1083;69;114;1258
G1;36210010201;Execução de Título Extrajudicial;202408;9;0;1;14;106;7;7;161
G1;36210010201;Conhecimento;202409;105;5;5;115;1123;69;113;1287
G1;36210010201;Execução Judicial;202409;18;1;0;32;231;4;1;316
G1;36210010201;Execução de Título Extrajudicial;202409;9;1;0;10;107;8;5;157
G1;36210010201;Conhecimento;202410;149;3;8;120;1188;66;115;1312
G1;36210010201;Execução de Título Extrajudicial;202410;5;3;4;12;100;11;9;150
G1;36210010201;Execução Judicial;202410;28;0;0;30;240;4;1;320
G1;36210010201;Conhecimento;202411;108;2;8;113;1231;63;108;1315
G1;36210010201;Execução de Título Extrajudicial;202411;13;0;1;13;109;9;9;152
G1;36210010201;Execução Judicial;202411;34;0;0;27;257;4;1;322
G1;36210010201;Execução de Título Extrajudicial;202412;20;0;2;6;120;8;10;148
G1;36210010201;Conhecimento;202412;149;4;8;79;1324;65;107;1327
G1;36210010201;Execução Judicial;202412;42;0;0;25;276;4;1;326
G1;36210010201;Execução Judicial;202501;5;0;0;17;276;4;1;342
G1;36210010201;Execução de Título Extrajudicial;202501;9;0;0;16;121;8;10;149
G1;36210010201;Conhecimento;202501;53;1;6;100;1355;60;110;1330
G1;36210010201;Conhecimento;202502;111;13;12;125;1381;69;112;1356
G1;36210010201;Execução de Título Extrajudicial;202502;5;1;0;8;120;7;9;149
G1;36210010201;Execução Judicial;202502;24;0;0;33;289;4;1;355
G1;36210010201;Execução Judicial;202503;18;0;0;33;293;4;1;363
G1;36210010201;Execução de Título Extrajudicial;202503;12;0;0;10;120;7;9;148
G1;36210010201;Conhecimento;202503;126;4;9;99;1431;67;113;1341
G1;36210010201;Conhecimento;202504;99;10;28;124;1426;72;124;1353
G1;36210010201;Execução de Título Extrajudicial;202504;13;0;2;14;123;6;11;146
G1;36210010201;Execução Judicial;202504;22;0;0;24;304;4;1;368
G1;36210010201;Conhecimento;202505;113;3;18;104;1408;72;140;1369
G1;36210010201;Execução Judicial;202505;14;0;0;42;290;4;1;370
G1;36210010201;Execução de Título Extrajudicial;202505;10;0;0;14;124;6;11;145
G1;36210010201;Execução de Título Extrajudicial;202506;16;0;0;10;133;6;11;144
G1;36210010201;Conhecimento;202506;125;3;5;91;1405;71;133;1349
G1;36210010201;Execução Judicial;202506;27;2;0;45;304;6;0;372
G1;36210010201;Execução Judicial;202507;57;0;0;47;308;4;0;379
G1;36210010201;Execução de Título Extrajudicial;202507;27;1;0;13;148;6;10;140
G1;36210010201;Conhecimento;202507;227;6;8;116;1477;64;124;1327
G1;36210010201;Execução de Título Extrajudicial;202508;14;0;0;15;153;6;9;141
G1;36210010201;Execução Judicial;202508;32;0;1;37;321;3;1;392
G1;36210010201;Conhecimento;202508;87;5;7;95;1452;59;122;1281
G1;36210010201;Execução de Título Extrajudicial;202509;114;0;0;14;258;5;9;145
G1;36210010201;Conhecimento;202509;111;1;2;112;1458;55;119;1278
G1;36210010201;Execução Judicial;202509;114;0;0;33;417;2;1;393
G1;36210010201;Conhecimento;202510;115;5;9;101;1424;57;120;1259
G1;36210010201;Execução Judicial;202510;54;1;0;29;443;3;1;392
G1;36210010201;Execução de Título Extrajudicial;202510;36;0;0;10;289;2;5;143
G1;36210010201;Execução de Título Extrajudicial;202511;54;0;0;8;330;2;4;138
G1;36210010201;Execução Judicial;202511;68;3;3;29;477;6;4;394
G1;36210010201;Conhecimento;202511;76;13;8;81;1392;68;120;1227
G1;36210010201;Execução de Título Extrajudicial;202512;26;0;0;19;336;2;2;151
G1;36210010201;Conhecimento;202512;55;8;6;65;1298;72;118;1213
G1;36210010201;Execução Judicial;202512;51;6;1;10;486;12;5;379
G1;36210010201;Execução de Título Extrajudicial;202601;4;0;0;12;331;2;2;147
G1;36210010201;Conhecimento;202601;35;8;4;67;1280;79;116;1180
G1;36210010201;Execução Judicial;202601;14;6;14;19;495;18;19;381
G1;36210010201;Conhecimento;202602;70;2;5;84;1239;68;109;1139
G1;36210010201;Execução de Título Extrajudicial;202602;19;0;0;22;345;1;2;161
G1;36210010201;Execução Judicial;202602;21;17;17;24;492;35;36;372
G1;36210010201;Execução de Título Extrajudicial;202603;20;0;1;20;353;1;3;171
G1;36210010201;Execução Judicial;202603;33;29;11;19;507;64;47;358
G1;36210010201;Conhecimento;202603;117;6;7;99;1230;70;107;1139
G1;36210010201;Execução Judicial;202604;24;21;12;23;509;85;59;357
G1;36210010201;Execução de Título Extrajudicial;202604;14;1;0;4;354;2;1;161
G1;36210010201;Conhecimento;202604;104;3;3;84;1235;63;82;1099
G1;36210010201;Conhecimento;202605;73;8;17;95;1195;68;81;1090
G1;36210010201;Execução de Título Extrajudicial;202605;13;1;0;12;357;3;1;159
G1;36210010201;Execução Judicial;202605;22;36;34;41;517;121;93;356
G1;36210010201;Execução de Título Extrajudicial;202606;8;0;1;11;349;3;2;160
G1;36210010201;Execução Judicial;202606;29;22;9;16;519;141;102;327
G1;36210010201;Conhecimento;202606;39;7;7;66;1109;72;83;1065
G1;36220010202;Conhecimento;202301;22;6;5;82;22;6;5;82
G1;36220010202;Execução Judicial;202301;10;1;1;4;10;1;1;4
G1;36220010202;Execução de Título Extrajudicial;202301;10;0;0;19;10;0;0;19
G1;36220010202;Execução de Título Extrajudicial;202302;9;2;2;9;19;2;2;28
G1;36220010202;Execução Judicial;202302;10;0;0;3;20;1;1;7
G1;36220010202;Conhecimento;202302;74;2;1;69;96;8;6;151
G1;36220010202;Execução de Título Extrajudicial;202303;16;5;5;11;35;7;7;39
G1;36220010202;Execução Judicial;202303;25;1;0;7;45;2;1;14
G1;36220010202;Conhecimento;202303;71;3;5;97;167;11;11;248
G1;36220010202;Execução de Título Extrajudicial;202304;7;0;0;8;42;7;7;47
G1;36220010202;Conhecimento;202304;64;0;2;94;231;11;13;342
G1;36220010202;Execução Judicial;202304;15;0;0;8;60;2;1;22
G1;36220010202;Execução Judicial;202305;18;1;0;20;78;3;1;42
G1;36220010202;Execução de Título Extrajudicial;202305;11;1;1;15;53;8;8;62
G1;36220010202;Conhecimento;202305;82;1;4;105;313;12;17;447
G1;36220010202;Execução Judicial;202306;7;0;0;11;85;3;1;53
G1;36220010202;Conhecimento;202306;56;1;5;83;369;13;22;530
G1;36220010202;Execução de Título Extrajudicial;202306;10;0;2;16;63;8;10;78
G1;36220010202;Execução Judicial;202307;24;0;0;12;109;3;1;65
G1;36220010202;Conhecimento;202307;80;5;7;94;449;18;29;624
G1;36220010202;Execução de Título Extrajudicial;202307;14;0;0;13;77;8;10;91
G1;36220010202;Conhecimento;202308;67;3;2;89;516;21;31;713
G1;36220010202;Execução de Título Extrajudicial;202308;12;0;0;21;89;8;10;112
G1;36220010202;Execução Judicial;202308;10;0;0;7;119;3;1;72
G1;36220010202;Conhecimento;202309;52;5;0;89;568;26;31;802
G1;36220010202;Execução de Título Extrajudicial;202309;9;0;0;11;98;8;10;123
G1;36220010202;Execução Judicial;202309;15;0;0;28;134;3;1;100
G1;36220010202;Execução Judicial;202310;24;0;0;14;158;3;1;114
G1;36220010202;Conhecimento;202310;60;4;8;108;628;30;39;910
G1;36220010202;Execução de Título Extrajudicial;202310;29;0;0;21;127;8;10;144
G1;36220010202;Execução de Título Extrajudicial;202311;13;1;1;7;140;9;11;151
G1;36220010202;Conhecimento;202311;61;3;3;122;689;33;42;1032
G1;36220010202;Execução Judicial;202311;17;0;0;4;175;3;1;118
G1;36220010202;Execução Judicial;202312;30;0;0;9;205;3;1;127
G1;36220010202;Execução de Título Extrajudicial;202312;15;3;1;5;155;12;12;156
G1;36220010202;Conhecimento;202312;98;3;9;80;787;36;51;1112
G1;36220010202;Conhecimento;202401;19;3;5;101;784;33;51;1131
G1;36220010202;Execução de Título Extrajudicial;202401;1;0;1;14;146;12;13;151
G1;36220010202;Execução Judicial;202401;4;0;1;11;199;2;1;134
G1;36220010202;Conhecimento;202402;78;7;13;101;788;38;63;1163
G1;36220010202;Execução de Título Extrajudicial;202402;12;2;4;10;149;12;15;152
G1;36220010202;Execução Judicial;202402;10;0;0;22;199;2;1;153
G1;36220010202;Execução de Título Extrajudicial;202403;16;2;3;16;149;9;13;157
G1;36220010202;Conhecimento;202403;72;5;9;120;789;40;67;1186
G1;36220010202;Execução Judicial;202403;17;0;0;11;191;1;1;157
G1;36220010202;Execução de Título Extrajudicial;202404;17;0;2;18;159;9;15;167
G1;36220010202;Conhecimento;202404;94;6;13;103;819;46;78;1195
G1;36220010202;Execução Judicial;202404;22;0;0;15;198;1;1;164
G1;36220010202;Execução Judicial;202405;9;0;0;15;189;0;1;159
G1;36220010202;Execução de Título Extrajudicial;202405;15;0;0;15;163;8;14;167
G1;36220010202;Conhecimento;202405;82;0;7;100;819;45;81;1190
G1;36220010202;Conhecimento;202406;100;6;11;111;863;50;87;1218
G1;36220010202;Execução Judicial;202406;14;1;0;19;196;1;1;167
G1;36220010202;Execução de Título Extrajudicial;202406;5;0;0;12;158;8;12;163
G1;36220010202;Execução Judicial;202407;54;1;0;33;226;2;1;188
G1;36220010202;Conhecimento;202407;193;6;12;147;976;51;92;1271
G1;36220010202;Execução de Título Extrajudicial;202407;74;0;2;25;218;8;14;175
G1;36220010202;Execução de Título Extrajudicial;202408;5;1;1;10;211;9;15;164
G1;36220010202;Execução Judicial;202408;6;1;0;14;222;3;1;195
G1;36220010202;Conhecimento;202408;77;5;11;142;986;53;101;1324
G1;36220010202;Conhecimento;202409;91;7;12;116;1025;55;113;1351
G1;36220010202;Execução Judicial;202409;8;0;0;15;215;3;1;182
G1;36220010202;Execução de Título Extrajudicial;202409;7;0;0;11;209;9;15;164
G1;36220010202;Conhecimento;202410;111;7;7;123;1076;58;112;1366
G1;36220010202;Execução de Título Extrajudicial;202410;7;0;0;9;187;9;15;152
G1;36220010202;Execução Judicial;202410;9;0;0;22;200;3;1;190
G1;36220010202;Execução de Título Extrajudicial;202411;7;0;0;12;181;8;14;157
G1;36220010202;Conhecimento;202411;112;4;8;110;1127;59;117;1354
G1;36220010202;Execução Judicial;202411;9;0;1;21;192;3;2;207
G1;36220010202;Conhecimento;202412;155;2;7;73;1184;58;115;1347
G1;36220010202;Execução de Título Extrajudicial;202412;19;0;0;11;185;5;13;163
G1;36220010202;Execução Judicial;202412;28;0;0;15;190;3;2;213
G1;36220010202;Conhecimento;202501;50;5;6;97;1215;60;116;1343
G1;36220010202;Execução de Título Extrajudicial;202501;7;0;0;14;191;5;12;163
G1;36220010202;Execução Judicial;202501;3;0;0;22;189;3;1;224
G1;36220010202;Execução de Título Extrajudicial;202502;3;0;0;10;182;3;8;163
G1;36220010202;Conhecimento;202502;94;4;7;88;1231;57;110;1330
G1;36220010202;Execução Judicial;202502;7;0;0;23;186;3;1;225
G1;36220010202;Conhecimento;202503;72;2;7;110;1231;54;108;1320
G1;36220010202;Execução Judicial;202503;12;0;0;24;181;3;1;238
G1;36220010202;Execução de Título Extrajudicial;202503;17;0;0;10;183;1;5;157
G1;36220010202;Conhecimento;202504;91;4;10;112;1228;52;105;1329
G1;36220010202;Execução de Título Extrajudicial;202504;10;1;1;14;176;2;4;153
G1;36220010202;Execução Judicial;202504;19;0;0;46;178;3;1;269
G1;36220010202;Execução Judicial;202505;23;0;0;15;192;3;1;269
G1;36220010202;Conhecimento;202505;64;7;12;95;1210;59;110;1324
G1;36220010202;Execução de Título Extrajudicial;202505;10;0;0;13;171;2;4;151
G1;36220010202;Conhecimento;202506;92;3;4;99;1202;56;103;1312
G1;36220010202;Execução Judicial;202506;14;0;0;23;192;2;1;273
G1;36220010202;Execução de Título Extrajudicial;202506;7;0;0;6;173;2;4;145
G1;36220010202;Execução de Título Extrajudicial;202507;12;0;1;17;111;2;3;137
G1;36220010202;Conhecimento;202507;201;2;5;112;1210;52;96;1277
G1;36220010202;Execução Judicial;202507;37;0;0;20;175;1;1;260
G1;36220010202;Conhecimento;202508;43;6;2;90;1176;53;87;1225
G1;36220010202;Execução Judicial;202508;7;1;0;39;176;1;1;285
G1;36220010202;Execução de Título Extrajudicial;202508;12;0;0;18;118;1;2;145
G1;36220010202;Execução de Título Extrajudicial;202509;21;0;0;13;132;1;2;147
G1;36220010202;Conhecimento;202509;143;1;3;118;1228;47;78;1227
G1;36220010202;Execução Judicial;202509;20;0;0;39;188;1;1;309
G1;36220010202;Execução de Título Extrajudicial;202510;11;0;0;8;136;1;2;146
G1;36220010202;Conhecimento;202510;89;6;3;91;1206;46;74;1195
G1;36220010202;Execução Judicial;202510;13;1;0;24;192;2;1;311
G1;36220010202;Execução de Título Extrajudicial;202511;12;0;0;9;141;1;2;143
G1;36220010202;Conhecimento;202511;139;5;10;67;1233;47;76;1152
G1;36220010202;Execução Judicial;202511;26;4;0;36;209;6;0;326
G1;36220010202;Conhecimento;202512;74;7;6;72;1152;52;75;1151
G1;36220010202;Execução de Título Extrajudicial;202512;4;0;0;10;126;1;2;142
G1;36220010202;Execução Judicial;202512;15;1;2;19;196;7;2;330
G1;36220010202;Execução Judicial;202601;4;6;3;18;197;13;5;326
G1;36220010202;Execução de Título Extrajudicial;202601;7;0;1;15;126;1;3;143
G1;36220010202;Conhecimento;202601;13;5;3;56;1115;52;72;1110
G1;36220010202;Execução Judicial;202602;19;17;5;22;209;30;10;325
G1;36220010202;Conhecimento;202602;85;5;4;82;1106;53;69;1104
G1;36220010202;Execução de Título Extrajudicial;202602;14;2;0;18;137;3;3;151
G1;36220010202;Conhecimento;202603;131;2;15;104;1165;53;77;1098
G1;36220010202;Execução de Título Extrajudicial;202603;18;1;1;28;138;4;4;169
G1;36220010202;Execução Judicial;202603;23;33;26;34;220;63;36;335
G1;36220010202;Execução de Título Extrajudicial;202604;11;0;0;8;139;3;3;163
G1;36220010202;Execução Judicial;202604;20;26;13;24;221;89;49;313
G1;36220010202;Conhecimento;202604;135;7;7;80;1209;56;74;1066
G1;36220010202;Execução de Título Extrajudicial;202605;13;0;0;15;142;3;3;165
G1;36220010202;Conhecimento;202605;72;8;9;101;1217;57;71;1072
G1;36220010202;Execução Judicial;202605;23;31;28;30;221;120;77;328
G1;36220010202;Conhecimento;202606;83;1;9;80;1208;55;76;1053
G1;36220010202;Execução Judicial;202606;27;14;21;23;234;134;98;328
G1;36220010202;Execução de Título Extrajudicial;202606;16;0;1;16;151;3;4;175
G1;36230010203;Conhecimento;202301;32;3;3;81;32;3;3;81
G1;36230010203;Execução de Título Extrajudicial;202301;7;2;0;17;7;2;0;17
G1;36230010203;Execução Judicial;202301;4;1;0;4;4;1;0;4
G1;36230010203;Execução de Título Extrajudicial;202302;7;2;0;8;14;4;0;25
G1;36230010203;Execução Judicial;202302;7;0;0;4;11;1;0;8
G1;36230010203;Conhecimento;202302;32;1;3;70;64;4;6;151
G1;36230010203;Execução Judicial;202303;14;0;0;9;25;1;0;17
G1;36230010203;Execução de Título Extrajudicial;202303;12;1;0;11;26;5;0;36
G1;36230010203;Conhecimento;202303;56;3;2;99;120;7;8;250
G1;36230010203;Execução de Título Extrajudicial;202304;7;0;0;11;33;5;0;47
G1;36230010203;Conhecimento;202304;50;2;1;87;170;9;9;337
G1;36230010203;Execução Judicial;202304;16;0;0;10;41;1;0;27
G1;36230010203;Conhecimento;202305;70;3;1;91;240;12;10;428
G1;36230010203;Execução de Título Extrajudicial;202305;13;0;0;15;46;5;0;62
G1;36230010203;Execução Judicial;202305;9;0;0;14;50;1;0;41
G1;36230010203;Conhecimento;202306;55;3;1;71;295;15;11;499
G1;36230010203;Execução Judicial;202306;14;2;0;30;64;3;0;71
G1;36230010203;Execução de Título Extrajudicial;202306;9;2;0;13;55;7;0;75
G1;36230010203;Conhecimento;202307;79;7;4;86;374;22;15;585
G1;36230010203;Execução Judicial;202307;17;1;0;15;81;4;0;86
G1;36230010203;Execução de Título Extrajudicial;202307;17;0;0;11;72;7;0;86
G1;36230010203;Conhecimento;202308;73;4;2;83;447;26;17;668
G1;36230010203;Execução Judicial;202308;16;0;0;34;97;4;0;120
G1;36230010203;Execução de Título Extrajudicial;202308;5;1;0;20;77;8;0;106
G1;36230010203;Execução Judicial;202309;21;0;1;22;118;4;1;142
G1;36230010203;Execução de Título Extrajudicial;202309;11;0;0;11;88;8;0;117
G1;36230010203;Conhecimento;202309;79;2;0;90;526;28;17;758
G1;36230010203;Conhecimento;202310;62;0;1;94;588;28;18;852
G1;36230010203;Execução Judicial;202310;18;0;0;26;136;4;1;168
G1;36230010203;Execução de Título Extrajudicial;202310;9;0;0;20;97;8;0;137
G1;36230010203;Conhecimento;202311;53;5;3;103;641;33;21;955
G1;36230010203;Execução de Título Extrajudicial;202311;9;0;1;10;106;8;1;147
G1;36230010203;Execução Judicial;202311;12;0;0;13;148;4;1;181
G1;36230010203;Conhecimento;202312;67;1;1;65;708;34;22;1020
G1;36230010203;Execução Judicial;202312;50;0;0;16;198;4;1;197
G1;36230010203;Execução de Título Extrajudicial;202312;22;1;0;10;128;9;1;157
G1;36230010203;Conhecimento;202401;24;4;5;87;700;35;24;1026
G1;36230010203;Execução Judicial;202401;7;1;0;14;201;4;1;207
G1;36230010203;Execução de Título Extrajudicial;202401;4;0;0;15;125;7;1;155
G1;36230010203;Execução Judicial;202402;12;0;0;16;206;4;1;219
G1;36230010203;Execução de Título Extrajudicial;202402;13;1;0;8;131;6;1;155
G1;36230010203;Conhecimento;202402;84;4;6;103;752;38;27;1059
G1;36230010203;Execução Judicial;202403;17;0;1;15;209;4;2;225
G1;36230010203;Conhecimento;202403;74;1;5;113;770;36;30;1073
G1;36230010203;Execução de Título Extrajudicial;202403;8;0;0;13;127;5;1;157
G1;36230010203;Execução de Título Extrajudicial;202404;13;1;0;16;133;6;1;162
G1;36230010203;Execução Judicial;202404;16;0;0;18;209;4;2;233
G1;36230010203;Conhecimento;202404;81;5;1;100;801;39;30;1086
G1;36230010203;Conhecimento;202405;112;3;7;96;843;39;36;1091
G1;36230010203;Execução de Título Extrajudicial;202405;13;0;0;16;133;6;1;163
G1;36230010203;Execução Judicial;202405;17;1;0;19;217;5;2;238
G1;36230010203;Execução Judicial;202406;20;0;0;33;223;3;2;241
G1;36230010203;Execução de Título Extrajudicial;202406;9;0;0;10;133;4;1;160
G1;36230010203;Conhecimento;202406;132;4;4;100;920;40;39;1120
G1;36230010203;Execução Judicial;202407;34;0;1;29;240;2;3;255
G1;36230010203;Conhecimento;202407;205;4;4;139;1046;37;39;1173
G1;36230010203;Execução de Título Extrajudicial;202407;23;0;0;17;139;4;1;166
G1;36230010203;Execução Judicial;202408;25;0;0;42;249;2;3;263
G1;36230010203;Execução de Título Extrajudicial;202408;9;1;0;10;143;4;1;156
G1;36230010203;Conhecimento;202408;102;2;3;135;1075;35;40;1225
G1;36230010203;Execução Judicial;202409;18;0;0;21;246;2;2;262
G1;36230010203;Execução de Título Extrajudicial;202409;15;0;0;8;147;4;1;153
G1;36230010203;Conhecimento;202409;122;2;3;113;1118;35;43;1248
G1;36230010203;Execução Judicial;202410;32;0;0;25;260;2;2;261
G1;36230010203;Conhecimento;202410;131;1;2;122;1187;36;44;1276
G1;36230010203;Execução de Título Extrajudicial;202410;13;0;0;13;151;4;1;146
G1;36230010203;Conhecimento;202411;95;2;5;136;1229;33;46;1309
G1;36230010203;Execução Judicial;202411;19;1;0;20;267;3;2;268
G1;36230010203;Execução de Título Extrajudicial;202411;6;1;0;13;148;5;0;149
G1;36230010203;Execução de Título Extrajudicial;202412;10;1;0;5;136;5;0;144
G1;36230010203;Execução Judicial;202412;23;1;0;28;240;4;2;280
G1;36230010203;Conhecimento;202412;102;3;6;80;1264;35;51;1324
G1;36230010203;Execução de Título Extrajudicial;202501;5;0;0;16;137;5;0;145
G1;36230010203;Execução Judicial;202501;11;0;0;21;244;3;2;287
G1;36230010203;Conhecimento;202501;50;3;2;95;1290;34;48;1332
G1;36230010203;Execução de Título Extrajudicial;202502;10;0;0;9;134;4;0;146
G1;36230010203;Execução Judicial;202502;10;0;0;5;242;3;2;276
G1;36230010203;Conhecimento;202502;71;7;4;75;1277;37;46;1304
G1;36230010203;Conhecimento;202503;116;3;3;100;1319;39;44;1291
G1;36230010203;Execução de Título Extrajudicial;202503;3;0;1;12;129;4;1;145
G1;36230010203;Execução Judicial;202503;9;1;0;28;234;4;1;289
G1;36230010203;Execução Judicial;202504;11;0;0;35;229;4;1;306
G1;36230010203;Conhecimento;202504;132;7;10;111;1370;41;53;1302
G1;36230010203;Execução de Título Extrajudicial;202504;21;0;0;12;137;3;1;141
G1;36230010203;Execução de Título Extrajudicial;202505;13;0;0;10;137;3;1;135
G1;36230010203;Execução Judicial;202505;18;0;0;26;230;3;1;313
G1;36230010203;Conhecimento;202505;108;2;3;87;1366;40;49;1293
G1;36230010203;Execução Judicial;202506;22;0;0;23;232;3;1;303
G1;36230010203;Execução de Título Extrajudicial;202506;6;0;0;13;134;3;1;138
G1;36230010203;Conhecimento;202506;122;6;13;93;1356;42;58;1286
G1;36230010203;Execução de Título Extrajudicial;202507;13;1;0;15;124;4;1;136
G1;36230010203;Conhecimento;202507;176;2;5;118;1327;40;59;1265
G1;36230010203;Execução Judicial;202507;17;1;1;38;215;4;1;312
G1;36230010203;Execução Judicial;202508;5;0;0;15;195;4;1;285
G1;36230010203;Execução de Título Extrajudicial;202508;4;0;0;17;119;3;1;143
G1;36230010203;Conhecimento;202508;57;3;2;91;1282;41;58;1221
G1;36230010203;Execução de Título Extrajudicial;202509;3;0;0;13;107;3;1;148
G1;36230010203;Execução Judicial;202509;6;0;0;35;183;4;1;299
G1;36230010203;Conhecimento;202509;49;0;1;112;1209;39;56;1220
G1;36230010203;Execução Judicial;202510;18;0;0;34;169;4;1;308
G1;36230010203;Conhecimento;202510;180;3;8;92;1258;41;62;1190
G1;36230010203;Execução de Título Extrajudicial;202510;7;0;0;16;101;3;1;151
G1;36230010203;Execução Judicial;202511;28;2;0;55;178;5;1;343
G1;36230010203;Conhecimento;202511;178;4;4;73;1341;43;61;1127
G1;36230010203;Execução de Título Extrajudicial;202511;13;0;0;11;108;2;1;149
G1;36230010203;Execução de Título Extrajudicial;202512;9;0;0;15;107;1;1;159
G1;36230010203;Execução Judicial;202512;7;1;1;23;162;5;2;338
G1;36230010203;Conhecimento;202512;52;5;2;62;1291;45;57;1109
G1;36230010203;Conhecimento;202601;50;6;1;61;1291;48;56;1075
G1;36230010203;Execução de Título Extrajudicial;202601;9;0;0;16;111;1;1;159
G1;36230010203;Execução Judicial;202601;22;1;0;21;173;6;2;338
G1;36230010203;Conhecimento;202602;44;10;7;83;1264;51;59;1083
G1;36230010203;Execução de Título Extrajudicial;202602;7;0;0;19;108;1;1;169
G1;36230010203;Execução Judicial;202602;6;7;19;49;169;13;21;382
G1;36230010203;Execução Judicial;202603;14;10;46;48;174;22;67;402
G1;36230010203;Execução de Título Extrajudicial;202603;10;0;0;22;115;1;0;179
G1;36230010203;Conhecimento;202603;163;5;2;127;1311;53;58;1110
G1;36230010203;Execução de Título Extrajudicial;202604;14;0;1;10;108;1;1;177
G1;36230010203;Conhecimento;202604;106;4;5;114;1285;50;53;1113
G1;36230010203;Execução Judicial;202604;31;4;16;40;194;26;83;407
G1;36230010203;Execução de Título Extrajudicial;202605;26;2;0;10;121;3;1;177
G1;36230010203;Execução Judicial;202605;26;13;24;35;202;39;107;416
G1;36230010203;Conhecimento;202605;72;4;5;102;1249;52;55;1128
G1;36230010203;Execução de Título Extrajudicial;202606;47;0;0;8;162;3;1;172
G1;36230010203;Conhecimento;202606;88;3;4;94;1215;49;46;1129
G1;36230010203;Execução Judicial;202606;48;9;30;31;228;48;137;424
G1;36240010204;Conhecimento;202301;18;2;7;84;18;2;7;84
G1;36240010204;Execução Judicial;202301;6;0;0;10;6;0;0;10
G1;36240010204;Execução de Título Extrajudicial;202301;4;3;6;20;4;3;6;20
G1;36240010204;Execução Judicial;202302;24;0;0;6;30;0;0;16
G1;36240010204;Conhecimento;202302;65;4;1;64;83;6;8;148
G1;36240010204;Execução de Título Extrajudicial;202302;8;3;1;10;12;6;7;30
G1;36240010204;Conhecimento;202303;83;0;2;98;166;6;10;246
G1;36240010204;Execução Judicial;202303;25;1;1;19;55;1;1;35
G1;36240010204;Execução de Título Extrajudicial;202303;15;1;1;12;27;7;8;42
G1;36240010204;Execução de Título Extrajudicial;202304;4;0;0;9;31;7;8;51
G1;36240010204;Conhecimento;202304;52;3;3;81;218;9;13;327
G1;36240010204;Execução Judicial;202304;11;0;0;22;66;1;1;57
G1;36240010204;Execução de Título Extrajudicial;202305;6;1;1;16;37;8;9;67
G1;36240010204;Conhecimento;202305;82;6;6;91;300;15;19;418
G1;36240010204;Execução Judicial;202305;20;0;0;5;86;1;1;62
G1;36240010204;Conhecimento;202306;72;5;4;75;372;20;23;493
G1;36240010204;Execução Judicial;202306;18;0;0;41;104;1;1;103
G1;36240010204;Execução de Título Extrajudicial;202306;7;1;0;11;44;9;9;78
G1;36240010204;Execução de Título Extrajudicial;202307;10;0;1;12;54;9;10;90
G1;36240010204;Execução Judicial;202307;10;0;0;4;114;1;1;107
G1;36240010204;Conhecimento;202307;77;2;3;88;449;22;26;581
G1;36240010204;Execução de Título Extrajudicial;202308;10;0;0;21;64;9;10;111
G1;36240010204;Execução Judicial;202308;16;0;0;42;130;1;1;149
G1;36240010204;Conhecimento;202308;65;4;2;89;514;26;28;670
G1;36240010204;Execução Judicial;202309;10;1;0;14;140;2;1;163
G1;36240010204;Conhecimento;202309;68;1;5;89;582;27;33;759
G1;36240010204;Execução de Título Extrajudicial;202309;5;0;0;10;69;9;10;121
G1;36240010204;Conhecimento;202310;88;3;4;94;670;30;37;853
G1;36240010204;Execução Judicial;202310;11;0;0;36;151;2;1;199
G1;36240010204;Execução de Título Extrajudicial;202310;24;0;0;20;93;9;10;141
G1;36240010204;Execução de Título Extrajudicial;202311;12;2;3;15;105;11;13;156
G1;36240010204;Conhecimento;202311;67;5;8;104;737;35;45;957
G1;36240010204;Execução Judicial;202311;11;0;0;11;162;2;1;210
G1;36240010204;Conhecimento;202312;87;6;6;65;824;41;51;1022
G1;36240010204;Execução Judicial;202312;19;0;0;19;181;2;1;229
G1;36240010204;Execução de Título Extrajudicial;202312;13;1;4;7;118;12;17;163
G1;36240010204;Execução Judicial;202401;1;0;0;26;176;2;1;245
G1;36240010204;Execução de Título Extrajudicial;202401;3;0;0;12;117;9;11;155
G1;36240010204;Conhecimento;202401;27;6;4;95;833;45;48;1033
G1;36240010204;Conhecimento;202402;66;5;10;98;834;46;57;1067
G1;36240010204;Execução Judicial;202402;13;0;0;8;165;2;1;247
G1;36240010204;Execução de Título Extrajudicial;202402;6;0;2;14;115;6;12;159
G1;36240010204;Execução de Título Extrajudicial;202403;2;1;1;11;102;6;12;158
G1;36240010204;Execução Judicial;202403;18;0;0;19;158;1;0;247
G1;36240010204;Conhecimento;202403;48;5;7;122;799;51;62;1091
G1;36240010204;Execução de Título Extrajudicial;202404;8;0;0;17;106;6;12;166
G1;36240010204;Execução Judicial;202404;14;0;0;18;161;1;0;243
G1;36240010204;Conhecimento;202404;65;2;6;99;812;50;65;1109
G1;36240010204;Execução Judicial;202405;13;0;0;9;154;1;0;247
G1;36240010204;Conhecimento;202405;110;4;2;93;840;48;61;1111
G1;36240010204;Execução de Título Extrajudicial;202405;9;0;0;9;109;5;11;159
G1;36240010204;Execução de Título Extrajudicial;202406;6;0;0;12;108;4;11;160
G1;36240010204;Execução Judicial;202406;11;0;0;19;147;1;0;225
G1;36240010204;Conhecimento;202406;108;3;10;109;876;46;67;1145
G1;36240010204;Execução de Título Extrajudicial;202407;19;0;0;26;117;4;10;174
G1;36240010204;Conhecimento;202407;154;12;12;143;953;56;76;1200
G1;36240010204;Execução Judicial;202407;29;0;0;14;166;1;0;235
G1;36240010204;Conhecimento;202408;106;2;5;138;994;54;79;1249
G1;36240010204;Execução Judicial;202408;10;2;0;31;160;3;0;224
G1;36240010204;Execução de Título Extrajudicial;202408;3;1;0;10;110;5;10;163
G1;36240010204;Execução Judicial;202409;11;1;0;20;161;3;0;230
G1;36240010204;Conhecimento;202409;108;5;4;128;1034;58;78;1288
G1;36240010204;Execução de Título Extrajudicial;202409;6;0;0;11;111;5;10;164
G1;36240010204;Execução Judicial;202410;11;0;0;17;161;3;0;211
G1;36240010204;Conhecimento;202410;135;5;11;132;1081;60;85;1326
G1;36240010204;Execução de Título Extrajudicial;202410;20;2;0;9;107;7;10;153
G1;36240010204;Execução de Título Extrajudicial;202411;8;0;0;10;103;5;7;148
G1;36240010204;Conhecimento;202411;88;4;5;105;1102;59;82;1327
G1;36240010204;Execução Judicial;202411;19;1;0;11;169;4;0;211
G1;36240010204;Execução de Título Extrajudicial;202412;14;1;1;11;104;5;4;152
G1;36240010204;Conhecimento;202412;205;2;8;71;1220;55;84;1333
G1;36240010204;Execução Judicial;202412;25;0;0;64;175;4;0;256
G1;36240010204;Execução Judicial;202501;7;0;1;31;181;4;1;261
G1;36240010204;Conhecimento;202501;64;5;3;86;1257;54;83;1324
G1;36240010204;Execução de Título Extrajudicial;202501;2;1;0;15;103;6;4;155
G1;36240010204;Execução Judicial;202502;19;0;0;10;187;4;1;263
G1;36240010204;Conhecimento;202502;90;9;9;95;1281;58;82;1321
G1;36240010204;Execução de Título Extrajudicial;202502;4;0;0;7;101;6;2;148
G1;36240010204;Conhecimento;202503;65;8;2;96;1298;61;77;1295
G1;36240010204;Execução Judicial;202503;14;0;0;15;183;4;1;259
G1;36240010204;Execução de Título Extrajudicial;202503;7;0;0;10;106;5;1;147
G1;36240010204;Execução Judicial;202504;15;0;0;42;184;4;1;283
G1;36240010204;Execução de Título Extrajudicial;202504;5;1;0;10;103;6;1;140
G1;36240010204;Conhecimento;202504;52;5;3;99;1285;64;74;1295
G1;36240010204;Execução Judicial;202505;13;1;0;37;184;5;1;311
G1;36240010204;Conhecimento;202505;57;5;11;97;1232;65;83;1299
G1;36240010204;Execução de Título Extrajudicial;202505;7;0;0;13;101;6;1;144
G1;36240010204;Conhecimento;202506;59;5;7;94;1183;67;80;1284
G1;36240010204;Execução de Título Extrajudicial;202506;5;0;0;9;100;6;1;141
G1;36240010204;Execução Judicial;202506;15;0;0;34;188;5;1;326
G1;36240010204;Execução de Título Extrajudicial;202507;52;0;0;13;133;6;1;128
G1;36240010204;Conhecimento;202507;291;9;18;117;1320;64;86;1258
G1;36240010204;Execução Judicial;202507;67;0;0;51;226;5;1;363
G1;36240010204;Conhecimento;202508;63;3;8;86;1277;65;89;1206
G1;36240010204;Execução de Título Extrajudicial;202508;5;0;0;15;135;5;1;133
G1;36240010204;Execução Judicial;202508;28;0;1;19;244;3;2;351
G1;36240010204;Execução Judicial;202509;31;0;0;33;264;2;2;364
G1;36240010204;Conhecimento;202509;100;0;0;89;1269;60;85;1167
G1;36240010204;Execução de Título Extrajudicial;202509;12;0;0;12;141;5;1;134
G1;36240010204;Execução Judicial;202510;19;0;0;24;272;2;2;371
G1;36240010204;Execução de Título Extrajudicial;202510;6;0;0;12;127;3;1;137
G1;36240010204;Conhecimento;202510;68;5;2;103;1202;60;76;1138
G1;36240010204;Execução de Título Extrajudicial;202511;9;0;0;13;128;3;1;140
G1;36240010204;Execução Judicial;202511;15;2;5;68;268;3;7;428
G1;36240010204;Conhecimento;202511;185;4;6;78;1299;60;77;1111
G1;36240010204;Execução de Título Extrajudicial;202512;3;0;0;22;117;2;0;151
G1;36240010204;Execução Judicial;202512;17;2;3;27;260;5;10;391
G1;36240010204;Conhecimento;202512;97;4;3;63;1191;62;72;1103
G1;36240010204;Execução Judicial;202601;15;13;4;19;268;18;13;379
G1;36240010204;Execução de Título Extrajudicial;202601;10;1;0;18;125;2;0;154
G1;36240010204;Conhecimento;202601;65;8;6;52;1192;65;75;1069
G1;36240010204;Execução Judicial;202602;13;15;7;35;262;33;20;404
G1;36240010204;Conhecimento;202602;108;7;3;71;1210;63;69;1045
G1;36240010204;Execução de Título Extrajudicial;202602;6;0;1;15;127;2;1;162
G1;36240010204;Execução de Título Extrajudicial;202603;7;3;0;16;127;5;1;168
G1;36240010204;Execução Judicial;202603;18;29;21;30;266;62;41;419
G1;36240010204;Conhecimento;202603;113;6;3;99;1258;61;70;1048
G1;36240010204;Execução Judicial;202604;11;14;5;27;262;76;46;404
G1;36240010204;Conhecimento;202604;68;5;4;76;1274;61;71;1025
G1;36240010204;Execução de Título Extrajudicial;202604;6;0;0;10;128;4;1;168
G1;36240010204;Conhecimento;202605;69;4;17;121;1286;60;77;1049
G1;36240010204;Execução Judicial;202605;24;30;45;39;273;105;91;406
G1;36240010204;Execução de Título Extrajudicial;202605;15;0;2;11;136;4;3;166
G1;36240010204;Conhecimento;202606;534;9;4;69;1761;64;74;1024
G1;36240010204;Execução de Título Extrajudicial;202606;98;0;0;10;229;4;3;167
G1;36240010204;Execução Judicial;202606;182;20;24;24;440;125;115;396
G1;36250010101;Conhecimento;202301;22;42;39;52;22;42;39;52
G1;36250010101;Conhecimento;202302;29;13;39;59;51;55;78;111
G1;36250010101;Conhecimento;202303;51;23;21;47;102;78;99;158
G1;36250010101;Conhecimento;202304;29;19;21;47;131;97;120;205
G1;36250010101;Conhecimento;202305;35;24;18;47;166;121;138;252
G1;36250010101;Execução Judicial;202305;0;1;1;0;0;1;1;0
G1;36250010101;Conhecimento;202306;17;19;18;55;183;140;156;307
G1;36250010101;Conhecimento;202307;40;17;13;90;223;157;169;397
G1;36250010101;Conhecimento;202308;37;26;19;62;260;183;188;459
G1;36250010101;Conhecimento;202309;44;10;11;50;304;193;199;509
G1;36250010101;Conhecimento;202310;86;19;18;71;390;212;217;580
G1;36250010101;Conhecimento;202311;58;24;23;41;448;236;240;621
G1;36250010101;Conhecimento;202312;49;16;7;36;497;252;247;657
G1;36250010101;Conhecimento;202401;44;40;32;55;519;250;240;660
G1;36250010101;Execução Judicial;202401;0;1;1;0;0;2;2;0
G1;36250010101;Conhecimento;202402;24;33;25;52;514;270;226;653
G1;36250010101;Conhecimento;202403;44;25;19;81;507;272;224;687
G1;36250010101;Execução Judicial;202404;0;1;1;0;0;3;3;0
G1;36250010101;Conhecimento;202404;34;48;34;81;512;301;237;721
G1;36250010101;Conhecimento;202405;28;27;24;76;505;304;243;750
G1;36250010101;Conhecimento;202406;59;36;22;78;547;321;247;773
G1;36250010101;Conhecimento;202407;97;30;21;44;604;334;255;727
G1;36250010101;Conhecimento;202408;50;21;17;61;617;329;253;726
G1;36250010101;Conhecimento;202409;45;29;23;61;618;348;265;737
G1;36250010101;Conhecimento;202410;47;35;33;60;579;364;280;726
G1;36250010101;Conhecimento;202411;29;31;15;33;550;371;272;718
G1;36250010101;Conhecimento;202412;65;23;12;23;566;378;277;705
G1;36250010101;Conhecimento;202501;32;28;1;10;554;366;246;660
G1;36250010101;Conhecimento;202502;34;42;24;66;564;375;245;674
G1;36250010101;Conhecimento;202503;30;39;19;51;550;389;245;644
G1;36250010101;Conhecimento;202504;32;29;12;37;548;370;223;600
G1;36250010101;Conhecimento;202505;57;24;11;33;577;367;210;557
G1;36250010101;Conhecimento;202506;36;19;1;44;554;350;189;523
G1;36250010101;Conhecimento;202507;57;54;9;35;514;374;177;514
G1;36250010101;Conhecimento;202508;31;41;4;42;495;394;164;495
G1;36250010101;Conhecimento;202509;39;24;3;50;489;389;144;484
G1;36250010101;Conhecimento;202510;48;44;9;41;490;398;120;465
G1;36250010101;Conhecimento;202511;49;64;7;47;510;431;112;479
G1;36250010101;Conhecimento;202512;21;30;1;20;466;438;101;476
G1;36250010101;Conhecimento;202601;16;61;6;8;450;471;106;474
G1;36250010101;Conhecimento;202602;37;61;7;44;453;490;89;452
G1;36250010101;Conhecimento;202603;49;32;4;35;472;483;74;436
G1;36250010101;Conhecimento;202604;37;29;6;44;477;483;68;443
G1;36250010101;Conhecimento;202605;14;20;10;30;434;479;67;440
G1;36250010101;Conhecimento;202606;34;11;10;38;432;471;76;434
G1;36260010102;Execução Judicial;202301;0;0;0;0;0;0;0;0
G1;36260010102;Conhecimento;202301;5;23;14;32;5;23;14;32
G1;36260010102;Conhecimento;202302;23;9;3;36;28;32;17;68
G1;36260010102;Execução Judicial;202302;0;0;0;0;0;0;0;0
G1;36260010102;Execução Judicial;202303;0;0;0;0;0;0;0;0
G1;36260010102;Conhecimento;202303;25;10;9;21;53;42;26;89
G1;36260010102;Conhecimento;202304;19;18;7;28;72;60;33;117
G1;36260010102;Execução Judicial;202304;0;0;0;0;0;0;0;0
G1;36260010102;Conhecimento;202305;13;16;9;52;85;76;42;169
G1;36260010102;Execução Judicial;202305;0;0;0;0;0;0;0;0
G1;36260010102;Execução Judicial;202306;0;0;0;0;0;0;0;0
G1;36260010102;Conhecimento;202306;17;7;19;39;102;83;61;208
G1;36260010102;Execução Judicial;202307;0;0;0;0;0;0;0;0
G1;36260010102;Conhecimento;202307;19;10;6;17;121;93;67;225
G1;36260010102;Conhecimento;202308;29;9;8;34;150;102;75;259
G1;36260010102;Execução Judicial;202308;0;0;0;0;0;0;0;0
G1;36260010102;Execução Judicial;202309;0;0;0;0;0;0;0;0
G1;36260010102;Conhecimento;202309;87;15;19;33;237;117;94;292
G1;36260010102;Execução Judicial;202310;0;0;0;0;0;0;0;0
G1;36260010102;Conhecimento;202310;107;13;7;33;344;130;101;325
G1;36260010102;Conhecimento;202311;63;7;2;25;407;137;103;350
G1;36260010102;Execução Judicial;202311;1;0;0;0;1;0;0;0
G1;36260010102;Conhecimento;202312;108;6;5;37;515;143;108;387
G1;36260010102;Conhecimento;202401;29;10;3;24;539;130;97;379
G1;36260010102;Conhecimento;202402;21;17;8;38;537;138;102;381
G1;36260010102;Conhecimento;202403;52;4;15;22;564;132;108;382
G1;36260010102;Conhecimento;202404;64;8;2;28;609;122;103;382
G1;36260010102;Conhecimento;202405;55;10;10;22;651;116;104;352
G1;36260010102;Conhecimento;202406;53;3;6;22;687;112;91;335
G1;36260010102;Conhecimento;202407;41;15;3;24;709;117;88;342
G1;36260010102;Conhecimento;202408;60;2;7;25;740;110;87;333
G1;36260010102;Conhecimento;202409;42;7;5;17;695;102;73;317
G1;36260010102;Conhecimento;202410;70;13;7;23;658;102;73;307
G1;36260010102;Conhecimento;202411;47;11;4;11;642;106;75;293
G1;36260010102;Execução Judicial;202411;1;0;0;0;1;0;0;0
G1;36260010102;Conhecimento;202412;74;9;12;29;608;109;82;285
G1;36260010102;Conhecimento;202501;45;9;5;16;624;108;84;277
G1;36260010102;Conhecimento;202502;37;11;3;21;640;102;79;260
G1;36260010102;Conhecimento;202503;29;4;0;11;617;102;64;249
G1;36260010102;Conhecimento;202504;28;10;6;11;581;104;68;232
G1;36260010102;Conhecimento;202505;23;10;7;6;549;104;65;216
G1;36260010102;Conhecimento;202506;22;10;5;13;518;111;64;207
G1;36260010102;Conhecimento;202507;50;13;7;13;527;109;68;196
G1;36260010102;Conhecimento;202508;23;5;4;6;490;112;65;177
G1;36260010102;Conhecimento;202509;37;8;4;7;485;113;64;167
G1;36260010102;Conhecimento;202510;32;9;3;6;447;109;60;150
G1;36260010102;Conhecimento;202511;29;9;3;7;429;107;59;146
G1;36260010102;Conhecimento;202512;35;4;3;5;390;102;50;122
G1;36260010102;Conhecimento;202601;13;5;1;7;358;98;46;113
G1;36260010102;Conhecimento;202602;24;13;0;24;345;100;43;116
G1;36260010102;Conhecimento;202603;81;5;5;11;397;101;48;116
G1;36260010102;Conhecimento;202604;57;12;5;8;426;103;47;113
G1;36260010102;Conhecimento;202605;58;17;13;11;461;110;53;118
G1;36260010102;Conhecimento;202606;39;15;16;12;478;115;64;117
G1;36270010103;Conhecimento;202301;14;33;27;39;14;33;27;39
G1;36270010103;Execução Judicial;202301;0;0;0;0;0;0;0;0
G1;36270010103;Execução Judicial;202302;0;0;0;0;0;0;0;0
G1;36270010103;Conhecimento;202302;24;20;19;42;38;53;46;81
G1;36270010103;Execução Judicial;202303;0;0;0;0;0;0;0;0
G1;36270010103;Conhecimento;202303;52;25;18;53;90;78;64;134
G1;36270010103;Execução Judicial;202304;0;0;0;0;0;0;0;0
G1;36270010103;Conhecimento;202304;27;24;21;61;117;102;85;195
G1;36270010103;Execução Judicial;202305;0;0;0;0;0;0;0;0
G1;36270010103;Conhecimento;202305;40;20;16;41;157;122;101;236
G1;36270010103;Conhecimento;202306;20;28;16;52;177;150;117;288
G1;36270010103;Execução Judicial;202306;0;0;0;0;0;0;0;0
G1;36270010103;Execução Judicial;202307;0;0;0;0;0;0;0;0
G1;36270010103;Conhecimento;202307;18;22;10;39;195;172;127;327
G1;36270010103;Conhecimento;202308;20;22;12;54;215;194;139;381
G1;36270010103;Execução Judicial;202308;0;0;0;0;0;0;0;0
G1;36270010103;Conhecimento;202309;29;12;4;32;244;206;143;413
G1;36270010103;Execução Judicial;202309;0;1;1;0;0;1;1;0
G1;36270010103;Conhecimento;202310;41;19;14;44;285;225;157;457
G1;36270010103;Execução Judicial;202310;0;0;0;0;0;1;1;0
G1;36270010103;Conhecimento;202311;20;26;15;29;305;251;172;486
G1;36270010103;Execução Judicial;202311;0;0;0;0;0;1;1;0
G1;36270010103;Conhecimento;202312;16;14;4;12;321;265;176;498
G1;36270010103;Execução Judicial;202312;0;0;0;0;0;1;1;0
G1;36270010103;Execução Judicial;202401;0;0;0;0;0;1;1;0
G1;36270010103;Execução de Título Extrajudicial;202401;0;0;0;1;0;0;0;1
G1;36270010103;Conhecimento;202401;10;22;1;49;317;254;150;508
G1;36270010103;Execução Judicial;202402;0;0;0;1;0;1;1;1
G1;36270010103;Conhecimento;202402;19;5;2;115;312;239;133;581
G1;36270010103;Execução de Título Extrajudicial;202402;0;1;0;9;0;1;0;10
G1;36270010103;Execução Judicial;202403;0;0;1;2;0;1;2;3
G1;36270010103;Conhecimento;202403;35;5;11;134;295;219;126;662
G1;36270010103;Execução de Título Extrajudicial;202403;0;1;0;12;0;2;0;22
G1;36270010103;Conhecimento;202404;41;7;31;109;309;202;136;710
G1;36270010103;Execução Judicial;202404;0;1;0;1;0;2;2;4
G1;36270010103;Execução de Título Extrajudicial;202404;0;0;0;17;0;2;0;39
G1;36270010103;Execução Judicial;202405;0;1;0;0;0;3;2;4
G1;36270010103;Conhecimento;202405;50;2;7;105;319;184;127;774
G1;36270010103;Execução de Título Extrajudicial;202405;2;0;0;13;2;2;0;52
G1;36270010103;Conhecimento;202406;49;3;9;112;348;159;120;834
G1;36270010103;Execução Judicial;202406;0;0;1;5;0;3;3;9
G1;36270010103;Execução de Título Extrajudicial;202406;8;0;0;12;10;2;0;64
G1;36270010103;Execução Judicial;202407;0;0;3;9;0;3;6;18
G1;36270010103;Conhecimento;202407;47;6;8;134;377;143;118;929
G1;36270010103;Execução de Título Extrajudicial;202407;2;1;0;15;12;3;0;79
G1;36270010103;Execução Judicial;202408;2;0;4;8;2;3;10;26
G1;36270010103;Conhecimento;202408;76;7;10;152;433;128;116;1027
G1;36270010103;Execução de Título Extrajudicial;202408;0;0;1;10;12;3;1;89
G1;36270010103;Conhecimento;202409;39;5;10;121;443;121;122;1116
G1;36270010103;Execução Judicial;202409;0;1;3;8;2;3;12;34
G1;36270010103;Execução de Título Extrajudicial;202409;3;1;1;12;15;4;2;101
G1;36270010103;Execução de Título Extrajudicial;202410;5;0;1;11;20;4;3;112
G1;36270010103;Execução Judicial;202410;0;1;2;12;2;4;14;46
G1;36270010103;Conhecimento;202410;73;5;6;129;475;107;114;1201
G1;36270010103;Execução Judicial;202411;1;0;7;5;3;4;21;51
G1;36270010103;Execução de Título Extrajudicial;202411;2;0;0;11;22;4;3;123
G1;36270010103;Conhecimento;202411;58;1;12;113;513;82;111;1285
G1;36270010103;Execução Judicial;202412;0;0;2;1;3;4;23;52
G1;36270010103;Execução de Título Extrajudicial;202412;4;0;0;8;26;4;3;131
G1;36270010103;Conhecimento;202412;137;2;7;67;634;70;114;1340
G1;36270010103;Execução Judicial;202501;1;0;1;9;4;4;24;61
G1;36270010103;Execução de Título Extrajudicial;202501;4;0;2;15;30;4;5;145
G1;36270010103;Conhecimento;202501;55;9;11;108;679;57;124;1399
G1;36270010103;Execução Judicial;202502;4;1;2;10;8;5;26;70
G1;36270010103;Execução de Título Extrajudicial;202502;3;0;1;14;33;3;6;150
G1;36270010103;Conhecimento;202502;147;6;18;98;807;58;140;1382
G1;36270010103;Execução de Título Extrajudicial;202503;3;0;0;10;36;2;6;148
G1;36270010103;Conhecimento;202503;133;5;12;113;905;58;141;1361
G1;36270010103;Execução Judicial;202503;0;0;2;11;8;5;27;79
G1;36270010103;Conhecimento;202504;126;14;16;103;990;65;126;1355
G1;36270010103;Execução de Título Extrajudicial;202504;5;2;0;11;41;4;6;142
G1;36270010103;Execução Judicial;202504;2;1;1;14;10;5;28;92
G1;36270010103;Execução Judicial;202505;1;0;3;27;11;4;31;119
G1;36270010103;Conhecimento;202505;118;8;14;96;1058;71;133;1346
G1;36270010103;Execução de Título Extrajudicial;202505;4;0;0;8;43;4;6;137
G1;36270010103;Execução de Título Extrajudicial;202506;9;0;0;11;44;4;6;136
G1;36270010103;Conhecimento;202506;104;9;8;99;1113;77;132;1333
G1;36270010103;Execução Judicial;202506;7;1;4;24;18;5;34;138
G1;36270010103;Execução de Título Extrajudicial;202507;7;0;1;15;49;3;7;136
G1;36270010103;Execução Judicial;202507;7;1;0;21;25;6;31;150
G1;36270010103;Conhecimento;202507;159;4;20;122;1225;75;144;1321
G1;36270010103;Conhecimento;202508;115;4;8;97;1264;72;142;1266
G1;36270010103;Execução de Título Extrajudicial;202508;11;0;0;18;60;3;6;144
G1;36270010103;Execução Judicial;202508;9;0;4;26;32;6;31;168
G1;36270010103;Conhecimento;202509;131;2;1;124;1356;69;133;1269
G1;36270010103;Execução Judicial;202509;9;0;1;22;41;5;29;182
G1;36270010103;Execução de Título Extrajudicial;202509;4;0;0;14;61;2;5;146
G1;36270010103;Conhecimento;202510;109;3;11;93;1392;67;138;1233
G1;36270010103;Execução Judicial;202510;11;1;3;29;52;5;30;199
G1;36270010103;Execução de Título Extrajudicial;202510;8;0;0;13;64;2;4;148
G1;36270010103;Execução de Título Extrajudicial;202511;9;0;0;16;71;2;4;153
G1;36270010103;Execução Judicial;202511;6;1;4;13;57;6;27;207
G1;36270010103;Conhecimento;202511;89;5;99;68;1423;71;225;1188
G1;36270010103;Execução de Título Extrajudicial;202512;5;0;1;22;72;2;5;167
G1;36270010103;Execução Judicial;202512;7;1;6;11;64;7;31;217
G1;36270010103;Conhecimento;202512;61;5;23;70;1347;74;241;1191
G1;36270010103;Execução de Título Extrajudicial;202601;3;1;1;21;71;3;4;173
G1;36270010103;Conhecimento;202601;40;2;138;63;1332;67;368;1146
G1;36270010103;Execução Judicial;202601;8;10;13;17;71;17;43;225
G1;36270010103;Execução de Título Extrajudicial;202602;7;0;1;16;75;3;4;175
G1;36270010103;Conhecimento;202602;82;5;75;91;1267;66;425;1139
G1;36270010103;Execução Judicial;202602;6;13;21;24;73;29;62;239
G1;36270010103;Conhecimento;202603;49;6;22;114;1183;67;435;1140
G1;36270010103;Execução de Título Extrajudicial;202603;8;0;0;13;80;3;4;178
G1;36270010103;Execução Judicial;202603;8;17;21;29;81;46;81;257
G1;36270010103;Execução Judicial;202604;6;12;19;21;85;57;99;264
G1;36270010103;Execução de Título Extrajudicial;202604;10;0;0;6;85;1;4;173
G1;36270010103;Conhecimento;202604;87;6;14;110;1144;59;433;1147
G1;36270010103;Execução de Título Extrajudicial;202605;6;0;1;12;87;1;5;177
G1;36270010103;Execução Judicial;202605;6;20;24;27;90;77;120;264
G1;36270010103;Conhecimento;202605;66;9;12;96;1092;60;431;1147
G1;36270010103;Conhecimento;202606;84;6;14;81;1072;57;437;1129
G1;36270010103;Execução Judicial;202606;7;10;16;18;90;86;132;258
G1;36270010103;Execução de Título Extrajudicial;202606;4;2;0;10;82;3;5;176
G1;36280010104;Conhecimento;202301;24;39;41;62;24;39;41;62
G1;36280010104;Conhecimento;202302;55;16;40;47;79;55;81;109
G1;36280010104;Conhecimento;202303;48;33;29;50;127;88;110;159
G1;36280010104;Conhecimento;202304;48;19;16;68;175;107;126;227
G1;36280010104;Conhecimento;202305;45;22;17;53;220;129;143;280
G1;36280010104;Conhecimento;202306;46;32;23;63;266;161;166;343
G1;36280010104;Conhecimento;202307;74;21;18;62;340;182;184;405
G1;36280010104;Execução Judicial;202307;0;1;1;0;0;1;1;0
G1;36280010104;Conhecimento;202308;51;21;14;41;391;203;198;446
G1;36280010104;Conhecimento;202309;42;15;19;47;433;218;217;493
G1;36280010104;Conhecimento;202310;29;19;15;49;462;237;232;542
G1;36280010104;Conhecimento;202311;27;22;19;50;489;259;251;592
G1;36280010104;Conhecimento;202312;55;16;12;30;544;275;263;622
G1;36280010104;Execução Judicial;202312;0;0;0;1;0;1;1;1
G1;36280010104;Execução Judicial;202401;0;0;0;0;0;1;1;1
G1;36280010104;Conhecimento;202401;15;31;33;55;535;267;255;615
G1;36280010104;Conhecimento;202402;48;42;25;53;528;293;240;621
G1;36280010104;Execução Judicial;202402;0;0;0;0;0;1;1;1
G1;36280010104;Execução Judicial;202403;0;0;0;0;0;1;1;1
G1;36280010104;Conhecimento;202403;64;22;17;64;544;282;228;635
G1;36280010104;Conhecimento;202404;83;45;31;89;579;308;243;656
G1;36280010104;Execução Judicial;202404;0;1;1;0;0;2;2;1
G1;36280010104;Execução Judicial;202405;0;0;0;0;0;2;2;1
G1;36280010104;Conhecimento;202405;63;30;27;72;597;316;253;675
G1;36280010104;Conhecimento;202406;65;30;23;69;616;314;253;681
G1;36280010104;Execução Judicial;202406;0;0;0;0;0;2;2;1
G1;36280010104;Execução Judicial;202407;0;0;0;0;0;1;1;1
G1;36280010104;Conhecimento;202407;47;35;23;47;589;328;258;666
G1;36280010104;Conhecimento;202408;49;23;19;94;587;330;263;719
G1;36280010104;Execução Judicial;202408;1;0;0;0;1;1;1;1
G1;36280010104;Conhecimento;202409;50;22;19;56;595;337;263;728
G1;36280010104;Conhecimento;202410;76;39;36;61;642;357;284;740
G1;36280010104;Conhecimento;202411;31;26;12;25;646;361;277;715
G1;36280010104;Conhecimento;202412;59;11;11;8;650;356;276;693
G1;36280010104;Conhecimento;202501;19;39;12;41;654;364;255;679
G1;36280010104;Execução Judicial;202501;0;1;1;0;1;2;2;0
G1;36280010104;Conhecimento;202502;35;26;11;29;641;348;241;655
G1;36280010104;Conhecimento;202503;35;30;10;40;612;356;234;631
G1;36280010104;Execução Judicial;202504;0;1;1;0;1;2;2;0
G1;36280010104;Conhecimento;202504;36;46;18;47;565;357;221;589
G1;36280010104;Conhecimento;202505;39;45;13;40;541;372;207;557
G1;36280010104;Conhecimento;202506;32;23;6;34;508;365;190;522
G1;36280010104;Execução Judicial;202506;0;1;1;1;1;3;3;1
G1;36280010104;Conhecimento;202507;55;50;9;63;516;380;176;538
G1;36280010104;Conhecimento;202508;35;53;12;29;502;410;169;473
G1;36280010104;Conhecimento;202509;15;18;6;42;467;406;156;459
G1;36280010104;Conhecimento;202510;42;37;10;33;433;404;130;431
G1;36280010104;Conhecimento;202511;23;26;7;22;425;404;125;428
G1;36280010104;Conhecimento;202512;34;41;7;25;400;434;121;445
G1;36280010104;Conhecimento;202601;11;58;1;13;392;453;110;417
G1;36280010104;Conhecimento;202602;27;53;4;30;384;480;103;418
G1;36280010104;Conhecimento;202603;38;25;4;25;387;475;97;403
G1;36280010104;Conhecimento;202604;27;29;9;31;378;458;88;387
G1;36280010104;Conhecimento;202605;42;24;12;34;381;437;87;381
G1;36280010104;Conhecimento;202606;32;11;9;11;381;425;90;358
G1;36300010701;Execução Judicial;202301;13;0;1;10;13;0;1;10
G1;36300010701;Conhecimento;202301;93;10;11;82;93;10;11;82
G1;36300010701;Execução Judicial;202302;12;0;0;22;25;0;1;32
G1;36300010701;Conhecimento;202302;109;6;3;89;202;16;14;171
G1;36300010701;Conhecimento;202303;94;7;10;107;296;23;24;278
G1;36300010701;Execução Judicial;202303;24;1;1;36;49;1;2;68
G1;36300010701;Conhecimento;202304;148;8;5;110;444;31;29;388
G1;36300010701;Execução Judicial;202304;34;0;0;25;83;1;2;93
G1;36300010701;Execução Judicial;202305;28;2;1;25;111;3;3;118
G1;36300010701;Conhecimento;202305;105;2;6;117;549;33;35;505
G1;36300010701;Execução Judicial;202306;33;0;1;23;144;3;4;141
G1;36300010701;Conhecimento;202306;131;11;17;123;680;44;52;628
G1;36300010701;Execução Judicial;202307;26;2;1;32;170;5;5;173
G1;36300010701;Conhecimento;202307;114;18;12;107;794;62;64;735
G1;36300010701;Conhecimento;202308;186;9;11;104;980;71;75;839
G1;36300010701;Execução Judicial;202308;45;3;0;38;215;8;5;211
G1;36300010701;Conhecimento;202309;103;7;14;117;1083;78;89;956
G1;36300010701;Execução Judicial;202309;41;0;1;29;256;8;6;240
G1;36300010701;Execução Judicial;202310;49;2;3;56;305;10;9;296
G1;36300010701;Conhecimento;202310;163;15;11;160;1246;93;100;1116
G1;36300010701;Conhecimento;202311;123;17;19;117;1369;110;119;1233
G1;36300010701;Execução Judicial;202311;21;0;3;74;326;10;12;370
G1;36300010701;Conhecimento;202312;140;10;18;79;1509;120;137;1312
G1;36300010701;Execução Judicial;202312;23;5;33;46;349;15;45;416
G1;36300010701;Conhecimento;202401;5;14;3;110;1421;124;129;1340
G1;36300010701;Execução Judicial;202401;1;3;0;30;337;18;44;436
G1;36300010701;Execução de Título Extrajudicial;202402;0;0;0;0;0;0;0;0
G1;36300010701;Conhecimento;202402;82;19;41;100;1394;137;167;1351
G1;36300010701;Execução Judicial;202402;31;4;38;66;356;22;82;480
G1;36300010701;Conhecimento;202403;99;10;19;114;1399;140;176;1358
G1;36300010701;Execução Judicial;202403;43;3;44;67;375;24;125;511
G1;36300010701;Execução de Título Extrajudicial;202403;0;0;0;0;0;0;0;0
G1;36300010701;Execução de Título Extrajudicial;202404;0;0;1;1;0;0;1;1
G1;36300010701;Conhecimento;202404;135;45;40;159;1386;177;211;1407
G1;36300010701;Execução Judicial;202404;16;18;75;84;357;42;200;570
G1;36300010701;Conhecimento;202405;130;21;45;177;1411;196;250;1467
G1;36300010701;Execução Judicial;202405;26;7;71;86;355;47;270;631
G1;36300010701;Execução de Título Extrajudicial;202405;0;0;0;0;0;0;1;1
G1;36300010701;Execução de Título Extrajudicial;202406;0;0;0;0;0;0;1;1
G1;36300010701;Execução Judicial;202406;84;3;19;43;406;50;288;651
G1;36300010701;Conhecimento;202406;166;31;26;148;1446;216;259;1492
G1;36300010701;Conhecimento;202407;175;32;33;156;1507;230;280;1541
G1;36300010701;Execução Judicial;202407;39;5;6;53;419;53;293;672
G1;36300010701;Execução de Título Extrajudicial;202407;0;0;0;0;0;0;1;1
G1;36300010701;Conhecimento;202408;94;15;20;147;1415;236;289;1584
G1;36300010701;Execução Judicial;202408;22;5;10;42;396;55;303;676
G1;36300010701;Execução de Título Extrajudicial;202408;0;0;0;1;0;0;1;2
G1;36300010701;Execução Judicial;202409;30;3;8;41;385;58;310;688
G1;36300010701;Execução de Título Extrajudicial;202409;0;0;0;1;0;0;1;3
G1;36300010701;Conhecimento;202409;93;29;13;98;1405;258;288;1565
G1;36300010701;Execução de Título Extrajudicial;202410;0;0;0;0;0;0;1;3
G1;36300010701;Conhecimento;202410;152;16;16;129;1394;259;293;1534
G1;36300010701;Execução Judicial;202410;43;2;9;50;379;58;316;682
G1;36300010701;Execução de Título Extrajudicial;202411;0;0;0;0;0;0;1;3
G1;36300010701;Execução Judicial;202411;45;5;7;54;403;63;320;662
G1;36300010701;Conhecimento;202411;169;22;26;142;1440;264;300;1559
G1;36300010701;Execução de Título Extrajudicial;202412;0;0;0;0;0;0;1;3
G1;36300010701;Conhecimento;202412;180;30;30;99;1480;284;312;1579
G1;36300010701;Execução Judicial;202412;39;4;12;25;419;62;299;641
G1;36300010701;Execução de Título Extrajudicial;202501;0;0;0;0;0;0;1;3
G1;36300010701;Execução Judicial;202501;34;5;5;42;452;64;304;653
G1;36300010701;Conhecimento;202501;45;19;13;92;1520;289;322;1561
G1;36300010701;Conhecimento;202502;118;29;28;106;1556;299;309;1567
G1;36300010701;Execução Judicial;202502;41;4;15;40;462;64;281;627
G1;36300010701;Execução de Título Extrajudicial;202502;0;0;0;2;0;0;1;5
G1;36300010701;Execução Judicial;202503;26;3;8;55;445;64;245;615
G1;36300010701;Conhecimento;202503;71;23;9;117;1528;312;299;1570
G1;36300010701;Execução de Título Extrajudicial;202503;0;0;0;0;0;0;1;5
G1;36300010701;Execução de Título Extrajudicial;202504;0;1;0;1;0;1;0;5
G1;36300010701;Execução Judicial;202504;49;10;17;59;478;56;187;590
G1;36300010701;Conhecimento;202504;161;34;33;137;1554;301;292;1548
G1;36300010701;Conhecimento;202505;186;19;19;142;1610;299;266;1513
G1;36300010701;Execução Judicial;202505;45;4;9;47;497;53;125;551
G1;36300010701;Execução de Título Extrajudicial;202505;0;0;1;0;0;1;1;5
G1;36300010701;Execução de Título Extrajudicial;202506;0;0;0;0;0;1;1;5
G1;36300010701;Conhecimento;202506;170;34;25;109;1614;302;265;1474
G1;36300010701;Execução Judicial;202506;61;5;28;81;474;55;134;589
G1;36300010701;Execução de Título Extrajudicial;202507;1;0;0;0;1;1;1;5
G1;36300010701;Execução Judicial;202507;81;12;35;72;516;62;163;608
G1;36300010701;Conhecimento;202507;177;28;20;129;1616;298;252;1447
G1;36300010701;Execução de Título Extrajudicial;202508;1;0;0;0;2;1;1;4
G1;36300010701;Execução Judicial;202508;49;7;8;35;543;64;161;601
G1;36300010701;Conhecimento;202508;80;23;17;97;1602;306;249;1397
G1;36300010701;Execução Judicial;202509;80;4;4;55;593;65;157;615
G1;36300010701;Conhecimento;202509;168;3;5;115;1677;280;241;1414
G1;36300010701;Execução de Título Extrajudicial;202509;0;0;0;0;2;1;1;3
G1;36300010701;Execução de Título Extrajudicial;202510;0;0;0;0;2;1;1;3
G1;36300010701;Conhecimento;202510;146;34;21;139;1671;298;246;1424
G1;36300010701;Execução Judicial;202510;45;7;11;40;595;70;159;605
G1;36300010701;Conhecimento;202511;216;17;9;91;1718;293;229;1373
G1;36300010701;Execução de Título Extrajudicial;202511;0;1;0;1;2;2;1;4
G1;36300010701;Execução Judicial;202511;99;22;12;35;649;87;164;586
G1;36300010701;Execução Judicial;202512;22;24;36;32;632;107;188;593
G1;36300010701;Conhecimento;202512;31;6;8;126;1569;269;207;1400
G1;36300010701;Execução de Título Extrajudicial;202512;0;0;0;2;2;2;1;6
G1;36300010701;Execução Judicial;202601;21;18;11;19;619;120;194;570
G1;36300010701;Execução de Título Extrajudicial;202601;0;0;0;0;2;2;1;6
G1;36300010701;Conhecimento;202601;23;16;10;65;1547;266;204;1373
G1;36300010701;Execução de Título Extrajudicial;202602;0;0;0;0;2;2;1;4
G1;36300010701;Conhecimento;202602;53;13;6;87;1482;250;182;1354
G1;36300010701;Execução Judicial;202602;25;29;22;46;603;145;201;576
G1;36300010701;Execução Judicial;202603;35;30;57;72;612;172;250;593
G1;36300010701;Conhecimento;202603;163;24;21;178;1574;251;194;1415
G1;36300010701;Execução de Título Extrajudicial;202603;0;0;0;0;2;2;1;4
G1;36300010701;Conhecimento;202604;150;13;13;141;1563;230;174;1419
G1;36300010701;Execução de Título Extrajudicial;202604;1;0;0;0;3;1;1;3
G1;36300010701;Execução Judicial;202604;51;44;32;47;614;206;265;581
G1;36300010701;Conhecimento;202605;159;22;31;127;1536;233;186;1404
G1;36300010701;Execução Judicial;202605;27;38;27;47;596;240;283;581
G1;36300010701;Execução de Título Extrajudicial;202605;0;0;0;1;3;1;0;4
G1;36300010701;Execução de Título Extrajudicial;202606;0;1;0;0;3;2;0;4
G1;36300010701;Execução Judicial;202606;24;25;12;29;559;260;267;529
G1;36300010701;Conhecimento;202606;83;11;7;122;1449;210;168;1417
G1;36310010703;Execução Judicial;202301;10;1;0;9;10;1;0;9
G1;36310010703;Conhecimento;202301;31;19;10;70;31;19;10;70
G1;36310010703;Execução Judicial;202302;12;0;0;27;22;1;0;36
G1;36310010703;Conhecimento;202302;43;10;6;91;74;29;16;161
G1;36310010703;Execução Judicial;202303;12;0;0;41;34;1;0;77
G1;36310010703;Conhecimento;202303;58;6;2;105;132;35;18;266
G1;36310010703;Execução Judicial;202304;17;0;0;32;51;1;0;109
G1;36310010703;Conhecimento;202304;88;9;4;108;220;44;22;374
G1;36310010703;Conhecimento;202305;93;10;7;107;313;54;29;481
G1;36310010703;Execução Judicial;202305;39;0;0;40;90;1;0;149
G1;36310010703;Execução Judicial;202306;18;1;2;23;108;2;2;172
G1;36310010703;Conhecimento;202306;72;17;5;111;385;71;34;592
G1;36310010703;Execução Judicial;202307;30;1;0;25;138;3;2;197
G1;36310010703;Conhecimento;202307;88;6;1;98;473;77;35;690
G1;36310010703;Execução Judicial;202308;29;0;0;44;167;3;2;241
G1;36310010703;Conhecimento;202308;98;10;9;111;571;87;44;801
G1;36310010703;Execução Judicial;202309;13;1;2;25;180;4;4;266
G1;36310010703;Conhecimento;202309;79;9;6;126;650;96;50;927
G1;36310010703;Conhecimento;202310;108;11;6;156;758;107;56;1083
G1;36310010703;Execução Judicial;202310;29;6;0;26;209;10;4;292
G1;36310010703;Execução Judicial;202311;64;5;3;24;273;15;7;316
G1;36310010703;Conhecimento;202311;269;14;11;114;1027;121;67;1197
G1;36310010703;Execução de Título Extrajudicial;202311;0;0;0;1;0;0;0;1
G1;36310010703;Execução de Título Extrajudicial;202312;1;0;0;0;1;0;0;1
G1;36310010703;Conhecimento;202312;154;16;4;54;1181;137;71;1251
G1;36310010703;Execução Judicial;202312;8;24;1;6;281;39;8;322
G1;36310010703;Execução Judicial;202401;13;4;0;6;284;42;8;319
G1;36310010703;Conhecimento;202401;52;10;12;117;1202;128;73;1298
G1;36310010703;Conhecimento;202402;126;21;18;82;1285;139;85;1289
G1;36310010703;Execução Judicial;202402;18;16;1;13;290;58;9;305
G1;36310010703;Execução Judicial;202403;24;25;2;11;302;83;11;275
G1;36310010703;Conhecimento;202403;54;17;7;98;1281;150;90;1282
G1;36310010703;Execução Judicial;202404;19;37;3;13;304;120;14;256
G1;36310010703;Conhecimento;202404;176;42;17;96;1369;183;103;1270
G1;36310010703;Execução Judicial;202405;34;26;1;29;299;146;15;245
G1;36310010703;Conhecimento;202405;145;26;13;83;1421;199;109;1246
G1;36310010703;Conhecimento;202406;204;29;25;105;1553;211;129;1240
G1;36310010703;Execução Judicial;202406;50;15;2;26;331;160;15;248
G1;36310010703;Conhecimento;202407;169;29;15;130;1634;234;143;1272
G1;36310010703;Execução Judicial;202407;56;10;5;51;357;169;20;274
G1;36310010703;Execução Judicial;202408;51;5;0;59;379;174;20;289
G1;36310010703;Conhecimento;202408;96;17;9;134;1632;241;143;1295
G1;36310010703;Conhecimento;202409;75;22;23;115;1628;254;160;1284
G1;36310010703;Execução de Título Extrajudicial;202409;1;0;0;2;2;0;0;3
G1;36310010703;Execução Judicial;202409;29;7;4;19;395;180;22;283
G1;36310010703;Conhecimento;202410;146;18;15;121;1666;261;169;1249
G1;36310010703;Execução de Título Extrajudicial;202410;1;0;0;0;3;0;0;3
G1;36310010703;Execução Judicial;202410;29;3;1;35;395;177;23;292
G1;36310010703;Execução Judicial;202411;39;6;2;47;370;178;22;315
G1;36310010703;Conhecimento;202411;134;15;12;138;1531;262;170;1273
G1;36310010703;Execução de Título Extrajudicial;202412;0;0;0;1;2;0;0;3
G1;36310010703;Conhecimento;202412;136;19;5;78;1513;265;171;1297
G1;36310010703;Execução Judicial;202412;26;7;1;23;388;161;22;332
G1;36310010703;Execução de Título Extrajudicial;202501;0;0;0;0;2;0;0;3
G1;36310010703;Conhecimento;202501;46;20;18;100;1507;275;177;1280
G1;36310010703;Execução Judicial;202501;26;5;1;23;401;162;23;349
G1;36310010703;Execução de Título Extrajudicial;202502;0;0;0;0;2;0;0;3
G1;36310010703;Conhecimento;202502;82;25;25;98;1463;279;184;1296
G1;36310010703;Execução Judicial;202502;35;6;2;46;418;152;24;382
G1;36310010703;Execução Judicial;202503;23;7;1;36;417;134;23;407
G1;36310010703;Conhecimento;202503;78;10;7;132;1487;272;184;1330
G1;36310010703;Execução de Título Extrajudicial;202503;1;0;0;0;3;0;0;3
G1;36310010703;Execução Judicial;202504;55;8;2;36;453;105;22;430
G1;36310010703;Conhecimento;202504;166;35;23;124;1477;265;190;1358
G1;36310010703;Conhecimento;202505;170;27;19;139;1502;266;196;1414
G1;36310010703;Execução Judicial;202505;45;14;1;43;464;93;22;444
G1;36310010703;Conhecimento;202506;154;11;13;120;1452;248;184;1429
G1;36310010703;Execução Judicial;202506;35;21;3;33;449;99;23;451
G1;36310010703;Conhecimento;202507;158;16;11;120;1441;235;180;1419
G1;36310010703;Execução Judicial;202507;59;47;2;20;452;136;20;420
G1;36310010703;Execução Judicial;202508;54;16;3;44;455;147;23;405
G1;36310010703;Conhecimento;202508;146;24;24;108;1491;242;195;1393
G1;36310010703;Execução Judicial;202509;65;3;4;60;491;143;23;446
G1;36310010703;Conhecimento;202509;200;5;5;123;1616;225;177;1401
G1;36310010703;Execução Judicial;202510;40;21;1;33;502;161;23;444
G1;36310010703;Conhecimento;202510;120;20;7;124;1590;227;169;1404
G1;36310010703;Conhecimento;202511;173;6;6;92;1629;218;163;1358
G1;36310010703;Execução de Título Extrajudicial;202511;0;0;1;3;1;0;1;4
G1;36310010703;Execução Judicial;202511;69;35;12;35;532;190;33;432
G1;36310010703;Execução de Título Extrajudicial;202512;0;0;0;0;1;0;1;3
G1;36310010703;Execução Judicial;202512;42;25;17;35;548;208;49;444
G1;36310010703;Conhecimento;202512;100;5;4;106;1593;204;162;1386
G1;36310010703;Execução de Título Extrajudicial;202601;0;0;0;0;1;0;1;3
G1;36310010703;Execução Judicial;202601;22;20;25;28;544;223;73;449
G1;36310010703;Conhecimento;202601;22;18;14;74;1569;202;158;1360
G1;36310010703;Conhecimento;202602;62;10;16;103;1549;187;149;1365
G1;36310010703;Execução de Título Extrajudicial;202602;0;0;0;0;1;0;1;3
G1;36310010703;Execução Judicial;202602;34;26;31;53;543;243;102;456
G1;36310010703;Execução Judicial;202603;74;47;36;74;594;283;137;494
G1;36310010703;Conhecimento;202603;173;18;12;151;1644;195;154;1384
G1;36310010703;Execução de Título Extrajudicial;202603;0;0;0;0;0;0;1;3
G1;36310010703;Execução de Título Extrajudicial;202604;0;0;0;0;0;0;1;3
G1;36310010703;Conhecimento;202604;140;5;21;151;1618;165;152;1411
G1;36310010703;Execução Judicial;202604;46;31;47;64;585;306;182;522
G1;36310010703;Conhecimento;202605;161;11;18;118;1609;149;151;1390
G1;36310010703;Execução de Título Extrajudicial;202605;0;0;0;1;0;0;1;4
G1;36310010703;Execução Judicial;202605;45;38;28;60;585;330;209;539
G1;36310010703;Execução de Título Extrajudicial;202606;0;0;1;0;0;0;2;4
G1;36310010703;Conhecimento;202606;106;6;7;109;1561;144;145;1379
G1;36310010703;Execução Judicial;202606;45;23;28;60;595;332;234;566
G1;36320010601;Execução Judicial;202301;9;0;0;11;9;0;0;11
G1;36320010601;Execução de Título Extrajudicial;202301;1;0;0;0;1;0;0;0
G1;36320010601;Conhecimento;202301;15;10;5;22;15;10;5;22
G1;36320010601;Execução Judicial;202302;2;1;0;10;11;1;0;21
G1;36320010601;Conhecimento;202302;17;2;1;22;32;12;6;44
G1;36320010601;Execução de Título Extrajudicial;202302;9;0;1;0;10;0;1;0
G1;36320010601;Conhecimento;202303;41;0;0;23;73;12;6;67
G1;36320010601;Execução de Título Extrajudicial;202303;12;0;0;0;22;0;1;0
G1;36320010601;Execução Judicial;202303;8;0;0;10;19;1;0;31
G1;36320010601;Execução de Título Extrajudicial;202304;26;0;1;0;48;0;2;0
G1;36320010601;Conhecimento;202304;19;8;7;21;92;20;13;88
G1;36320010601;Execução Judicial;202304;10;0;0;5;29;1;0;36
G1;36320010601;Execução Judicial;202305;12;0;0;28;41;1;0;64
G1;36320010601;Conhecimento;202305;43;5;4;34;135;25;17;122
G1;36320010601;Execução de Título Extrajudicial;202305;24;0;1;2;72;0;3;2
G1;36320010601;Conhecimento;202306;13;1;1;39;148;26;18;161
G1;36320010601;Execução Judicial;202306;4;0;0;12;45;1;0;76
G1;36320010601;Execução de Título Extrajudicial;202306;5;1;0;1;77;1;3;3
G1;36320010601;Conhecimento;202307;24;1;2;25;172;27;20;186
G1;36320010601;Execução Judicial;202307;10;0;0;5;55;1;0;81
G1;36320010601;Execução de Título Extrajudicial;202307;28;0;1;1;105;1;4;4
G1;36320010601;Execução de Título Extrajudicial;202308;11;0;0;5;116;1;4;9
G1;36320010601;Execução Judicial;202308;5;0;0;9;60;1;0;90
G1;36320010601;Conhecimento;202308;17;2;5;28;189;29;25;214
G1;36320010601;Execução de Título Extrajudicial;202309;39;0;5;0;155;1;9;9
G1;36320010601;Execução Judicial;202309;15;0;0;12;75;1;0;102
G1;36320010601;Conhecimento;202309;16;2;2;25;205;31;27;239
G1;36320010601;Execução de Título Extrajudicial;202310;12;0;0;0;167;1;9;9
G1;36320010601;Conhecimento;202310;34;2;2;21;239;33;29;260
G1;36320010601;Execução Judicial;202310;0;0;0;17;75;1;0;119
G1;36320010601;Conhecimento;202311;53;4;0;13;292;37;29;273
G1;36320010601;Execução de Título Extrajudicial;202311;18;0;0;0;185;1;9;9
G1;36320010601;Execução Judicial;202311;18;0;0;7;93;1;0;126
G1;36320010601;Execução de Título Extrajudicial;202312;100;0;0;0;285;1;9;9
G1;36320010601;Execução Judicial;202312;9;1;0;0;102;2;0;126
G1;36320010601;Conhecimento;202312;14;4;1;21;306;41;30;294
G1;36320010601;Execução Judicial;202401;1;0;0;3;94;2;0;118
G1;36320010601;Execução de Título Extrajudicial;202401;15;0;0;0;299;1;9;9
G1;36320010601;Conhecimento;202401;12;13;10;27;303;44;35;299
G1;36320010601;Conhecimento;202402;22;6;4;32;308;48;38;309
G1;36320010601;Execução de Título Extrajudicial;202402;11;0;0;0;301;1;8;9
G1;36320010601;Execução Judicial;202402;7;0;0;7;99;1;0;115
G1;36320010601;Execução de Título Extrajudicial;202403;10;0;0;0;299;1;8;9
G1;36320010601;Execução Judicial;202403;13;1;1;14;104;2;1;119
G1;36320010601;Conhecimento;202403;45;5;4;29;312;53;42;315
G1;36320010601;Conhecimento;202404;27;7;5;33;320;52;40;327
G1;36320010601;Execução Judicial;202404;3;0;0;6;97;2;1;120
G1;36320010601;Execução de Título Extrajudicial;202404;16;0;0;0;289;1;7;9
G1;36320010601;Execução de Título Extrajudicial;202405;27;0;0;0;292;1;6;7
G1;36320010601;Execução Judicial;202405;4;0;0;17;89;2;1;109
G1;36320010601;Conhecimento;202405;21;7;3;35;298;54;39;328
G1;36320010601;Conhecimento;202406;29;12;5;34;314;65;43;323
G1;36320010601;Execução Judicial;202406;24;0;0;5;109;2;1;102
G1;36320010601;Execução de Título Extrajudicial;202406;46;0;0;0;333;0;6;6
G1;36320010601;Execução de Título Extrajudicial;202407;52;3;0;0;357;3;5;5
G1;36320010601;Execução Judicial;202407;101;0;0;15;200;2;1;112
G1;36320010601;Conhecimento;202407;49;8;5;22;339;72;46;320
G1;36320010601;Execução Judicial;202408;44;0;0;12;239;2;1;115
G1;36320010601;Conhecimento;202408;18;8;4;25;340;78;45;317
G1;36320010601;Execução de Título Extrajudicial;202408;48;0;0;1;394;3;5;1
G1;36320010601;Conhecimento;202409;28;2;2;16;352;78;45;308
G1;36320010601;Execução de Título Extrajudicial;202409;14;0;2;0;369;3;2;1
G1;36320010601;Execução Judicial;202409;33;0;0;13;257;2;1;116
G1;36320010601;Execução Judicial;202410;10;0;0;4;267;2;1;103
G1;36320010601;Execução de Título Extrajudicial;202410;10;0;0;0;367;3;2;1
G1;36320010601;Conhecimento;202410;28;9;7;16;346;85;50;303
G1;36320010601;Execução Judicial;202411;41;0;0;7;290;2;1;103
G1;36320010601;Execução de Título Extrajudicial;202411;14;0;0;2;363;3;2;3
G1;36320010601;Conhecimento;202411;38;14;5;29;331;95;55;319
G1;36320010601;Conhecimento;202412;32;9;4;21;349;100;58;319
G1;36320010601;Execução de Título Extrajudicial;202412;20;0;0;2;283;3;2;5
G1;36320010601;Execução Judicial;202412;44;0;0;12;325;1;1;115
G1;36320010601;Execução Judicial;202501;4;0;0;5;328;1;1;117
G1;36320010601;Conhecimento;202501;20;9;2;18;357;96;50;310
G1;36320010601;Execução de Título Extrajudicial;202501;11;0;0;0;279;3;2;5
G1;36320010601;Execução de Título Extrajudicial;202502;18;0;0;1;286;3;2;6
G1;36320010601;Execução Judicial;202502;24;0;0;13;345;1;1;123
G1;36320010601;Conhecimento;202502;52;14;4;24;387;104;50;302
G1;36320010601;Conhecimento;202503;39;14;4;21;381;113;50;294
G1;36320010601;Execução de Título Extrajudicial;202503;23;0;0;0;299;3;2;6
G1;36320010601;Execução Judicial;202503;6;0;0;8;338;0;0;117
G1;36320010601;Execução Judicial;202504;5;0;0;12;340;0;0;123
G1;36320010601;Conhecimento;202504;26;22;5;23;380;128;50;284
G1;36320010601;Execução de Título Extrajudicial;202504;28;1;0;0;311;4;2;6
G1;36320010601;Execução de Título Extrajudicial;202505;22;6;0;0;306;10;2;6
G1;36320010601;Conhecimento;202505;26;17;4;27;385;138;51;276
G1;36320010601;Execução Judicial;202505;4;0;0;8;340;0;0;114
G1;36320010601;Execução de Título Extrajudicial;202506;9;0;0;0;269;10;2;6
G1;36320010601;Conhecimento;202506;24;14;4;16;380;140;50;258
G1;36320010601;Execução Judicial;202506;6;0;0;10;322;0;0;119
G1;36320010601;Execução Judicial;202507;6;1;0;19;227;1;0;123
G1;36320010601;Conhecimento;202507;18;27;8;29;349;159;53;265
G1;36320010601;Execução de Título Extrajudicial;202507;5;0;0;0;222;7;2;6
G1;36320010601;Conhecimento;202508;15;2;3;46;346;153;52;286
G1;36320010601;Execução de Título Extrajudicial;202508;12;0;0;0;186;7;2;5
G1;36320010601;Execução Judicial;202508;5;2;0;3;188;3;0;114
G1;36320010601;Execução Judicial;202509;5;1;0;4;160;4;0;105
G1;36320010601;Conhecimento;202509;39;2;3;42;357;153;53;312
G1;36320010601;Execução de Título Extrajudicial;202509;6;4;0;0;178;11;0;5
G1;36320010601;Conhecimento;202510;23;5;3;52;352;149;49;348
G1;36320010601;Execução Judicial;202510;29;0;2;18;179;4;2;119
G1;36320010601;Execução de Título Extrajudicial;202510;9;0;0;0;177;11;0;5
G1;36320010601;Execução de Título Extrajudicial;202511;4;0;0;0;167;11;0;3
G1;36320010601;Execução Judicial;202511;14;1;0;33;152;5;2;145
G1;36320010601;Conhecimento;202511;38;5;2;25;352;140;46;344
G1;36320010601;Execução de Título Extrajudicial;202512;1;0;0;1;148;11;0;2
G1;36320010601;Execução Judicial;202512;8;1;16;23;116;6;18;156
G1;36320010601;Conhecimento;202512;11;3;1;65;331;134;43;388
G1;36320010601;Execução Judicial;202601;11;2;1;12;123;8;19;163
G1;36320010601;Execução de Título Extrajudicial;202601;7;2;0;1;144;13;0;3
G1;36320010601;Conhecimento;202601;13;5;1;33;324;130;42;403
G1;36320010601;Conhecimento;202602;15;11;8;59;287;127;46;438
G1;36320010601;Execução de Título Extrajudicial;202602;1;0;0;0;127;13;0;2
G1;36320010601;Execução Judicial;202602;13;2;35;15;112;10;54;165
G1;36320010601;Execução Judicial;202603;7;2;8;9;113;12;62;166
G1;36320010601;Execução de Título Extrajudicial;202603;7;0;1;0;111;13;1;2
G1;36320010601;Conhecimento;202603;25;11;3;63;273;124;45;480
G1;36320010601;Execução de Título Extrajudicial;202604;11;0;0;0;94;12;1;2
G1;36320010601;Execução Judicial;202604;12;4;9;18;120;16;71;172
G1;36320010601;Conhecimento;202604;18;8;6;69;265;110;46;526
G1;36320010601;Execução de Título Extrajudicial;202605;11;0;0;0;83;6;1;2
G1;36320010601;Conhecimento;202605;32;16;2;47;271;109;44;546
G1;36320010601;Execução Judicial;202605;11;4;3;10;127;20;74;174
G1;36320010601;Execução de Título Extrajudicial;202606;6;0;0;0;80;6;1;2
G1;36320010601;Execução Judicial;202606;11;4;4;3;132;24;78;167
G1;36320010601;Conhecimento;202606;41;13;6;37;288;108;46;567
G1;36330010602;Execução de Título Extrajudicial;202301;7;0;1;1;7;0;1;1
G1;36330010602;Execução Judicial;202301;0;0;0;2;0;0;0;2
G1;36330010602;Conhecimento;202301;19;4;8;21;19;4;8;21
G1;36330010602;Execução de Título Extrajudicial;202302;14;1;0;0;21;1;1;1
G1;36330010602;Conhecimento;202302;16;1;10;19;35;5;18;40
G1;36330010602;Execução Judicial;202302;1;0;0;4;1;0;0;6
G1;36330010602;Conhecimento;202303;13;3;5;33;48;8;23;73
G1;36330010602;Execução de Título Extrajudicial;202303;32;0;0;0;53;1;1;1
G1;36330010602;Execução Judicial;202303;2;0;0;3;3;0;0;9
G1;36330010602;Execução Judicial;202304;3;0;0;7;6;0;0;16
G1;36330010602;Execução de Título Extrajudicial;202304;14;1;4;3;67;2;5;4
G1;36330010602;Conhecimento;202304;34;3;6;23;82;11;29;96
G1;36330010602;Execução de Título Extrajudicial;202305;43;1;1;4;110;3;6;8
G1;36330010602;Conhecimento;202305;39;2;3;31;121;13;32;127
G1;36330010602;Execução Judicial;202305;0;0;1;9;6;0;1;25
G1;36330010602;Execução de Título Extrajudicial;202306;43;0;1;0;153;3;7;8
G1;36330010602;Execução Judicial;202306;6;0;0;3;12;0;1;28
G1;36330010602;Conhecimento;202306;38;1;2;32;159;14;34;159
G1;36330010602;Execução de Título Extrajudicial;202307;24;0;0;0;177;3;7;8
G1;36330010602;Conhecimento;202307;49;2;3;31;208;16;37;190
G1;36330010602;Execução Judicial;202307;3;0;0;17;15;0;1;45
G1;36330010602;Conhecimento;202308;32;4;8;31;240;20;45;221
G1;36330010602;Execução Judicial;202308;4;0;0;15;19;0;1;60
G1;36330010602;Execução de Título Extrajudicial;202308;28;0;0;4;205;3;7;12
G1;36330010602;Execução Judicial;202309;3;0;0;3;22;0;1;63
G1;36330010602;Conhecimento;202309;38;0;4;29;278;20;49;250
G1;36330010602;Execução de Título Extrajudicial;202309;27;1;0;1;232;4;7;13
G1;36330010602;Execução de Título Extrajudicial;202310;19;0;0;0;251;4;7;13
G1;36330010602;Execução Judicial;202310;1;0;0;6;23;0;1;69
G1;36330010602;Conhecimento;202310;39;3;2;26;317;23;51;276
G1;36330010602;Execução Judicial;202311;7;0;0;24;30;0;1;93
G1;36330010602;Conhecimento;202311;51;4;4;18;368;27;55;294
G1;36330010602;Execução de Título Extrajudicial;202311;38;0;0;2;289;4;7;15
G1;36330010602;Execução de Título Extrajudicial;202312;10;0;0;0;299;4;7;15
G1;36330010602;Execução Judicial;202312;1;0;1;3;31;0;2;96
G1;36330010602;Conhecimento;202312;20;7;6;22;388;34;61;316
G1;36330010602;Execução de Título Extrajudicial;202401;11;0;0;1;303;4;6;15
G1;36330010602;Execução Judicial;202401;1;0;0;3;32;0;2;97
G1;36330010602;Conhecimento;202401;34;11;16;31;403;41;69;326
G1;36330010602;Execução de Título Extrajudicial;202402;1;0;0;1;290;3;6;16
G1;36330010602;Execução Judicial;202402;0;0;0;4;31;0;2;97
G1;36330010602;Conhecimento;202402;18;11;7;40;405;51;66;347
G1;36330010602;Conhecimento;202403;2;6;9;35;394;54;70;349
G1;36330010602;Execução Judicial;202403;1;0;0;6;30;0;2;100
G1;36330010602;Execução de Título Extrajudicial;202403;1;0;1;0;259;3;7;16
G1;36330010602;Conhecimento;202404;32;13;7;28;392;64;71;354
G1;36330010602;Execução Judicial;202404;7;0;0;10;34;0;2;103
G1;36330010602;Execução de Título Extrajudicial;202404;20;1;1;1;265;3;4;14
G1;36330010602;Execução Judicial;202405;0;0;0;4;34;0;1;98
G1;36330010602;Execução de Título Extrajudicial;202405;7;0;0;0;229;2;3;10
G1;36330010602;Conhecimento;202405;14;7;4;31;367;69;72;354
G1;36330010602;Execução de Título Extrajudicial;202406;12;1;1;1;198;3;3;11
G1;36330010602;Execução Judicial;202406;3;0;0;5;31;0;1;100
G1;36330010602;Conhecimento;202406;41;12;14;38;370;80;84;360
G1;36330010602;Execução de Título Extrajudicial;202407;8;2;0;2;182;5;3;13
G1;36330010602;Conhecimento;202407;42;14;11;30;363;92;92;359
G1;36330010602;Execução Judicial;202407;51;1;1;13;79;1;2;96
G1;36330010602;Execução de Título Extrajudicial;202408;11;1;1;3;165;6;4;12
G1;36330010602;Conhecimento;202408;31;15;18;26;362;103;102;354
G1;36330010602;Execução Judicial;202408;3;0;0;17;78;1;2;98
G1;36330010602;Execução de Título Extrajudicial;202409;12;1;0;0;150;6;4;11
G1;36330010602;Conhecimento;202409;44;19;27;27;368;122;125;352
G1;36330010602;Execução Judicial;202409;1;0;0;12;76;1;2;107
G1;36330010602;Execução Judicial;202410;3;0;0;5;78;1;2;106
G1;36330010602;Execução de Título Extrajudicial;202410;10;0;2;1;141;6;6;12
G1;36330010602;Conhecimento;202410;87;18;11;21;416;137;134;347
G1;36330010602;Execução de Título Extrajudicial;202411;5;1;0;2;108;7;6;12
G1;36330010602;Conhecimento;202411;13;9;7;31;378;142;137;360
G1;36330010602;Execução Judicial;202411;1;0;0;10;72;1;2;92
G1;36330010602;Execução de Título Extrajudicial;202412;27;0;0;0;125;7;6;12
G1;36330010602;Conhecimento;202412;65;12;2;28;423;147;133;366
G1;36330010602;Execução Judicial;202412;6;0;0;16;77;1;1;105
G1;36330010602;Execução Judicial;202501;8;0;0;12;84;1;1;114
G1;36330010602;Execução de Título Extrajudicial;202501;6;1;0;0;120;8;6;11
G1;36330010602;Conhecimento;202501;42;8;5;9;431;144;122;344
G1;36330010602;Execução de Título Extrajudicial;202502;10;0;0;2;129;8;6;12
G1;36330010602;Conhecimento;202502;45;8;3;14;458;141;118;318
G1;36330010602;Execução Judicial;202502;5;0;0;15;89;1;1;125
G1;36330010602;Execução Judicial;202503;1;0;0;8;89;1;1;127
G1;36330010602;Execução de Título Extrajudicial;202503;14;1;0;0;142;9;5;12
G1;36330010602;Conhecimento;202503;18;10;2;20;474;145;111;303
G1;36330010602;Execução de Título Extrajudicial;202504;11;0;1;0;133;8;5;11
G1;36330010602;Conhecimento;202504;54;12;2;24;496;144;106;299
G1;36330010602;Execução Judicial;202504;3;0;0;5;85;1;1;122
G1;36330010602;Execução de Título Extrajudicial;202505;4;6;0;0;130;14;5;11
G1;36330010602;Execução Judicial;202505;1;0;0;14;86;1;1;132
G1;36330010602;Conhecimento;202505;50;14;6;33;532;151;108;301
G1;36330010602;Execução Judicial;202506;8;0;1;15;91;1;2;142
G1;36330010602;Conhecimento;202506;34;12;9;22;525;151;103;285
G1;36330010602;Execução de Título Extrajudicial;202506;10;0;0;0;128;13;4;10
G1;36330010602;Conhecimento;202507;63;18;26;44;546;155;118;299
G1;36330010602;Execução Judicial;202507;7;0;1;15;47;0;2;144
G1;36330010602;Execução de Título Extrajudicial;202507;14;0;0;0;134;11;4;8
G1;36330010602;Conhecimento;202508;60;10;2;27;575;150;102;300
G1;36330010602;Execução Judicial;202508;0;0;0;11;44;0;2;138
G1;36330010602;Execução de Título Extrajudicial;202508;8;2;0;0;131;12;3;5
G1;36330010602;Execução Judicial;202509;6;0;0;15;49;0;2;141
G1;36330010602;Execução de Título Extrajudicial;202509;12;4;0;1;131;15;3;6
G1;36330010602;Conhecimento;202509;48;4;0;44;579;135;75;317
G1;36330010602;Execução Judicial;202510;8;2;0;26;54;2;2;162
G1;36330010602;Conhecimento;202510;33;1;3;37;525;118;67;333
G1;36330010602;Execução de Título Extrajudicial;202510;36;0;0;1;157;15;1;6
G1;36330010602;Execução Judicial;202511;1;0;0;27;54;2;2;179
G1;36330010602;Conhecimento;202511;26;3;6;36;538;112;66;338
G1;36330010602;Execução de Título Extrajudicial;202511;21;0;0;0;173;14;1;4
G1;36330010602;Conhecimento;202512;60;5;0;27;533;105;64;337
G1;36330010602;Execução de Título Extrajudicial;202512;22;0;0;3;168;14;1;7
G1;36330010602;Execução Judicial;202512;2;17;0;14;50;19;2;177
G1;36330010602;Execução de Título Extrajudicial;202601;11;1;0;0;173;14;1;7
G1;36330010602;Execução Judicial;202601;7;3;1;13;49;22;3;178
G1;36330010602;Conhecimento;202601;35;2;1;28;526;99;60;356
G1;36330010602;Conhecimento;202602;27;2;2;9;508;93;59;351
G1;36330010602;Execução de Título Extrajudicial;202602;30;0;0;0;193;14;1;5
G1;36330010602;Execução Judicial;202602;0;28;0;2;44;50;3;165
G1;36330010602;Conhecimento;202603;40;6;4;32;530;89;61;363
G1;36330010602;Execução de Título Extrajudicial;202603;24;0;0;0;203;13;1;5
G1;36330010602;Execução Judicial;202603;5;8;0;26;48;58;3;183
G1;36330010602;Execução Judicial;202604;8;12;3;20;53;70;6;198
G1;36330010602;Conhecimento;202604;36;5;1;31;512;82;60;370
G1;36330010602;Execução de Título Extrajudicial;202604;28;0;0;0;220;13;0;5
G1;36330010602;Execução Judicial;202605;1;4;2;10;53;74;8;194
G1;36330010602;Execução de Título Extrajudicial;202605;43;0;0;0;259;7;0;5
G1;36330010602;Conhecimento;202605;18;7;2;45;480;75;56;382
G1;36330010602;Execução Judicial;202606;7;10;7;11;52;84;14;190
G1;36330010602;Execução de Título Extrajudicial;202606;20;0;0;0;269;7;0;5
G1;36330010602;Conhecimento;202606;56;3;2;30;502;66;49;390
G1;36360010801;Conhecimento;202301;70;2;3;70;70;2;3;70
G1;36360010801;Execução Judicial;202301;1;0;0;0;1;0;0;0
G1;36360010801;Execução Judicial;202302;0;0;0;1;1;0;0;1
G1;36360010801;Conhecimento;202302;96;5;4;92;166;7;7;162
G1;36360010801;Execução Judicial;202303;0;0;0;2;1;0;0;3
G1;36360010801;Conhecimento;202303;150;5;3;116;316;12;10;278
G1;36360010801;Conhecimento;202304;141;2;1;103;457;14;11;381
G1;36360010801;Execução Judicial;202304;0;0;0;0;1;0;0;3
G1;36360010801;Execução Judicial;202305;1;0;0;0;2;0;0;3
G1;36360010801;Conhecimento;202305;175;2;2;152;632;16;13;533
G1;36360010801;Execução Judicial;202306;0;0;0;1;2;0;0;4
G1;36360010801;Conhecimento;202306;66;4;2;114;698;20;15;647
G1;36360010801;Conhecimento;202307;163;4;6;107;861;24;21;754
G1;36360010801;Execução Judicial;202307;0;0;0;0;2;0;0;4
G1;36360010801;Conhecimento;202308;109;2;2;101;970;26;23;855
G1;36360010801;Execução Judicial;202308;0;0;0;0;2;0;0;4
G1;36360010801;Conhecimento;202309;130;5;2;113;1100;31;25;968
G1;36360010801;Execução de Título Extrajudicial;202309;0;1;0;0;0;1;0;0
G1;36360010801;Execução Judicial;202309;0;0;0;0;2;0;0;4
G1;36360010801;Conhecimento;202310;111;4;1;114;1211;35;26;1082
G1;36360010801;Execução Judicial;202310;0;0;0;0;2;0;0;4
G1;36360010801;Execução Judicial;202311;0;1;0;0;2;1;0;4
G1;36360010801;Conhecimento;202311;65;4;0;110;1276;39;26;1192
G1;36360010801;Execução Judicial;202312;1;0;0;1;3;1;0;5
G1;36360010801;Execução de Título Extrajudicial;202312;0;0;0;0;0;1;0;0
G1;36360010801;Conhecimento;202312;92;9;2;55;1368;48;28;1247
G1;36360010801;Execução de Título Extrajudicial;202401;0;0;0;0;0;1;0;0
G1;36360010801;Conhecimento;202401;21;9;3;94;1319;55;28;1271
G1;36360010801;Execução Judicial;202401;0;1;1;1;2;2;1;6
G1;36360010801;Execução Judicial;202402;0;0;0;1;2;2;1;6
G1;36360010801;Conhecimento;202402;19;14;1;84;1242;64;25;1263
G1;36360010801;Execução de Título Extrajudicial;202402;0;1;0;0;0;2;0;0
G1;36360010801;Execução Judicial;202403;0;2;0;1;2;4;1;5
G1;36360010801;Conhecimento;202403;94;18;8;95;1186;77;30;1242
G1;36360010801;Execução de Título Extrajudicial;202403;0;0;0;0;0;2;0;0
G1;36360010801;Execução de Título Extrajudicial;202404;0;1;0;0;0;3;0;0
G1;36360010801;Conhecimento;202404;77;26;3;120;1122;101;32;1259
G1;36360010801;Execução Judicial;202404;0;4;0;0;2;8;1;5
G1;36360010801;Execução Judicial;202405;1;0;0;0;2;8;1;5
G1;36360010801;Execução de Título Extrajudicial;202405;0;0;0;0;0;3;0;0
G1;36360010801;Conhecimento;202405;75;16;3;101;1022;115;33;1208
G1;36360010801;Execução de Título Extrajudicial;202406;0;2;0;0;0;5;0;0
G1;36360010801;Conhecimento;202406;82;28;7;93;1038;139;38;1187
G1;36360010801;Execução Judicial;202406;0;1;0;0;2;9;1;4
G1;36360010801;Execução Judicial;202407;0;0;2;0;2;9;3;4
G1;36360010801;Conhecimento;202407;168;23;17;122;1043;158;49;1202
G1;36360010801;Execução de Título Extrajudicial;202407;0;0;0;0;0;5;0;0
G1;36360010801;Execução Judicial;202408;0;0;0;0;2;9;3;4
G1;36360010801;Conhecimento;202408;127;7;3;125;1061;163;50;1226
G1;36360010801;Execução de Título Extrajudicial;202408;0;0;0;0;0;5;0;0
G1;36360010801;Conhecimento;202409;83;8;8;87;1014;166;56;1200
G1;36360010801;Execução de Título Extrajudicial;202409;0;0;0;0;0;4;0;0
G1;36360010801;Execução Judicial;202409;0;0;1;0;2;9;4;4
G1;36360010801;Execução Judicial;202410;2;0;0;1;4;9;4;5
G1;36360010801;Conhecimento;202410;101;5;3;101;1004;167;58;1187
G1;36360010801;Conhecimento;202411;122;10;10;118;1061;173;68;1195
G1;36360010801;Execução Judicial;202411;0;1;1;0;4;9;5;5
G1;36360010801;Execução Judicial;202412;0;0;0;0;3;9;5;4
G1;36360010801;Conhecimento;202412;83;6;6;66;1052;170;72;1206
G1;36360010801;Execução Judicial;202501;1;0;0;0;4;8;4;3
G1;36360010801;Execução de Título Extrajudicial;202501;0;0;0;0;0;4;0;0
G1;36360010801;Conhecimento;202501;79;3;5;84;1110;164;74;1196
G1;36360010801;Execução Judicial;202502;1;1;0;1;5;9;4;3
G1;36360010801;Execução de Título Extrajudicial;202502;0;0;0;0;0;3;0;0
G1;36360010801;Conhecimento;202502;106;9;7;121;1197;159;80;1233
G1;36360010801;Conhecimento;202503;89;6;10;96;1192;147;82;1234
G1;36360010801;Execução Judicial;202503;0;0;0;3;5;7;4;5
G1;36360010801;Execução de Título Extrajudicial;202503;0;0;0;0;0;3;0;0
G1;36360010801;Execução de Título Extrajudicial;202504;0;0;0;0;0;2;0;0
G1;36360010801;Conhecimento;202504;72;10;8;70;1187;131;87;1184
G1;36360010801;Execução Judicial;202504;1;1;0;0;6;4;4;5
G1;36360010801;Execução Judicial;202505;2;0;0;1;7;4;4;6
G1;36360010801;Conhecimento;202505;103;9;8;102;1215;124;92;1185
G1;36360010801;Execução Judicial;202506;0;0;0;1;7;3;4;7
G1;36360010801;Conhecimento;202506;92;12;9;90;1225;108;94;1182
G1;36360010801;Conhecimento;202507;67;13;5;89;1124;98;82;1149
G1;36360010801;Execução Judicial;202507;0;0;1;0;7;3;3;7
G1;36360010801;Execução Judicial;202508;1;0;0;1;8;3;3;8
G1;36360010801;Conhecimento;202508;63;10;5;98;1060;101;84;1122
G1;36360010801;Conhecimento;202509;78;1;3;122;1055;94;79;1157
G1;36360010801;Execução Judicial;202509;1;0;0;0;9;3;2;8
G1;36360010801;Execução Judicial;202510;2;0;0;2;9;3;2;9
G1;36360010801;Conhecimento;202510;142;3;6;117;1096;92;82;1173
G1;36360010801;Execução Judicial;202511;1;0;0;0;10;2;1;9
G1;36360010801;Conhecimento;202511;77;2;9;125;1051;84;81;1180
G1;36360010801;Execução Judicial;202512;0;1;0;0;10;3;1;9
G1;36360010801;Conhecimento;202512;102;3;3;90;1070;81;78;1204
G1;36360010801;Execução Judicial;202601;0;1;0;1;9;4;1;10
G1;36360010801;Conhecimento;202601;69;3;2;74;1060;81;75;1194
G1;36360010801;Conhecimento;202602;114;7;0;82;1068;79;68;1155
G1;36360010801;Execução Judicial;202602;1;0;0;0;9;3;1;9
G1;36360010801;Conhecimento;202603;122;9;11;114;1101;82;69;1173
G1;36360010801;Execução de Título Extrajudicial;202603;0;0;0;1;0;0;0;1
G1;36360010801;Execução Judicial;202603;1;0;0;0;10;3;1;6
G1;36360010801;Execução Judicial;202604;0;0;1;2;9;2;2;8
G1;36360010801;Conhecimento;202604;118;6;8;118;1147;78;69;1221
G1;36360010801;Execução de Título Extrajudicial;202605;0;0;1;0;0;0;1;1
G1;36360010801;Conhecimento;202605;121;9;11;113;1165;78;72;1232
G1;36360010801;Execução Judicial;202605;0;0;0;0;7;2;2;7
G1;36360010801;Conhecimento;202606;84;5;2;106;1157;71;65;1248
G1;36360010801;Execução Judicial;202606;0;0;0;0;7;2;2;6
G1;36380010401;Conhecimento;202301;16;2;0;14;16;2;0;14
G1;36380010401;Conhecimento;202302;10;2;1;13;26;4;1;27
G1;36380010401;Conhecimento;202303;6;2;3;16;32;6;4;43
G1;36380010401;Conhecimento;202304;3;1;1;16;35;7;5;59
G1;36380010401;Conhecimento;202305;18;4;7;20;53;11;12;79
G1;36380010401;Conhecimento;202306;11;4;4;12;64;15;16;91
G1;36380010401;Conhecimento;202307;15;2;5;21;79;17;21;112
G1;36380010401;Conhecimento;202308;17;3;1;23;96;20;22;135
G1;36380010401;Conhecimento;202309;28;2;1;27;124;22;23;162
G1;36380010401;Conhecimento;202310;15;4;4;18;139;26;27;180
G1;36380010401;Conhecimento;202311;6;2;1;17;145;28;28;197
G1;36380010401;Conhecimento;202312;34;1;2;17;179;29;30;214
G1;36380010401;Conhecimento;202401;20;4;4;19;183;31;34;219
G1;36380010401;Conhecimento;202402;6;2;0;21;179;31;33;227
G1;36380010401;Conhecimento;202403;14;1;1;26;187;30;31;237
G1;36380010401;Conhecimento;202404;31;3;2;32;215;32;32;253
G1;36380010401;Conhecimento;202405;21;2;1;9;218;30;26;242
G1;36380010401;Conhecimento;202406;14;0;2;8;221;26;24;238
G1;36380010401;Conhecimento;202407;20;2;5;20;226;26;24;237
G1;36380010401;Conhecimento;202408;7;2;3;14;216;25;26;228
G1;36380010401;Conhecimento;202409;13;2;1;15;201;25;26;216
G1;36380010401;Conhecimento;202410;19;4;0;15;205;25;22;213
G1;36380010401;Conhecimento;202411;13;2;2;19;212;25;23;215
G1;36380010401;Conhecimento;202412;11;1;2;13;189;25;23;211
G1;36380010401;Conhecimento;202501;15;4;1;16;184;25;20;208
G1;36380010401;Conhecimento;202502;9;6;2;13;187;29;22;200
G1;36380010401;Conhecimento;202503;19;4;0;18;192;32;21;192
G1;36380010401;Conhecimento;202504;8;1;1;12;169;30;20;172
G1;36380010401;Conhecimento;202505;15;0;4;13;163;28;23;176
G1;36380010401;Conhecimento;202506;10;4;1;18;159;32;22;186
G1;36380010401;Conhecimento;202507;8;2;4;13;147;32;21;179
G1;36380010401;Execução Judicial;202508;0;0;2;2;0;0;2;2
G1;36380010401;Conhecimento;202508;16;1;1;22;156;31;19;187
G1;36380010401;Conhecimento;202509;10;3;2;8;153;32;20;180
G1;36380010401;Conhecimento;202510;16;7;4;15;150;35;24;180
G1;36380010401;Conhecimento;202511;17;4;2;27;154;37;24;188
G1;36380010401;Conhecimento;202512;20;2;0;15;163;38;22;190
G1;36380010401;Conhecimento;202601;16;5;1;18;164;39;22;192
G1;36380010401;Conhecimento;202602;7;4;1;13;162;37;21;192
G1;36380010401;Conhecimento;202603;20;3;1;23;163;36;22;197
G1;36380010401;Conhecimento;202604;14;1;1;18;169;36;22;203
G1;36380010401;Conhecimento;202605;20;15;9;8;174;51;27;198
G1;36380010401;Conhecimento;202606;10;0;18;11;174;47;44;191
G1;36390700003;Conhecimento;202301;0;0;2;0;0;0;2;0
G1;36390700003;Conhecimento;202306;1;1;1;0;1;1;3;0
G1;36390700003;Execução Judicial;202307;0;1;1;1;0;1;1;1
G1;36390700003;Conhecimento;202308;0;0;1;1;1;1;4;1
G1;36390700003;Conhecimento;202401;0;1;0;0;1;2;2;1
G1;36390700003;Conhecimento;202402;0;0;1;0;1;2;3;1
G1;36390700003;Conhecimento;202404;0;0;1;1;1;2;4;2
G1;36390700003;Conhecimento;202406;0;1;2;1;0;2;5;3
G1;36390700003;Conhecimento;202407;0;0;1;1;0;2;6;4
G1;36390700003;Conhecimento;202408;0;1;1;0;0;3;6;3
G1;36390700003;Conhecimento;202501;0;1;1;0;0;3;7;3
G1;36390700003;Conhecimento;202504;0;3;2;0;0;6;7;2
G1;36390700003;Conhecimento;202505;0;1;2;1;0;7;9;3
G1;36390700003;Conhecimento;202508;0;1;1;1;0;6;6;2
G1;36390700003;Conhecimento;202511;0;0;1;1;0;6;7;3
G1;36390700003;Execução de Título Extrajudicial;202512;0;1;0;0;0;1;0;0
G1;36390700003;Conhecimento;202512;0;0;1;1;0;6;8;4
G1;36390700003;Execução de Título Extrajudicial;202601;0;0;1;0;0;1;1;0
G1;36390700003;Conhecimento;202601;0;0;1;1;0;5;8;5
G1;36390700003;Execução Judicial;202601;0;0;1;1;0;0;1;1
G1;36390700003;Conhecimento;202602;0;1;0;0;0;6;8;5
G1;36390700003;Execução Judicial;202604;0;0;1;1;0;0;2;2
G1;36390700003;Conhecimento;202604;0;0;1;0;0;3;7;5
G1;36390700003;Conhecimento;202605;0;0;1;1;0;2;6;5
G1;36390700003;Execução Judicial;202606;0;1;1;0;0;1;3;2
G1;36410700004;Conhecimento;202305;1;1;0;1;1;1;0;1
G1;36410700004;Conhecimento;202307;1;1;0;1;2;2;0;2
G1;36410700004;Conhecimento;202309;1;2;1;0;3;4;1;2
G1;36410700004;Conhecimento;202310;0;0;1;0;3;4;2;2
G1;36410700004;Conhecimento;202311;0;0;0;1;3;4;2;3
G1;36410700004;Conhecimento;202401;0;0;1;1;3;4;3;4
G1;36410700004;Conhecimento;202402;0;1;0;0;3;5;3;4
G1;36410700004;Conhecimento;202403;1;1;0;1;4;6;3;5
G1;36410700004;Conhecimento;202404;0;2;2;0;4;8;5;5
G1;36410700004;Conhecimento;202405;1;4;4;1;4;11;9;5
G1;36410700004;Conhecimento;202406;1;0;0;1;5;11;9;6
G1;36410700004;Conhecimento;202407;0;1;3;2;4;11;12;7
G1;36410700004;Execução de Título Extrajudicial;202407;0;0;0;1;0;0;0;1
G1;36410700004;Conhecimento;202408;1;1;1;2;5;12;13;9
G1;36410700004;Conhecimento;202409;0;1;1;0;4;11;13;9
G1;36410700004;Execução de Título Extrajudicial;202409;0;1;1;0;0;1;1;1
G1;36410700004;Execução de Título Extrajudicial;202411;0;0;0;1;0;1;1;2
G1;36410700004;Conhecimento;202412;1;2;1;1;5;13;13;9
G1;36410700004;Conhecimento;202501;0;1;1;0;5;14;13;8
G1;36410700004;Conhecimento;202504;0;1;1;0;4;11;12;7
G1;36410700004;Execução de Título Extrajudicial;202504;0;1;1;0;0;2;2;2
G1;36410700004;Conhecimento;202507;0;1;1;0;2;7;6;3
G1;36410700004;Conhecimento;202508;0;1;1;1;1;7;6;2
G1;36410700004;Conhecimento;202511;0;0;0;1;1;6;5;3
G1;36410700004;Execução Judicial;202512;0;0;1;1;0;0;1;1
G1;36410700004;Conhecimento;202512;0;0;1;0;0;4;5;2
G1;36410700004;Execução Judicial;202601;0;1;0;0;0;1;1;1
G1;36410700004;Execução de Título Extrajudicial;202602;0;0;0;1;0;1;1;1
G1;36410700004;Execução Judicial;202602;0;0;2;1;0;1;3;2
G1;36410700004;Execução de Título Extrajudicial;202603;0;0;1;0;0;1;2;1
G1;36410700004;Conhecimento;202603;0;0;2;2;0;3;6;4
G1;36410700004;Execução Judicial;202603;0;0;1;1;0;1;4;3
G1;36410700004;Execução Judicial;202606;0;0;1;1;0;1;5;4
G1;36420700001;Conhecimento;202301;0;0;1;0;0;0;1;0
G1;36420700001;Conhecimento;202304;1;0;0;0;1;0;1;0
G1;36420700001;Conhecimento;202306;1;1;1;0;2;1;2;0
G1;36420700001;Conhecimento;202308;0;0;1;1;2;1;3;1
G1;36420700001;Conhecimento;202309;1;1;0;1;3;2;3;2
G1;36420700001;Conhecimento;202310;0;1;3;2;3;3;6;4
G1;36420700001;Conhecimento;202311;0;0;0;1;3;3;6;5
G1;36420700001;Conhecimento;202401;0;0;1;1;3;3;6;6
G1;36420700001;Conhecimento;202402;0;0;1;0;3;3;7;6
G1;36420700001;Conhecimento;202405;0;1;1;1;2;4;8;7
G1;36420700001;Conhecimento;202406;0;0;1;1;1;3;8;8
G1;36420700001;Execução Judicial;202406;0;0;0;1;0;0;0;1
G1;36420700001;Conhecimento;202407;0;1;2;2;1;4;10;10
G1;36420700001;Execução Judicial;202408;0;1;1;0;0;1;1;1
G1;36420700001;Conhecimento;202408;0;0;1;0;1;4;10;9
G1;36420700001;Conhecimento;202409;0;0;1;1;0;3;11;9
G1;36420700001;Conhecimento;202410;0;1;2;1;0;3;10;8
G1;36420700001;Conhecimento;202501;2;4;2;2;2;7;11;8
G1;36420700001;Conhecimento;202502;0;0;1;1;2;7;11;9
G1;36420700001;Conhecimento;202503;0;0;0;1;2;7;11;10
G1;36420700001;Conhecimento;202504;0;4;4;0;2;11;15;10
G1;36420700001;Conhecimento;202506;0;1;0;0;2;11;13;8
G1;36420700001;Conhecimento;202507;0;0;2;1;2;10;13;7
G1;36420700001;Execução Judicial;202601;0;0;1;1;0;0;1;1
G1;36420700001;Conhecimento;202602;0;1;1;0;0;6;7;2
G1;36420700001;Conhecimento;202603;0;0;1;1;0;6;8;2
G1;36420700001;Execução Judicial;202603;0;0;2;2;0;0;3;3
G1;36420700001;Execução Judicial;202605;0;0;0;2;0;0;3;5
G1;36420700001;Execução Judicial;202606;0;0;2;0;0;0;5;5
G1;36450700007;Conhecimento;202301;5;9;9;14;5;9;9;14
G1;36450700007;Execução Judicial;202302;0;1;1;2;0;1;1;2
G1;36450700007;Conhecimento;202302;0;103;1;23;5;112;10;37
G1;36450700007;Execução Judicial;202303;0;0;0;1;0;1;1;3
G1;36450700007;Conhecimento;202303;3;9;10;15;8;121;20;52
G1;36450700007;Conhecimento;202304;2;8;8;10;10;129;28;62
G1;36450700007;Conhecimento;202305;2;20;25;29;12;149;53;91
G1;36450700007;Conhecimento;202306;1;32;47;19;13;181;100;110
G1;36450700007;Execução Judicial;202306;0;2;2;0;0;3;3;3
G1;36450700007;Conhecimento;202307;0;23;28;22;13;204;128;132
G1;36450700007;Conhecimento;202308;1;24;35;18;14;228;163;150
G1;36450700007;Conhecimento;202309;0;9;9;15;14;237;172;165
G1;36450700007;Conhecimento;202310;1;15;21;17;15;252;193;182
G1;36450700007;Conhecimento;202311;0;16;23;17;15;268;216;199
G1;36450700007;Conhecimento;202312;3;16;15;14;18;284;231;213
G1;36450700007;Conhecimento;202401;0;16;20;9;13;291;242;208
G1;36450700007;Conhecimento;202402;0;28;38;9;13;216;279;194
G1;36450700007;Conhecimento;202403;0;14;20;10;10;221;289;189
G1;36450700007;Conhecimento;202404;1;21;28;14;9;234;309;193
G1;36450700007;Conhecimento;202405;0;11;15;18;7;225;299;182
G1;36450700007;Conhecimento;202406;0;22;28;12;6;215;280;175
G1;36450700007;Conhecimento;202407;0;33;35;7;6;225;287;160
G1;36450700007;Conhecimento;202408;0;18;18;6;5;219;270;148
G1;36450700007;Conhecimento;202409;0;21;22;8;5;231;283;141
G1;36450700007;Conhecimento;202410;0;20;7;10;4;236;269;134
G1;36450700007;Conhecimento;202411;1;15;21;9;5;235;267;126
G1;36450700007;Conhecimento;202412;0;13;18;6;2;232;270;118
G1;36450700007;Conhecimento;202501;0;17;18;12;2;233;268;121
G1;36450700007;Conhecimento;202502;0;14;15;15;2;219;245;127
G1;36450700007;Conhecimento;202503;0;7;11;15;2;212;236;132
G1;36450700007;Conhecimento;202504;0;17;15;18;1;208;223;136
G1;36450700007;Conhecimento;202505;0;18;23;11;1;215;231;129
G1;36450700007;Conhecimento;202506;0;12;12;15;1;205;215;132
G1;36450700007;Conhecimento;202507;1;15;15;9;2;187;195;134
G1;36450700007;Conhecimento;202508;0;26;29;9;2;195;206;137
G1;36450700007;Conhecimento;202509;1;15;17;9;3;189;201;138
G1;36450700007;Conhecimento;202510;2;11;11;5;5;180;205;133
G1;36450700007;Conhecimento;202511;1;10;11;6;5;175;195;130
G1;36450700007;Conhecimento;202512;0;9;8;2;5;171;185;126
G1;36450700007;Conhecimento;202601;0;5;7;5;5;159;174;119
G1;36450700007;Conhecimento;202602;2;16;16;5;7;161;175;109
G1;36450700007;Conhecimento;202603;1;12;15;1;8;166;179;95
G1;36450700007;Conhecimento;202604;3;10;8;4;11;159;172;81
G1;36450700007;Conhecimento;202605;3;15;20;2;14;156;169;72
G1;36450700007;Conhecimento;202606;0;1;4;0;14;145;161;57
G1;63790010904;Execução Judicial;202301;0;2;2;0;0;2;2;0
G1;63790010904;Conhecimento;202301;277;136;132;256;277;136;132;256
G1;63790010904;Conhecimento;202302;308;50;50;338;585;186;182;594
G1;63790010904;Conhecimento;202303;248;16;17;362;833;202;199;956
G1;63790010904;Conhecimento;202304;419;48;29;128;1252;250;228;1084
G1;63790010904;Conhecimento;202305;586;37;38;253;1838;287;266;1337
G1;63790010904;Execução Judicial;202306;0;0;0;0;0;2;2;0
G1;63790010904;Conhecimento;202306;233;45;44;220;2071;332;310;1557
G1;63790010904;Conhecimento;202307;192;46;41;211;2263;378;351;1768
G1;63790010904;Execução Judicial;202307;0;4;0;0;0;6;2;0
G1;63790010904;Execução Judicial;202308;0;0;0;0;0;6;2;0
G1;63790010904;Conhecimento;202308;153;38;30;239;2416;416;381;2007
G1;63790010904;Execução Judicial;202309;0;0;0;0;0;6;2;0
G1;63790010904;Conhecimento;202309;191;42;34;251;2607;458;415;2258
G1;63790010904;Execução Judicial;202310;0;1;0;0;0;7;2;0
G1;63790010904;Conhecimento;202310;162;60;53;165;2769;518;468;2423
G1;63790010904;Conhecimento;202311;212;39;38;234;2981;557;506;2657
G1;63790010904;Execução Judicial;202311;0;1;0;0;0;8;2;0
G1;63790010904;Conhecimento;202312;2107;29;27;177;5088;586;533;2834
G1;63790010904;Execução Judicial;202312;0;1;0;0;0;9;2;0
G1;63790010904;Conhecimento;202401;115;73;73;155;4926;523;474;2733
G1;63790010904;Conhecimento;202402;96;48;48;242;4714;521;472;2637
G1;63790010904;Conhecimento;202403;73;38;42;234;4539;543;497;2509
G1;63790010904;Conhecimento;202404;158;54;56;274;4278;549;524;2655
G1;63790010904;Conhecimento;202405;276;71;69;190;3968;583;555;2592
G1;63790010904;Execução Judicial;202406;0;0;0;0;0;7;0;0
G1;63790010904;Conhecimento;202406;215;51;50;181;3950;589;561;2553
G1;63790010904;Execução Judicial;202407;0;0;0;0;0;3;0;0
G1;63790010904;Conhecimento;202407;561;32;32;186;4319;575;552;2528
G1;63790010904;Conhecimento;202408;116;36;37;218;4282;573;559;2507
G1;63790010904;Execução Judicial;202408;0;0;0;0;0;3;0;0
G1;63790010904;Conhecimento;202409;88;44;46;173;4179;575;571;2429
G1;63790010904;Execução Judicial;202409;0;0;0;0;0;3;0;0
G1;63790010904;Execução Judicial;202410;0;2;0;2;0;4;0;2
G1;63790010904;Conhecimento;202410;420;43;47;208;4437;558;565;2472
G1;63790010904;Conhecimento;202411;508;45;11;146;4733;564;538;2384
G1;63790010904;Execução Judicial;202411;0;4;0;5;0;7;0;7
G1;63790010904;Conhecimento;202412;625;32;17;140;3251;567;528;2347
G1;63790010904;Execução Judicial;202412;0;1;0;6;0;7;0;13
G1;63790010904;Conhecimento;202501;401;84;18;123;3537;578;473;2315
G1;63790010904;Execução Judicial;202501;0;1;0;0;0;8;0;13
G1;63790010904;Conhecimento;202502;215;65;26;152;3656;595;451;2225
G1;63790010904;Execução Judicial;202502;0;2;0;9;0;10;0;22
G1;63790010904;Execução Judicial;202503;2;1;0;3;2;11;0;25
G1;63790010904;Conhecimento;202503;223;55;13;155;3806;612;422;2146
G1;63790010904;Execução Judicial;202504;0;10;0;0;2;21;0;25
G1;63790010904;Conhecimento;202504;279;72;49;159;3927;630;415;2031
G1;63790010904;Execução Judicial;202505;7;3;0;6;9;24;0;31
G1;63790010904;Conhecimento;202505;269;125;64;147;3920;684;410;1988
G1;63790010904;Conhecimento;202506;175;121;48;134;3880;754;408;1941
G1;63790010904;Execução Judicial;202506;4;2;0;4;13;26;0;35
G1;63790010904;Conhecimento;202507;300;107;41;160;3619;829;417;1915
G1;63790010904;Execução Judicial;202507;10;1;1;7;23;27;1;42
G1;63790010904;Execução Judicial;202508;1;5;0;0;24;32;1;42
G1;63790010904;Conhecimento;202508;131;124;38;173;3634;917;418;1870
G1;63790010904;Conhecimento;202509;202;94;45;113;3748;967;417;1810
G1;63790010904;Execução Judicial;202509;9;5;1;6;33;37;2;48
G1;63790010904;Conhecimento;202510;127;102;19;88;3455;1026;389;1690
G1;63790010904;Execução Judicial;202510;10;1;1;4;43;36;3;50
G1;63790010904;Execução Judicial;202511;5;1;0;1;48;33;3;46
G1;63790010904;Conhecimento;202511;118;69;25;63;3065;1050;403;1607
G1;63790010904;Conhecimento;202512;140;82;27;63;2580;1100;413;1530
G1;63790010904;Execução Judicial;202512;6;1;0;2;54;33;3;42
G1;63790010904;Conhecimento;202601;66;112;31;41;2245;1128;426;1448
G1;63790010904;Execução Judicial;202601;1;1;0;2;55;33;3;44
G1;63790010904;Execução Judicial;202602;0;3;0;0;55;34;3;35
G1;63790010904;Conhecimento;202602;122;84;22;107;2152;1147;422;1403
G1;63790010904;Conhecimento;202603;153;93;31;115;2082;1185;440;1363
G1;63790010904;Execução Judicial;202603;4;3;0;2;57;36;3;34
G1;63790010904;Conhecimento;202604;104;35;16;86;1907;1148;407;1290
G1;63790010904;Execução Judicial;202604;10;1;1;1;67;27;4;35
G1;63790010904;Conhecimento;202605;155;18;29;130;1793;1041;372;1273
G1;63790010904;Execução Judicial;202605;1;1;2;4;61;25;6;33
G1;63790010904;Execução Judicial;202606;3;3;1;4;60;26;7;33
G1;63790010904;Conhecimento;202606;60;12;13;80;1678;932;337;1219
G1;743000020015;Conhecimento;202301;27;39;42;58;27;39;42;58
G1;743000020015;Execução Judicial;202301;2;0;0;0;2;0;0;0
G1;743000020015;Conhecimento;202302;80;24;25;68;107;63;67;126
G1;743000020015;Execução Judicial;202302;5;0;0;0;7;0;0;0
G1;743000020015;Conhecimento;202303;3;26;29;64;110;89;96;190
G1;743000020015;Execução Judicial;202303;5;0;0;0;12;0;0;0
G1;743000020015;Conhecimento;202304;21;15;15;47;131;104;111;237
G1;743000020015;Execução Judicial;202304;2;0;0;0;14;0;0;0
G1;743000020015;Conhecimento;202305;159;20;18;63;290;124;129;300
G1;743000020015;Execução Judicial;202305;55;1;1;0;69;1;1;0
G1;743000020015;Conhecimento;202306;223;16;15;70;513;140;144;370
G1;743000020015;Execução Judicial;202306;33;0;0;0;102;1;1;0
G1;743000020015;Conhecimento;202307;59;22;19;55;572;162;163;425
G1;743000020015;Execução Judicial;202307;4;0;1;0;106;1;2;0
G1;743000020015;Execução Judicial;202308;4;0;0;0;110;1;2;0
G1;743000020015;Conhecimento;202308;149;18;17;67;721;180;180;492
G1;743000020015;Execução Judicial;202309;4;0;0;0;114;1;2;0
G1;743000020015;Conhecimento;202309;26;20;21;57;747;200;201;549
G1;743000020015;Conhecimento;202310;33;20;18;56;780;220;219;605
G1;743000020015;Execução Judicial;202310;4;0;0;0;118;1;2;0
G1;743000020015;Conhecimento;202311;42;18;18;58;822;238;237;663
G1;743000020015;Execução Judicial;202311;10;0;0;0;128;1;2;0
G1;743000020015;Execução Judicial;202312;1;0;0;0;129;1;2;0
G1;743000020015;Conhecimento;202312;360;16;15;60;1182;254;252;723
G1;743000020015;Conhecimento;202401;61;46;44;69;1216;261;254;734
G1;743000020015;Execução Judicial;202401;17;0;0;0;144;1;2;0
G1;743000020015;Execução Judicial;202402;6;0;0;0;145;1;2;0
G1;743000020015;Conhecimento;202402;15;19;22;62;1151;256;251;728
G1;743000020015;Execução Judicial;202403;0;0;0;0;140;1;2;0
G1;743000020015;Conhecimento;202403;42;14;11;37;1190;244;233;701
G1;743000020015;Execução Judicial;202404;5;0;0;0;143;1;2;0
G1;743000020015;Conhecimento;202404;43;16;18;53;1212;245;236;707
G1;743000020015;Execução Judicial;202405;1;0;0;0;89;0;1;0
G1;743000020015;Conhecimento;202405;39;9;11;44;1092;234;229;688
G1;743000020015;Execução Judicial;202406;44;0;0;0;100;0;1;0
G1;743000020015;Conhecimento;202406;130;11;16;49;999;229;230;667
G1;743000020015;Execução Judicial;202407;1;0;0;0;97;0;0;0
G1;743000020015;Conhecimento;202407;219;15;21;72;1159;222;232;684
G1;743000020015;Conhecimento;202408;38;22;21;63;1048;226;236;680
G1;743000020015;Conhecimento;202409;84;18;19;63;1106;224;234;686
G1;743000020015;Conhecimento;202410;107;14;16;89;1180;218;232;719
G1;743000020015;Conhecimento;202411;54;13;6;31;1192;213;220;692
G1;743000020015;Conhecimento;202412;101;9;2;24;933;206;207;656
G1;743000020015;Conhecimento;202501;37;18;1;37;909;178;164;624
G1;743000020015;Conhecimento;202502;68;6;9;61;962;165;151;623
G1;743000020015;Conhecimento;202503;48;10;3;26;968;161;143;612
G1;743000020015;Conhecimento;202504;26;22;3;36;951;167;128;595
G1;743000020015;Conhecimento;202505;26;14;2;73;938;172;119;624
G1;743000020015;Execução Judicial;202506;0;0;0;0;1;0;0;0
G1;743000020015;Conhecimento;202506;46;9;2;43;854;170;105;618
G1;743000020015;Conhecimento;202507;60;11;1;40;695;166;85;586
G1;743000020015;Conhecimento;202508;24;18;5;72;681;162;69;595
G1;743000020015;Conhecimento;202509;29;13;2;57;626;157;52;589
G1;743000020015;Conhecimento;202510;125;11;2;48;644;154;38;548
G1;743000020015;Conhecimento;202511;88;27;1;68;678;168;33;585
G1;743000020015;Conhecimento;202512;21;18;3;72;598;177;34;633
G1;743000020015;Conhecimento;202601;35;30;3;70;596;189;36;666
G1;743000020015;Conhecimento;202602;36;19;0;62;564;202;27;667
G1;743000020015;Conhecimento;202603;52;13;5;91;568;205;29;732
G1;743000020015;Conhecimento;202604;33;6;2;34;575;189;28;730
G1;743000020015;Execução de Título Extrajudicial;202604;0;1;1;0;0;1;1;0
G1;743000020015;Conhecimento;202605;25;2;3;49;574;177;29;706
G1;743000020015;Execução Judicial;202606;0;0;0;0;0;0;0;0
G1;743000020015;Conhecimento;202606;31;1;2;41;559;169;29;704
G1;743020220001;Conhecimento;202301;1;2;0;18;1;2;0;18
G1;743020220001;Execução Judicial;202301;0;0;0;2;0;0;0;2
G1;743020220001;Execução de Título Extrajudicial;202301;0;0;0;7;0;0;0;7
G1;743020220001;Execução Judicial;202302;0;0;0;0;0;0;0;2
G1;743020220001;Conhecimento;202302;12;2;0;19;13;4;0;37
G1;743020220001;Execução de Título Extrajudicial;202302;0;0;0;1;0;0;0;8
G1;743020220001;Execução Judicial;202303;3;1;0;6;3;1;0;8
G1;743020220001;Execução de Título Extrajudicial;202303;1;0;0;1;1;0;0;9
G1;743020220001;Conhecimento;202303;25;1;2;13;38;5;2;50
G1;743020220001;Execução de Título Extrajudicial;202304;1;0;0;2;2;0;0;11
G1;743020220001;Execução Judicial;202304;1;0;0;4;4;1;0;12
G1;743020220001;Conhecimento;202304;8;2;1;17;46;7;3;67
G1;743020220001;Conhecimento;202305;24;3;2;21;70;10;5;88
G1;743020220001;Execução de Título Extrajudicial;202305;0;0;0;3;2;0;0;14
G1;743020220001;Execução Judicial;202305;3;0;0;0;7;1;0;12
G1;743020220001;Conhecimento;202306;19;1;2;6;89;11;7;94
G1;743020220001;Execução Judicial;202306;1;0;0;2;8;1;0;14
G1;743020220001;Execução de Título Extrajudicial;202306;1;0;0;5;3;0;0;19
G1;743020220001;Conhecimento;202307;19;2;0;16;108;13;7;110
G1;743020220001;Execução Judicial;202307;5;2;0;4;13;3;0;18
G1;743020220001;Execução de Título Extrajudicial;202307;0;1;0;2;3;1;0;21
G1;743020220001;Execução de Título Extrajudicial;202308;0;0;0;3;3;1;0;24
G1;743020220001;Execução Judicial;202308;3;0;0;2;16;3;0;20
G1;743020220001;Conhecimento;202308;27;1;1;20;135;14;8;130
G1;743020220001;Execução de Título Extrajudicial;202309;3;0;0;4;6;1;0;28
G1;743020220001;Conhecimento;202309;19;2;0;17;154;16;8;147
G1;743020220001;Execução Judicial;202309;3;1;0;1;19;4;0;21
G1;743020220001;Conhecimento;202310;21;1;0;25;175;17;8;172
G1;743020220001;Execução de Título Extrajudicial;202310;3;0;0;2;9;1;0;30
G1;743020220001;Execução Judicial;202310;4;1;1;6;23;5;1;27
G1;743020220001;Execução de Título Extrajudicial;202311;0;0;0;2;9;1;0;32
G1;743020220001;Execução Judicial;202311;4;2;0;3;27;7;1;30
G1;743020220001;Conhecimento;202311;18;3;1;13;193;20;9;185
G1;743020220001;Execução Judicial;202312;2;0;0;1;29;7;1;31
G1;743020220001;Execução de Título Extrajudicial;202312;1;0;0;1;10;1;0;33
G1;743020220001;Conhecimento;202312;12;2;0;10;205;22;9;195
G1;743020220001;Execução de Título Extrajudicial;202401;0;0;0;1;10;1;0;27
G1;743020220001;Execução Judicial;202401;3;0;0;2;32;7;1;31
G1;743020220001;Conhecimento;202401;5;2;0;12;209;22;9;189
G1;743020220001;Execução Judicial;202402;1;2;0;2;33;9;1;33
G1;743020220001;Conhecimento;202402;18;1;0;34;215;21;9;204
G1;743020220001;Execução de Título Extrajudicial;202402;1;0;0;2;11;1;0;28
G1;743020220001;Conhecimento;202403;16;4;1;20;206;24;8;211
G1;743020220001;Execução Judicial;202403;3;0;2;6;33;8;3;33
G1;743020220001;Execução de Título Extrajudicial;202403;0;0;0;2;10;1;0;29
G1;743020220001;Execução Judicial;202404;0;1;1;7;32;9;4;36
G1;743020220001;Execução de Título Extrajudicial;202404;1;0;0;2;10;1;0;29
G1;743020220001;Conhecimento;202404;24;4;3;18;222;26;10;212
G1;743020220001;Execução de Título Extrajudicial;202405;0;0;0;3;10;1;0;29
G1;743020220001;Execução Judicial;202405;3;0;0;6;32;9;4;42
G1;743020220001;Conhecimento;202405;12;3;0;17;210;26;8;208
G1;743020220001;Execução de Título Extrajudicial;202406;1;0;0;0;10;1;0;24
G1;743020220001;Execução Judicial;202406;2;0;0;3;33;9;4;43
G1;743020220001;Conhecimento;202406;11;2;0;15;202;27;6;217
G1;743020220001;Execução de Título Extrajudicial;202407;4;0;0;1;14;0;0;23
G1;743020220001;Conhecimento;202407;33;4;2;13;216;29;8;214
G1;743020220001;Execução Judicial;202407;8;0;0;6;36;7;4;45
G1;743020220001;Execução Judicial;202408;2;0;0;5;35;7;4;48
G1;743020220001;Conhecimento;202408;16;4;2;17;205;32;9;211
G1;743020220001;Execução de Título Extrajudicial;202408;1;0;0;0;15;0;0;20
G1;743020220001;Execução Judicial;202409;0;0;0;4;32;6;4;51
G1;743020220001;Conhecimento;202409;7;4;0;19;193;34;9;213
G1;743020220001;Execução de Título Extrajudicial;202409;0;0;0;0;12;0;0;16
G1;743020220001;Conhecimento;202410;10;4;2;36;182;37;11;224
G1;743020220001;Execução de Título Extrajudicial;202410;0;0;0;0;9;0;0;14
G1;743020220001;Execução Judicial;202410;1;0;0;8;29;5;3;53
G1;743020220001;Execução Judicial;202411;4;0;0;2;29;3;3;52
G1;743020220001;Conhecimento;202411;6;2;0;29;170;36;10;240
G1;743020220001;Execução de Título Extrajudicial;202411;1;0;0;3;10;0;0;15
G1;743020220001;Execução Judicial;202412;17;0;0;8;44;3;3;59
G1;743020220001;Conhecimento;202412;50;0;1;17;208;34;11;247
G1;743020220001;Execução de Título Extrajudicial;202412;1;0;0;2;10;0;0;16
G1;743020220001;Conhecimento;202501;1;4;1;22;204;36;12;257
G1;743020220001;Execução de Título Extrajudicial;202501;0;0;0;1;10;0;0;16
G1;743020220001;Execução Judicial;202501;0;0;0;6;41;3;3;63
G1;743020220001;Execução Judicial;202502;5;0;0;4;45;1;3;65
G1;743020220001;Execução de Título Extrajudicial;202502;0;0;0;2;9;0;0;16
G1;743020220001;Conhecimento;202502;10;4;4;19;196;39;16;242
G1;743020220001;Conhecimento;202503;27;2;0;21;207;37;15;243
G1;743020220001;Execução de Título Extrajudicial;202503;1;1;0;1;10;1;0;15
G1;743020220001;Execução Judicial;202503;7;0;0;4;49;1;1;63
G1;743020220001;Execução Judicial;202504;7;0;0;6;56;0;0;62
G1;743020220001;Conhecimento;202504;25;4;1;28;208;37;13;253
G1;743020220001;Execução de Título Extrajudicial;202504;1;0;1;2;10;1;1;15
G1;743020220001;Execução de Título Extrajudicial;202505;1;0;0;0;11;1;1;12
G1;743020220001;Conhecimento;202505;39;4;2;39;235;38;15;275
G1;743020220001;Execução Judicial;202505;4;1;0;4;57;1;0;60
G1;743020220001;Execução de Título Extrajudicial;202506;0;0;0;8;10;1;1;20
G1;743020220001;Conhecimento;202506;10;3;1;28;234;39;16;288
G1;743020220001;Execução Judicial;202506;2;0;1;3;57;1;1;60
G1;743020220001;Execução Judicial;202507;11;2;0;3;60;3;1;57
G1;743020220001;Conhecimento;202507;42;1;0;44;243;36;14;319
G1;743020220001;Execução de Título Extrajudicial;202507;2;0;0;0;8;1;1;19
G1;743020220001;Conhecimento;202508;15;4;3;19;242;36;15;321
G1;743020220001;Execução de Título Extrajudicial;202508;0;2;2;0;7;3;3;19
G1;743020220001;Execução Judicial;202508;6;1;1;4;64;4;2;56
G1;743020220001;Execução Judicial;202509;3;3;0;6;67;7;2;58
G1;743020220001;Conhecimento;202509;14;0;0;36;249;32;15;338
G1;743020220001;Execução de Título Extrajudicial;202509;1;0;0;2;8;3;3;21
G1;743020220001;Conhecimento;202510;35;3;1;42;274;31;14;344
G1;743020220001;Execução Judicial;202510;9;0;0;3;75;7;2;53
G1;743020220001;Execução de Título Extrajudicial;202510;5;1;1;0;13;4;4;21
G1;743020220001;Execução de Título Extrajudicial;202511;1;0;0;1;13;4;4;19
G1;743020220001;Execução Judicial;202511;6;2;0;5;77;9;2;56
G1;743020220001;Conhecimento;202511;38;6;0;42;306;35;14;357
G1;743020220001;Execução de Título Extrajudicial;202512;0;0;0;7;12;4;4;24
G1;743020220001;Execução Judicial;202512;1;0;0;4;61;9;2;52
G1;743020220001;Conhecimento;202512;27;5;1;17;283;40;14;357
G1;743020220001;Execução Judicial;202601;1;2;1;3;62;11;3;49
G1;743020220001;Execução de Título Extrajudicial;202601;1;0;0;3;13;4;4;26
G1;743020220001;Conhecimento;202601;10;3;6;20;292;39;19;355
G1;743020220001;Conhecimento;202602;41;5;0;28;323;40;15;364
G1;743020220001;Execução de Título Extrajudicial;202602;1;0;0;2;14;4;4;26
G1;743020220001;Execução Judicial;202602;8;2;0;13;65;13;3;58
G1;743020220001;Execução Judicial;202603;10;0;1;10;68;13;4;64
G1;743020220001;Execução de Título Extrajudicial;202603;0;0;0;0;13;3;4;25
G1;743020220001;Conhecimento;202603;28;2;7;26;324;40;22;369
G1;743020220001;Execução de Título Extrajudicial;202604;0;1;0;0;12;4;3;23
G1;743020220001;Execução Judicial;202604;9;0;0;9;70;13;4;67
G1;743020220001;Conhecimento;202604;29;2;1;45;328;38;22;386
G1;743020220001;Execução de Título Extrajudicial;202605;2;0;0;5;13;4;3;28
G1;743020220001;Conhecimento;202605;55;7;2;69;344;41;22;416
G1;743020220001;Execução Judicial;202605;5;1;1;8;71;13;5;71
G1;743020220001;Execução de Título Extrajudicial;202606;0;0;0;1;13;4;3;21
G1;743020220001;Execução Judicial;202606;4;1;0;2;73;14;4;70
G1;743020220001;Conhecimento;202606;24;2;1;24;358;40;22;412
G1;743020220002;Conhecimento;202301;4;1;2;8;4;1;2;8
G1;743020220002;Conhecimento;202302;1;2;1;7;5;3;3;15
G1;743020220002;Conhecimento;202303;13;3;3;18;18;6;6;33
G1;743020220002;Conhecimento;202304;7;0;1;10;25;6;7;43
G1;743020220002;Conhecimento;202305;14;3;1;32;39;9;8;75
G1;743020220002;Conhecimento;202306;3;2;0;24;42;11;8;99
G1;743020220002;Conhecimento;202307;15;7;1;32;57;18;9;131
G1;743020220002;Conhecimento;202308;11;6;3;14;68;24;12;145
G1;743020220002;Conhecimento;202309;14;2;3;32;82;26;15;177
G1;743020220002;Execução Judicial;202310;1;0;0;0;1;0;0;0
G1;743020220002;Conhecimento;202310;17;3;6;24;99;29;21;201
G1;743020220002;Conhecimento;202311;5;4;3;27;104;33;24;228
G1;743020220002;Conhecimento;202312;39;3;1;24;143;36;25;252
G1;743020220002;Conhecimento;202401;12;5;2;9;151;40;25;253
G1;743020220002;Conhecimento;202402;5;8;1;12;155;46;25;258
G1;743020220002;Conhecimento;202403;19;3;3;24;161;46;25;264
G1;743020220002;Conhecimento;202404;6;4;3;17;160;50;27;271
G1;743020220002;Conhecimento;202405;7;8;5;13;153;55;31;252
G1;743020220002;Conhecimento;202406;15;2;2;19;165;55;33;247
G1;743020220002;Conhecimento;202407;38;3;1;16;188;51;33;231
G1;743020220002;Conhecimento;202408;5;2;1;21;182;47;31;238
G1;743020220002;Conhecimento;202409;3;8;4;16;171;53;32;222
G1;743020220002;Conhecimento;202410;10;3;3;15;164;53;29;213
G1;743020220002;Conhecimento;202411;19;6;0;11;178;55;26;197
G1;743020220002;Conhecimento;202412;22;4;2;8;161;56;27;181
G1;743020220002;Conhecimento;202501;6;5;0;5;155;56;25;177
G1;743020220002;Conhecimento;202502;12;6;1;24;162;54;25;189
G1;743020220002;Conhecimento;202503;11;3;0;13;154;54;22;178
G1;743020220002;Conhecimento;202504;9;0;0;5;157;50;19;166
G1;743020220002;Execução Judicial;202504;1;0;0;0;1;0;0;0
G1;743020220002;Conhecimento;202505;9;3;0;5;159;45;14;158
G1;743020220002;Conhecimento;202506;16;4;0;3;160;47;12;142
G1;743020220002;Conhecimento;202507;35;2;0;4;157;46;11;130
G1;743020220002;Conhecimento;202508;9;5;1;1;161;49;11;110
G1;743020220002;Execução Judicial;202508;1;0;0;0;2;0;0;0
G1;743020220002;Conhecimento;202509;13;2;0;5;171;43;7;99
G1;743020220002;Conhecimento;202510;25;4;0;5;186;44;4;89
G1;743020220002;Conhecimento;202511;14;2;0;2;181;40;4;80
G1;743020220002;Conhecimento;202512;26;5;0;5;185;41;2;77
G1;743020220002;Conhecimento;202601;11;4;0;2;190;40;2;74
G1;743020220002;Conhecimento;202602;7;3;0;13;185;37;1;63
G1;743020220002;Conhecimento;202603;17;2;0;12;191;36;1;62
G1;743020220002;Conhecimento;202604;18;0;1;3;200;36;2;60
G1;743020220002;Conhecimento;202605;15;3;8;11;206;36;10;66
G1;743020220002;Conhecimento;202606;6;2;0;0;196;34;10;63
G1;743020220002;Execução Judicial;202606;0;1;0;0;1;1;0;0
G1;743020220003;Conhecimento;202305;0;1;0;0;0;1;0;0
G1;743020220003;Conhecimento;202307;0;0;1;0;0;1;1;0
G1;743020220003;Conhecimento;202407;0;0;0;1;0;0;0;1
G1;743020220003;Conhecimento;202409;0;0;1;0;0;0;1;1
G1;743020220003;Conhecimento;202602;0;0;0;1;0;0;0;1
G1;743020220003;Execução Judicial;202604;0;0;0;1;0;0;0;1
G1;743020220003;Conhecimento;202606;0;0;1;0;0;0;1;1
G1;743020220003;Execução Judicial;202606;0;0;1;0;0;0;1;1
G1;743020220004;Conhecimento;202303;1;0;1;0;1;0;1;0
G1;743020220004;Conhecimento;202305;0;0;0;1;1;0;1;1
G1;743020220004;Conhecimento;202306;0;1;1;0;1;1;2;1
G1;743020220004;Conhecimento;202309;0;1;0;0;1;2;2;1
G1;743020220004;Conhecimento;202401;0;0;0;1;1;2;2;2
G1;743020220004;Conhecimento;202402;0;0;4;0;1;2;6;2
G1;743020220004;Conhecimento;202403;0;0;0;1;0;2;5;3
G1;743020220004;Conhecimento;202404;0;0;0;0;0;2;5;3
G1;743020220004;Conhecimento;202405;0;0;0;0;0;2;5;2
G1;743020220004;Conhecimento;202406;0;0;0;0;0;1;4;2
G1;743020220004;Conhecimento;202407;0;0;0;0;0;1;4;2
G1;743020220004;Conhecimento;202408;0;0;0;0;0;1;4;2
G1;743020220004;Conhecimento;202409;0;0;1;0;0;0;5;2
G1;743020220004;Conhecimento;202410;0;0;1;0;0;0;6;2
G1;743020220004;Conhecimento;202411;0;0;0;0;0;0;6;2
G1;743020220004;Conhecimento;202412;0;0;0;0;0;0;6;2
G1;743020220004;Conhecimento;202501;0;0;0;0;0;0;6;1
G1;743020220004;Conhecimento;202502;0;0;0;1;0;0;2;2
G1;743020220004;Conhecimento;202503;0;0;1;0;0;0;3;1
G1;743020220004;Conhecimento;202505;0;0;2;0;0;0;5;1
G1;743020220004;Conhecimento;202509;0;0;0;1;0;0;4;2
G1;743020220004;Conhecimento;202512;0;0;0;1;0;0;3;3
G1;743020220004;Conhecimento;202605;0;2;2;0;0;2;2;2
G1;795210010105;Conhecimento;202301;30;33;32;65;30;33;32;65
G1;795210010105;Conhecimento;202302;21;21;21;76;51;54;53;141
G1;795210010105;Conhecimento;202303;86;28;29;69;137;82;82;210
G1;795210010105;Conhecimento;202304;36;14;9;44;173;96;91;254
G1;795210010105;Conhecimento;202305;63;17;19;54;236;113;110;308
G1;795210010105;Conhecimento;202306;20;15;13;46;256;128;123;354
G1;795210010105;Conhecimento;202307;68;15;20;45;324;143;143;399
G1;795210010105;Conhecimento;202308;40;22;22;65;364;165;165;464
G1;795210010105;Conhecimento;202309;71;14;13;39;435;179;178;503
G1;795210010105;Conhecimento;202310;90;23;21;58;525;202;199;561
G1;795210010105;Conhecimento;202311;39;18;18;57;564;220;217;618
G1;795210010105;Conhecimento;202312;35;2;5;15;599;222;222;633
G1;795210010105;Conhecimento;202401;57;19;24;45;626;208;214;613
G1;795210010105;Conhecimento;202402;36;8;11;42;641;195;204;579
G1;795210010105;Conhecimento;202403;61;10;9;42;616;177;184;552
G1;795210010105;Conhecimento;202404;65;11;10;53;645;174;185;561
G1;795210010105;Conhecimento;202405;67;10;9;28;649;167;175;535
G1;795210010105;Conhecimento;202406;49;7;5;49;678;159;167;538
G1;795210010105;Conhecimento;202407;52;18;19;44;662;162;166;537
G1;795210010105;Conhecimento;202408;31;8;7;38;653;148;151;510
G1;795210010105;Conhecimento;202409;33;8;10;32;615;142;148;503
G1;795210010105;Conhecimento;202410;51;14;13;18;576;133;140;463
G1;795210010105;Conhecimento;202411;38;6;4;23;575;121;126;429
G1;795210010105;Conhecimento;202412;35;9;2;9;575;128;123;423
G1;795210010105;Conhecimento;202501;33;20;3;17;551;129;102;395
G1;795210010105;Conhecimento;202502;32;31;3;25;547;152;94;378
G1;795210010105;Conhecimento;202503;23;14;5;13;509;156;90;349
G1;795210010105;Conhecimento;202504;40;19;4;28;484;164;84;324
G1;795210010105;Conhecimento;202505;24;16;2;25;441;170;77;321
G1;795210010105;Conhecimento;202506;17;10;6;17;409;173;78;289
G1;795210010105;Conhecimento;202507;42;42;1;43;399;197;60;288
G1;795210010105;Conhecimento;202508;20;34;3;31;388;223;56;281
G1;795210010105;Conhecimento;202509;24;10;2;12;379;225;48;261
G1;795210010105;Conhecimento;202510;35;22;0;15;363;233;35;258
G1;795210010105;Conhecimento;202511;18;7;0;9;343;234;31;244
G1;795210010105;Conhecimento;202512;11;11;0;11;319;236;29;246
G1;795210010105;Conhecimento;202601;16;9;1;13;302;225;27;242
G1;795210010105;Conhecimento;202602;25;19;2;18;295;213;26;235
G1;795210010105;Conhecimento;202603;19;19;2;19;291;218;23;241
G1;795210010105;Conhecimento;202604;23;25;6;32;274;224;25;245
G1;795210010105;Conhecimento;202605;13;15;9;18;263;223;32;238
G1;795210010105;Conhecimento;202606;29;7;7;5;275;220;33;226
G1;81480150001;Conhecimento;202301;11;4;2;18;11;4;2;18
G1;81480150001;Execução de Título Extrajudicial;202301;0;0;0;1;0;0;0;1
G1;81480150001;Execução Judicial;202301;5;1;0;7;5;1;0;7
G1;81480150001;Conhecimento;202302;15;0;0;29;26;4;2;47
G1;81480150001;Execução de Título Extrajudicial;202302;1;0;0;0;1;0;0;1
G1;81480150001;Execução Judicial;202302;4;1;0;12;9;2;0;19
G1;81480150001;Execução de Título Extrajudicial;202303;4;0;0;1;5;0;0;2
G1;81480150001;Conhecimento;202303;51;2;1;39;77;6;3;86
G1;81480150001;Execução Judicial;202303;35;0;0;13;44;2;0;32
G1;81480150001;Execução de Título Extrajudicial;202304;0;0;0;0;5;0;0;2
G1;81480150001;Execução Judicial;202304;11;0;0;4;55;2;0;36
G1;81480150001;Conhecimento;202304;23;0;0;35;100;6;3;121
G1;81480150001;Conhecimento;202305;44;2;1;25;144;8;4;146
G1;81480150001;Execução Judicial;202305;9;0;0;11;64;2;0;47
G1;81480150001;Execução de Título Extrajudicial;202305;0;0;0;1;5;0;0;3
G1;81480150001;Execução Judicial;202306;7;1;0;7;71;3;0;54
G1;81480150001;Conhecimento;202306;25;2;1;21;169;10;5;167
G1;81480150001;Execução de Título Extrajudicial;202306;1;0;0;2;6;0;0;5
G1;81480150001;Execução Judicial;202307;34;3;1;4;105;6;1;58
G1;81480150001;Conhecimento;202307;26;3;0;26;195;13;5;193
G1;81480150001;Execução de Título Extrajudicial;202307;0;0;0;0;6;0;0;5
G1;81480150001;Execução de Título Extrajudicial;202308;0;0;0;0;6;0;0;5
G1;81480150001;Conhecimento;202308;31;1;2;24;226;14;7;217
G1;81480150001;Execução Judicial;202308;12;0;1;4;117;6;2;62
G1;81480150001;Execução de Título Extrajudicial;202309;0;0;0;1;6;0;0;6
G1;81480150001;Conhecimento;202309;27;4;4;26;253;18;11;243
G1;81480150001;Execução Judicial;202309;13;0;0;14;130;6;2;76
G1;81480150001;Execução de Título Extrajudicial;202310;0;0;0;0;6;0;0;6
G1;81480150001;Conhecimento;202310;29;1;0;31;282;19;11;274
G1;81480150001;Execução Judicial;202310;6;1;0;5;136;7;2;81
G1;81480150001;Conhecimento;202311;22;2;2;21;304;21;13;295
G1;81480150001;Execução Judicial;202311;19;0;0;8;155;7;2;89
G1;81480150001;Execução de Título Extrajudicial;202311;0;0;0;1;6;0;0;7
G1;81480150001;Execução Judicial;202312;13;0;0;6;168;7;2;95
G1;81480150001;Conhecimento;202312;62;3;1;22;366;24;14;317
G1;81480150001;Execução de Título Extrajudicial;202312;1;0;0;2;7;0;0;9
G1;81480150001;Conhecimento;202401;33;0;0;32;388;20;12;331
G1;81480150001;Execução de Título Extrajudicial;202401;1;0;0;0;8;0;0;8
G1;81480150001;Execução Judicial;202401;9;0;0;8;172;6;2;96
G1;81480150001;Conhecimento;202402;29;0;0;23;402;20;12;325
G1;81480150001;Execução de Título Extrajudicial;202402;0;0;0;1;7;0;0;9
G1;81480150001;Execução Judicial;202402;4;1;0;3;172;6;2;87
G1;81480150001;Conhecimento;202403;7;2;2;16;358;20;13;302
G1;81480150001;Execução Judicial;202403;5;2;0;6;142;8;2;80
G1;81480150001;Execução de Título Extrajudicial;202403;1;1;0;0;4;1;0;8
G1;81480150001;Execução Judicial;202404;8;1;1;9;139;9;3;85
G1;81480150001;Conhecimento;202404;27;1;0;29;362;21;13;296
G1;81480150001;Execução de Título Extrajudicial;202404;1;0;0;0;5;1;0;8
G1;81480150001;Execução Judicial;202405;6;0;0;3;136;9;3;77
G1;81480150001;Conhecimento;202405;37;7;1;27;355;26;13;298
G1;81480150001;Execução de Título Extrajudicial;202405;0;0;0;0;5;1;0;7
G1;81480150001;Conhecimento;202406;43;7;1;36;373;31;13;313
G1;81480150001;Execução de Título Extrajudicial;202406;2;0;0;2;6;1;0;7
G1;81480150001;Execução Judicial;202406;11;0;0;1;140;8;3;71
G1;81480150001;Execução de Título Extrajudicial;202407;1;0;0;0;7;1;0;7
G1;81480150001;Execução Judicial;202407;8;4;1;9;114;9;3;76
G1;81480150001;Conhecimento;202407;56;7;5;41;403;35;18;328
G1;81480150001;Execução Judicial;202408;8;0;0;21;110;9;2;93
G1;81480150001;Conhecimento;202408;42;2;3;24;414;36;19;328
G1;81480150001;Execução de Título Extrajudicial;202408;1;0;0;1;8;1;0;8
G1;81480150001;Conhecimento;202409;33;1;0;26;420;33;15;328
G1;81480150001;Execução de Título Extrajudicial;202409;1;1;0;0;9;2;0;7
G1;81480150001;Execução Judicial;202409;8;2;0;2;105;11;2;81
G1;81480150001;Execução Judicial;202410;7;0;0;10;106;10;2;86
G1;81480150001;Execução de Título Extrajudicial;202410;0;0;0;0;9;2;0;7
G1;81480150001;Conhecimento;202410;25;2;1;29;416;34;16;326
G1;81480150001;Execução de Título Extrajudicial;202411;1;0;0;0;10;2;0;6
G1;81480150001;Execução Judicial;202411;8;1;0;7;95;11;2;85
G1;81480150001;Conhecimento;202411;23;2;3;25;417;34;17;330
G1;81480150001;Execução Judicial;202412;7;0;0;6;89;11;2;85
G1;81480150001;Execução de Título Extrajudicial;202412;1;0;0;1;10;2;0;5
G1;81480150001;Conhecimento;202412;46;0;0;35;401;31;16;343
G1;81480150001;Execução Judicial;202501;2;1;1;10;82;12;3;87
G1;81480150001;Conhecimento;202501;7;2;1;33;375;33;17;344
G1;81480150001;Execução de Título Extrajudicial;202501;0;0;0;0;9;2;0;5
G1;81480150001;Execução Judicial;202502;5;1;1;1;83;12;4;85
G1;81480150001;Execução de Título Extrajudicial;202502;0;0;0;1;9;2;0;5
G1;81480150001;Conhecimento;202502;27;0;0;31;373;33;17;352
G1;81480150001;Execução de Título Extrajudicial;202503;0;0;0;0;8;1;0;5
G1;81480150001;Execução Judicial;202503;5;0;0;6;83;10;4;85
G1;81480150001;Conhecimento;202503;13;2;2;25;379;33;17;361
G1;81480150001;Execução de Título Extrajudicial;202504;1;0;0;0;8;1;0;5
G1;81480150001;Conhecimento;202504;34;5;3;27;386;37;20;359
G1;81480150001;Execução Judicial;202504;12;0;0;16;87;9;3;92
G1;81480150001;Conhecimento;202505;52;0;0;23;401;30;19;355
G1;81480150001;Execução Judicial;202505;10;0;0;13;91;9;3;102
G1;81480150001;Execução de Título Extrajudicial;202505;3;0;0;0;11;1;0;5
G1;81480150001;Execução Judicial;202506;6;0;0;7;86;9;3;108
G1;81480150001;Conhecimento;202506;29;3;2;21;387;26;20;340
G1;81480150001;Execução de Título Extrajudicial;202506;0;0;0;0;9;1;0;3
G1;81480150001;Conhecimento;202507;61;3;2;45;392;22;17;344
G1;81480150001;Execução de Título Extrajudicial;202507;1;0;0;0;9;1;0;3
G1;81480150001;Execução Judicial;202507;16;0;0;19;94;5;2;118
G1;81480150001;Conhecimento;202508;38;3;1;29;388;23;15;349
G1;81480150001;Execução Judicial;202508;14;0;0;4;100;5;2;101
G1;81480150001;Execução de Título Extrajudicial;202508;0;0;0;0;8;1;0;2
G1;81480150001;Execução de Título Extrajudicial;202509;0;0;0;2;7;0;0;4
G1;81480150001;Conhecimento;202509;29;1;0;22;384;23;15;345
G1;81480150001;Execução Judicial;202509;5;3;0;6;97;6;2;105
G1;81480150001;Execução Judicial;202510;23;1;1;7;113;7;3;102
G1;81480150001;Execução de Título Extrajudicial;202510;2;1;0;0;9;1;0;4
G1;81480150001;Conhecimento;202510;36;3;3;23;395;24;17;339
G1;81480150001;Execução Judicial;202511;10;1;0;2;115;7;3;97
G1;81480150001;Conhecimento;202511;42;2;0;16;414;24;14;330
G1;81480150001;Execução de Título Extrajudicial;202511;2;0;0;1;10;1;0;5
G1;81480150001;Conhecimento;202512;21;1;0;14;389;25;14;309
G1;81480150001;Execução de Título Extrajudicial;202512;0;0;0;0;9;1;0;4
G1;81480150001;Execução Judicial;202512;4;0;0;3;112;7;3;94
G1;81480150001;Execução Judicial;202601;2;1;2;7;112;7;4;91
G1;81480150001;Execução de Título Extrajudicial;202601;0;0;0;0;9;1;0;4
G1;81480150001;Conhecimento;202601;15;1;2;31;397;24;15;307
G1;81480150001;Execução de Título Extrajudicial;202602;1;0;0;2;10;1;0;5
G1;81480150001;Execução Judicial;202602;9;0;0;2;116;6;3;92
G1;81480150001;Conhecimento;202602;18;2;1;33;388;26;16;309
G1;81480150001;Conhecimento;202603;35;5;2;59;410;29;16;343
G1;81480150001;Execução de Título Extrajudicial;202603;0;0;0;2;10;1;0;7
G1;81480150001;Execução Judicial;202603;13;0;1;12;124;6;4;98
G1;81480150001;Execução Judicial;202604;6;1;1;18;118;7;5;100
G1;81480150001;Conhecimento;202604;18;2;1;50;394;26;14;366
G1;81480150001;Execução de Título Extrajudicial;202604;0;0;0;0;9;1;0;7
G1;81480150001;Execução de Título Extrajudicial;202605;0;0;0;1;6;1;0;8
G1;81480150001;Conhecimento;202605;42;0;0;27;384;26;14;370
G1;81480150001;Execução Judicial;202605;10;0;0;9;118;7;5;96
G1;81480150001;Conhecimento;202606;39;0;1;18;394;23;13;367
G1;81480150001;Execução de Título Extrajudicial;202606;1;0;0;0;7;1;0;8
G1;81480150001;Execução Judicial;202606;7;0;0;3;119;7;5;92
G1;81480150002;Conhecimento;202301;22;4;3;20;22;4;3;20
G1;81480150002;Execução Judicial;202301;0;0;0;0;0;0;0;0
G1;81480150002;Execução Judicial;202302;0;0;0;0;0;0;0;0
G1;81480150002;Conhecimento;202302;17;3;3;30;39;7;6;50
G1;81480150002;Execução Judicial;202303;1;0;0;0;1;0;0;0
G1;81480150002;Conhecimento;202303;1;2;2;30;40;9;8;80
G1;81480150002;Conhecimento;202304;26;0;0;19;66;9;8;99
G1;81480150002;Execução Judicial;202304;0;0;0;0;1;0;0;0
G1;81480150002;Conhecimento;202305;8;3;3;21;74;12;11;120
G1;81480150002;Execução Judicial;202305;1;0;0;0;2;0;0;0
G1;81480150002;Execução Judicial;202306;0;0;0;0;2;0;0;0
G1;81480150002;Conhecimento;202306;21;3;3;23;95;15;14;143
G1;81480150002;Execução Judicial;202307;0;0;0;0;2;0;0;0
G1;81480150002;Conhecimento;202307;2;2;2;24;97;17;16;167
G1;81480150002;Execução Judicial;202308;0;0;0;0;2;0;0;0
G1;81480150002;Conhecimento;202308;1;4;3;16;98;21;19;183
G1;81480150002;Execução Judicial;202309;0;0;0;2;2;0;0;2
G1;81480150002;Conhecimento;202309;23;2;2;41;121;23;21;224
G1;81480150002;Conhecimento;202310;17;2;2;23;138;25;23;247
G1;81480150002;Execução Judicial;202310;0;0;0;0;2;0;0;2
G1;81480150002;Execução Judicial;202311;0;0;0;0;2;0;0;2
G1;81480150002;Conhecimento;202311;41;5;4;25;179;30;27;272
G1;81480150002;Execução Judicial;202312;1;0;0;0;3;0;0;2
G1;81480150002;Conhecimento;202312;79;3;3;23;258;33;30;295
G1;81480150002;Execução Judicial;202401;2;0;0;0;5;0;0;2
G1;81480150002;Conhecimento;202401;5;2;2;42;241;31;29;317
G1;81480150002;Conhecimento;202402;21;1;1;10;245;29;27;297
G1;81480150002;Conhecimento;202403;10;0;0;11;254;27;25;278
G1;81480150002;Conhecimento;202404;43;4;1;22;271;31;26;281
G1;81480150002;Conhecimento;202405;41;3;4;27;304;31;27;287
G1;81480150002;Conhecimento;202406;44;2;2;15;327;30;26;279
G1;81480150002;Conhecimento;202407;96;2;2;17;421;30;26;272
G1;81480150002;Conhecimento;202408;22;3;2;31;442;29;25;287
G1;81480150002;Conhecimento;202409;22;5;2;29;441;32;25;275
G1;81480150002;Conhecimento;202410;28;3;5;24;452;33;28;276
G1;81480150002;Conhecimento;202411;10;0;0;14;421;28;24;265
G1;81480150002;Conhecimento;202412;19;2;0;3;361;27;21;245
G1;81480150002;Conhecimento;202501;20;5;0;19;376;30;19;222
G1;81480150002;Conhecimento;202502;22;4;0;20;377;33;18;232
G1;81480150002;Conhecimento;202503;28;2;1;24;395;35;19;245
G1;81480150002;Conhecimento;202504;23;9;3;27;375;40;21;250
G1;81480150002;Conhecimento;202505;19;2;0;28;353;39;17;251
G1;81480150002;Conhecimento;202506;31;5;1;20;340;42;16;256
G1;81480150002;Conhecimento;202507;26;5;0;14;270;45;14;253
G1;81480150002;Conhecimento;202508;28;8;0;26;276;50;12;248
G1;81480150002;Conhecimento;202509;14;2;0;23;268;47;10;242
G1;81480150002;Conhecimento;202510;20;1;0;27;260;45;5;245
G1;81480150002;Conhecimento;202511;31;3;0;23;281;48;5;254
G1;81480150002;Conhecimento;202512;12;2;0;16;274;48;5;267
G1;81480150002;Conhecimento;202601;19;7;0;18;273;50;5;266
G1;81480150002;Conhecimento;202602;8;3;1;22;259;49;6;268
G1;81480150002;Conhecimento;202603;18;8;1;15;249;55;6;259
G1;81480150002;Conhecimento;202604;24;11;2;29;250;57;5;261
G1;81480150002;Conhecimento;202605;10;3;10;29;241;58;15;262
G1;81480150002;Conhecimento;202606;18;2;6;19;228;55;20;261
G1;81480150003;Conhecimento;202602;0;0;1;1;0;0;1;1
G1;81480150004;Conhecimento;202301;0;0;0;1;0;0;0;1
G1;81480150004;Conhecimento;202403;0;0;0;1;0;0;0;1
G1;81480150004;Conhecimento;202404;0;0;1;1;0;0;1;2
G1;81480150004;Conhecimento;202405;1;0;0;0;1;0;1;2
G1;81480150004;Conhecimento;202409;0;0;1;0;1;0;2;2
G1;81480150004;Conhecimento;202411;0;0;0;1;1;0;2;3
G1;81480150004;Conhecimento;202503;0;0;0;1;1;0;2;3
G1;81480150004;Conhecimento;202506;0;0;2;0;0;0;3;2
G1;81480150004;Conhecimento;202509;0;0;0;1;0;0;2;3
G1;81480150004;Conhecimento;202603;0;0;1;0;0;0;3;1
G1;81480150004;Conhecimento;202604;0;0;1;0;0;0;4;1
G1;81480150004;Conhecimento;202605;0;0;1;1;0;0;5;2
G1;81490060001;Execução de Título Extrajudicial;202301;1;0;0;15;1;0;0;15
G1;81490060001;Conhecimento;202301;9;0;0;48;9;0;0;48
G1;81490060001;Execução Judicial;202301;2;0;0;4;2;0;0;4
G1;81490060001;Execução de Título Extrajudicial;202302;1;0;0;11;2;0;0;26
G1;81490060001;Conhecimento;202302;11;0;0;40;20;0;0;88
G1;81490060001;Execução Judicial;202302;8;2;2;8;10;2;2;12
G1;81490060001;Execução Judicial;202303;15;0;0;5;25;2;2;17
G1;81490060001;Conhecimento;202303;29;1;1;47;49;1;1;135
G1;81490060001;Execução de Título Extrajudicial;202303;4;0;0;6;6;0;0;32
G1;81490060001;Execução de Título Extrajudicial;202304;3;0;0;3;9;0;0;35
G1;81490060001;Conhecimento;202304;18;1;2;41;67;2;3;176
G1;81490060001;Execução Judicial;202304;12;1;1;8;37;3;3;25
G1;81490060001;Execução de Título Extrajudicial;202305;5;0;0;8;14;0;0;43
G1;81490060001;Conhecimento;202305;31;0;0;54;98;2;3;230
G1;81490060001;Execução Judicial;202305;6;0;0;8;43;3;3;33
G1;81490060001;Execução Judicial;202306;5;0;0;5;48;3;3;38
G1;81490060001;Conhecimento;202306;17;4;2;41;115;6;5;271
G1;81490060001;Execução de Título Extrajudicial;202306;4;0;0;7;18;0;0;50
G1;81490060001;Execução Judicial;202307;2;1;1;7;50;4;4;45
G1;81490060001;Execução de Título Extrajudicial;202307;5;0;0;2;23;0;0;52
G1;81490060001;Conhecimento;202307;25;1;1;37;140;7;6;308
G1;81490060001;Execução de Título Extrajudicial;202308;4;0;0;5;27;0;0;57
G1;81490060001;Execução Judicial;202308;5;0;0;6;55;4;4;51
G1;81490060001;Conhecimento;202308;34;2;1;42;174;9;7;350
G1;81490060001;Execução de Título Extrajudicial;202309;2;0;0;2;29;0;0;59
G1;81490060001;Conhecimento;202309;31;1;0;43;205;10;7;393
G1;81490060001;Execução Judicial;202309;6;1;0;8;61;5;4;59
G1;81490060001;Conhecimento;202310;31;3;1;30;236;13;8;423
G1;81490060001;Execução de Título Extrajudicial;202310;2;0;0;6;31;0;0;65
G1;81490060001;Execução Judicial;202310;7;2;1;4;68;7;5;63
G1;81490060001;Conhecimento;202311;39;1;1;32;275;14;9;455
G1;81490060001;Execução Judicial;202311;10;0;0;4;78;7;5;67
G1;81490060001;Execução de Título Extrajudicial;202311;0;0;0;4;31;0;0;69
G1;81490060001;Execução de Título Extrajudicial;202312;3;0;0;6;34;0;0;75
G1;81490060001;Conhecimento;202312;71;3;1;20;346;17;10;475
G1;81490060001;Execução Judicial;202312;18;0;0;15;96;7;5;82
G1;81490060001;Conhecimento;202401;25;1;1;20;362;18;11;447
G1;81490060001;Execução Judicial;202401;4;0;0;7;98;7;5;85
G1;81490060001;Execução de Título Extrajudicial;202401;0;0;0;9;33;0;0;69
G1;81490060001;Conhecimento;202402;34;0;0;23;385;18;11;430
G1;81490060001;Execução de Título Extrajudicial;202402;0;0;0;11;32;0;0;69
G1;81490060001;Execução Judicial;202402;6;0;1;6;96;5;4;83
G1;81490060001;Conhecimento;202403;42;1;0;25;398;18;10;408
G1;81490060001;Execução Judicial;202403;4;0;0;10;85;5;4;88
G1;81490060001;Execução de Título Extrajudicial;202403;5;0;0;3;33;0;0;66
G1;81490060001;Execução Judicial;202404;9;0;0;1;82;4;3;81
G1;81490060001;Conhecimento;202404;40;0;0;25;420;17;8;392
G1;81490060001;Execução de Título Extrajudicial;202404;2;0;0;1;32;0;0;64
G1;81490060001;Conhecimento;202405;47;5;6;34;436;22;14;372
G1;81490060001;Execução Judicial;202405;8;1;1;7;84;5;4;80
G1;81490060001;Execução de Título Extrajudicial;202405;3;0;0;2;30;0;0;58
G1;81490060001;Execução de Título Extrajudicial;202406;5;0;0;6;31;0;0;57
G1;81490060001;Execução Judicial;202406;7;2;1;9;86;7;5;84
G1;81490060001;Conhecimento;202406;57;2;1;38;476;20;13;369
G1;81490060001;Execução de Título Extrajudicial;202407;4;0;0;7;30;0;0;62
G1;81490060001;Conhecimento;202407;78;4;0;42;529;23;12;374
G1;81490060001;Execução Judicial;202407;18;0;0;15;102;6;4;92
G1;81490060001;Conhecimento;202408;20;0;1;29;515;21;12;361
G1;81490060001;Execução Judicial;202408;1;0;0;5;98;6;4;91
G1;81490060001;Execução de Título Extrajudicial;202408;2;1;0;4;28;1;0;61
G1;81490060001;Execução Judicial;202409;7;2;1;13;99;7;5;96
G1;81490060001;Conhecimento;202409;51;2;1;31;535;22;13;349
G1;81490060001;Execução de Título Extrajudicial;202409;7;0;0;2;33;1;0;61
G1;81490060001;Conhecimento;202410;36;2;2;40;540;21;14;359
G1;81490060001;Execução Judicial;202410;9;1;1;12;101;6;5;104
G1;81490060001;Execução de Título Extrajudicial;202410;3;0;0;2;34;1;0;57
G1;81490060001;Execução de Título Extrajudicial;202411;4;0;0;4;38;1;0;57
G1;81490060001;Execução Judicial;202411;12;0;0;8;103;6;5;108
G1;81490060001;Conhecimento;202411;26;1;1;35;527;21;14;362
G1;81490060001;Execução de Título Extrajudicial;202412;2;0;0;2;37;1;0;53
G1;81490060001;Execução Judicial;202412;17;1;1;8;102;7;6;101
G1;81490060001;Conhecimento;202412;52;0;0;33;508;18;13;375
G1;81490060001;Execução de Título Extrajudicial;202501;1;0;0;14;38;1;0;58
G1;81490060001;Conhecimento;202501;8;1;1;38;491;18;13;393
G1;81490060001;Execução Judicial;202501;4;0;0;11;102;7;6;105
G1;81490060001;Execução Judicial;202502;9;0;0;5;105;7;5;104
G1;81490060001;Execução de Título Extrajudicial;202502;4;0;0;10;42;1;0;57
G1;81490060001;Conhecimento;202502;37;3;2;48;494;21;15;418
G1;81490060001;Conhecimento;202503;29;1;0;34;481;21;15;427
G1;81490060001;Execução de Título Extrajudicial;202503;5;0;0;17;42;1;0;71
G1;81490060001;Execução Judicial;202503;9;1;1;7;110;8;6;101
G1;81490060001;Execução de Título Extrajudicial;202504;4;0;0;10;44;1;0;80
G1;81490060001;Execução Judicial;202504;5;1;1;7;106;9;7;107
G1;81490060001;Conhecimento;202504;16;1;0;41;457;22;15;443
G1;81490060001;Conhecimento;202505;31;2;2;52;441;19;11;461
G1;81490060001;Execução de Título Extrajudicial;202505;6;0;0;4;47;1;0;82
G1;81490060001;Execução Judicial;202505;10;0;0;7;108;8;6;107
G1;81490060001;Execução Judicial;202506;5;0;0;6;106;6;5;104
G1;81490060001;Execução de Título Extrajudicial;202506;6;0;0;5;48;1;0;81
G1;81490060001;Conhecimento;202506;29;1;1;40;413;18;11;463
G1;81490060001;Execução Judicial;202507;23;1;0;16;111;7;5;105
G1;81490060001;Execução de Título Extrajudicial;202507;5;0;0;4;49;1;0;78
G1;81490060001;Conhecimento;202507;75;1;0;28;410;15;11;449
G1;81490060001;Execução Judicial;202508;5;1;1;2;115;8;6;102
G1;81490060001;Conhecimento;202508;23;0;0;23;413;15;10;443
G1;81490060001;Execução de Título Extrajudicial;202508;0;0;0;16;47;0;0;90
G1;81490060001;Execução de Título Extrajudicial;202509;4;0;0;7;44;0;0;95
G1;81490060001;Conhecimento;202509;46;1;0;51;408;14;9;463
G1;81490060001;Execução Judicial;202509;8;2;2;9;116;8;7;98
G1;81490060001;Execução Judicial;202510;14;1;1;10;121;8;7;96
G1;81490060001;Conhecimento;202510;49;1;1;27;421;13;8;450
G1;81490060001;Execução de Título Extrajudicial;202510;3;0;0;5;44;0;0;98
G1;81490060001;Execução de Título Extrajudicial;202511;1;0;0;0;41;0;0;94
G1;81490060001;Conhecimento;202511;30;6;2;46;425;18;9;461
G1;81490060001;Execução Judicial;202511;7;0;0;13;116;8;7;101
G1;81490060001;Execução de Título Extrajudicial;202512;5;0;0;5;44;0;0;97
G1;81490060001;Conhecimento;202512;63;1;0;59;436;19;9;487
G1;81490060001;Execução Judicial;202512;13;0;1;8;112;7;7;101
G1;81490060001;Execução Judicial;202601;3;0;0;3;111;7;7;93
G1;81490060001;Execução de Título Extrajudicial;202601;0;0;0;9;43;0;0;92
G1;81490060001;Conhecimento;202601;23;1;3;28;451;19;11;477
G1;81490060001;Conhecimento;202602;22;3;0;45;436;19;9;474
G1;81490060001;Execução Judicial;202602;2;0;0;11;104;7;7;99
G1;81490060001;Execução de Título Extrajudicial;202602;2;0;0;16;41;0;0;98
G1;81490060001;Execução de Título Extrajudicial;202603;8;0;0;13;44;0;0;94
G1;81490060001;Execução Judicial;202603;8;1;1;7;103;7;7;99
G1;81490060001;Conhecimento;202603;33;2;1;52;440;20;10;492
G1;81490060001;Execução Judicial;202604;5;0;1;7;103;6;7;99
G1;81490060001;Execução de Título Extrajudicial;202604;3;0;0;16;43;0;0;100
G1;81490060001;Conhecimento;202604;33;3;4;43;457;22;14;494
G1;81490060001;Execução de Título Extrajudicial;202605;3;0;0;9;40;0;0;105
G1;81490060001;Conhecimento;202605;25;1;1;40;451;21;13;482
G1;81490060001;Execução Judicial;202605;4;0;0;19;97;6;7;111
G1;81490060001;Execução de Título Extrajudicial;202606;5;0;0;5;39;0;0;105
G1;81490060001;Execução Judicial;202606;6;0;1;16;98;6;8;121
G1;81490060001;Conhecimento;202606;50;0;0;63;472;20;12;505
G1;81490060002;Execução Judicial;202301;0;0;0;0;0;0;0;0
G1;81490060002;Conhecimento;202301;7;4;4;35;7;4;4;35
G1;81490060002;Execução Judicial;202302;0;0;0;0;0;0;0;0
G1;81490060002;Conhecimento;202302;7;1;1;32;14;5;5;67
G1;81490060002;Execução Judicial;202303;0;0;0;0;0;0;0;0
G1;81490060002;Conhecimento;202303;15;0;0;27;29;5;5;94
G1;81490060002;Execução Judicial;202304;0;0;0;0;0;0;0;0
G1;81490060002;Conhecimento;202304;1;1;0;26;30;6;5;120
G1;81490060002;Conhecimento;202305;7;1;1;20;37;7;6;140
G1;81490060002;Execução Judicial;202305;0;0;0;0;0;0;0;0
G1;81490060002;Execução Judicial;202306;0;0;0;0;0;0;0;0
G1;81490060002;Conhecimento;202306;27;6;4;30;64;13;10;170
G1;81490060002;Execução Judicial;202307;0;0;0;0;0;0;0;0
G1;81490060002;Conhecimento;202307;19;2;0;22;83;15;10;192
G1;81490060002;Conhecimento;202308;11;1;3;34;94;16;13;226
G1;81490060002;Execução Judicial;202308;0;0;0;0;0;0;0;0
G1;81490060002;Conhecimento;202309;30;5;5;24;124;21;18;250
G1;81490060002;Execução Judicial;202309;0;0;0;0;0;0;0;0
G1;81490060002;Conhecimento;202310;23;1;1;41;147;22;19;291
G1;81490060002;Execução Judicial;202310;0;0;0;0;0;0;0;0
G1;81490060002;Conhecimento;202311;6;1;1;22;153;23;20;313
G1;81490060002;Execução Judicial;202311;0;0;0;0;0;0;0;0
G1;81490060002;Conhecimento;202312;77;2;2;18;230;25;22;331
G1;81490060002;Execução Judicial;202312;0;0;0;0;0;0;0;0
G1;81490060002;Execução Judicial;202401;0;0;0;0;0;0;0;0
G1;81490060002;Conhecimento;202401;27;8;8;35;250;29;26;331
G1;81490060002;Execução Judicial;202402;0;0;0;0;0;0;0;0
G1;81490060002;Conhecimento;202402;14;3;3;26;257;31;28;325
G1;81490060002;Conhecimento;202403;9;3;4;22;251;34;32;320
G1;81490060002;Execução Judicial;202403;0;0;0;0;0;0;0;0
G1;81490060002;Execução Judicial;202404;0;0;0;0;0;0;0;0
G1;81490060002;Conhecimento;202404;16;2;2;26;266;35;34;320
G1;81490060002;Execução Judicial;202405;0;0;0;0;0;0;0;0
G1;81490060002;Conhecimento;202405;13;4;3;41;272;38;36;341
G1;81490060002;Execução Judicial;202406;0;0;0;0;0;0;0;0
G1;81490060002;Conhecimento;202406;38;2;2;27;283;34;34;338
G1;81490060002;Conhecimento;202407;42;4;3;26;306;36;37;342
G1;81490060002;Conhecimento;202408;13;4;4;40;308;39;38;348
G1;81490060002;Conhecimento;202409;32;4;3;25;310;38;36;349
G1;81490060002;Conhecimento;202410;21;4;4;17;308;41;39;325
G1;81490060002;Conhecimento;202411;50;1;0;17;352;41;38;320
G1;81490060002;Conhecimento;202412;26;1;1;24;301;40;37;326
G1;81490060002;Conhecimento;202501;20;6;0;15;294;38;29;306
G1;81490060002;Conhecimento;202502;16;5;2;19;296;40;28;299
G1;81490060002;Conhecimento;202503;24;4;0;18;311;41;24;295
G1;81490060002;Conhecimento;202504;20;7;0;28;315;46;22;297
G1;81490060002;Conhecimento;202505;26;7;2;14;328;49;21;270
G1;81490060002;Conhecimento;202506;74;5;0;25;364;52;19;268
G1;81490060002;Conhecimento;202507;73;4;0;43;395;52;16;285
G1;81490060002;Conhecimento;202508;33;5;0;26;415;53;12;271
G1;81490060002;Conhecimento;202509;30;13;1;25;413;62;10;271
G1;81490060002;Conhecimento;202510;32;15;1;16;424;73;7;270
G1;81490060002;Conhecimento;202511;34;6;0;14;408;78;7;267
G1;81490060002;Conhecimento;202512;27;4;0;20;409;81;6;263
G1;81490060002;Conhecimento;202601;10;9;1;23;399;84;7;271
G1;81490060002;Conhecimento;202602;8;5;0;14;391;84;5;266
G1;81490060002;Conhecimento;202603;20;9;2;20;387;89;7;268
G1;81490060002;Conhecimento;202604;25;1;2;18;392;83;9;258
G1;81490060002;Conhecimento;202605;18;3;1;21;384;79;8;265
G1;81490060002;Conhecimento;202606;14;1;1;10;324;75;9;250
G1;81490060003;Conhecimento;202305;0;0;0;2;0;0;0;2
G1;81490060003;Conhecimento;202310;0;0;1;0;0;0;1;2
G1;81490060003;Conhecimento;202312;0;0;1;0;0;0;2;2
G1;81490060003;Conhecimento;202404;0;0;0;1;0;0;2;3
G1;81490060003;Conhecimento;202406;0;0;1;0;0;0;3;1
G1;81490060004;Conhecimento;202303;0;0;0;1;0;0;0;1
G1;81490060004;Conhecimento;202305;0;0;0;1;0;0;0;2
G1;81490060004;Conhecimento;202309;0;0;1;4;0;0;1;6
G1;81490060004;Conhecimento;202310;0;0;0;1;0;0;1;7
G1;81490060004;Conhecimento;202311;0;0;0;1;0;0;1;8
G1;81490060004;Conhecimento;202405;0;0;0;1;0;0;1;7
G1;81490060004;Conhecimento;202406;0;0;0;3;0;0;1;10
G1;81490060004;Conhecimento;202407;0;0;0;0;0;0;1;10
G1;81490060004;Conhecimento;202408;0;0;1;2;0;0;2;12
G1;81490060004;Conhecimento;202409;0;0;1;0;0;0;2;8
G1;81490060004;Conhecimento;202410;0;0;0;0;0;0;2;7
G1;81490060004;Conhecimento;202411;0;0;0;0;0;0;2;6
G1;81490060004;Conhecimento;202412;0;0;0;0;0;0;2;6
G1;81490060004;Conhecimento;202501;0;0;0;0;0;0;2;6
G1;81490060004;Conhecimento;202502;0;0;0;0;0;0;2;6
G1;81490060004;Conhecimento;202503;0;0;2;1;0;0;4;7
G1;81490060004;Conhecimento;202504;0;0;3;0;0;0;7;7
G1;81490060004;Conhecimento;202505;0;0;0;0;0;0;7;6
G1;81490060004;Conhecimento;202506;0;0;3;0;0;0;10;3
G1;81490060004;Conhecimento;202507;0;0;1;2;0;0;11;5
G1;81490060004;Conhecimento;202508;0;0;0;0;0;0;10;3
G1;81490060004;Conhecimento;202509;0;0;6;1;0;0;15;4
G1;81490060004;Conhecimento;202510;0;0;6;1;0;0;21;5
G1;81490060004;Conhecimento;202511;0;0;0;0;0;0;21;5
G1;81490060004;Conhecimento;202512;0;0;0;1;0;0;21;6
G1;81490060004;Conhecimento;202601;1;0;3;0;1;0;24;6
G1;81490060004;Conhecimento;202605;0;0;1;0;1;0;20;5
G1;81500100001;Execução de Título Extrajudicial;202301;1;0;0;10;1;0;0;10
G1;81500100001;Conhecimento;202301;36;0;0;21;36;0;0;21
G1;81500100001;Execução Judicial;202301;7;0;0;3;7;0;0;3
G1;81500100001;Execução de Título Extrajudicial;202302;3;0;0;6;4;0;0;16
G1;81500100001;Execução Judicial;202302;1;1;1;4;8;1;1;7
G1;81500100001;Conhecimento;202302;34;2;2;13;70;2;2;34
G1;81500100001;Conhecimento;202303;17;5;1;34;87;7;3;68
G1;81500100001;Execução Judicial;202303;8;1;0;5;16;2;1;12
G1;81500100001;Execução de Título Extrajudicial;202303;1;0;0;1;5;0;0;17
G1;81500100001;Execução de Título Extrajudicial;202304;2;0;0;1;7;0;0;18
G1;81500100001;Conhecimento;202304;24;2;2;25;111;9;5;93
G1;81500100001;Execução Judicial;202304;9;0;0;3;25;2;1;15
G1;81500100001;Conhecimento;202305;16;2;0;35;127;11;5;128
G1;81500100001;Execução de Título Extrajudicial;202305;0;0;0;9;7;0;0;27
G1;81500100001;Execução Judicial;202305;5;2;2;12;30;4;3;27
G1;81500100001;Conhecimento;202306;33;3;1;18;160;14;6;146
G1;81500100001;Execução de Título Extrajudicial;202306;0;0;0;2;7;0;0;29
G1;81500100001;Execução Judicial;202306;7;0;0;2;37;4;3;29
G1;81500100001;Conhecimento;202307;44;0;0;31;204;14;6;177
G1;81500100001;Execução de Título Extrajudicial;202307;1;2;2;1;8;2;2;30
G1;81500100001;Execução Judicial;202307;7;1;0;8;44;5;3;37
G1;81500100001;Conhecimento;202308;36;1;0;26;240;15;6;203
G1;81500100001;Execução Judicial;202308;4;0;0;5;48;5;3;42
G1;81500100001;Execução de Título Extrajudicial;202308;1;0;0;5;9;2;2;35
G1;81500100001;Conhecimento;202309;37;4;2;26;277;19;8;229
G1;81500100001;Execução de Título Extrajudicial;202309;0;0;0;2;9;2;2;37
G1;81500100001;Execução Judicial;202309;4;0;0;2;52;5;3;44
G1;81500100001;Conhecimento;202310;45;2;1;14;322;21;9;243
G1;81500100001;Execução Judicial;202310;9;1;1;3;61;6;4;47
G1;81500100001;Execução de Título Extrajudicial;202310;3;0;0;5;12;2;2;42
G1;81500100001;Execução de Título Extrajudicial;202311;0;0;0;2;12;2;2;44
G1;81500100001;Execução Judicial;202311;7;0;0;3;68;6;4;50
G1;81500100001;Conhecimento;202311;61;1;1;18;383;22;10;261
G1;81500100001;Conhecimento;202312;91;1;1;10;474;23;11;271
G1;81500100001;Execução Judicial;202312;12;1;2;2;80;7;6;52
G1;81500100001;Execução de Título Extrajudicial;202312;1;0;0;1;13;2;2;45
G1;81500100001;Conhecimento;202401;17;0;0;21;455;23;11;271
G1;81500100001;Execução de Título Extrajudicial;202401;1;0;0;3;13;2;2;38
G1;81500100001;Execução Judicial;202401;1;0;0;5;74;7;6;54
G1;81500100001;Conhecimento;202402;23;2;1;16;444;23;10;274
G1;81500100001;Execução de Título Extrajudicial;202402;0;0;0;2;10;2;2;34
G1;81500100001;Execução Judicial;202402;3;0;0;1;76;6;5;51
G1;81500100001;Execução de Título Extrajudicial;202403;1;0;0;0;10;2;2;33
G1;81500100001;Conhecimento;202403;16;2;1;28;443;20;10;268
G1;81500100001;Execução Judicial;202403;4;1;1;2;72;6;6;48
G1;81500100001;Execução Judicial;202404;5;1;0;16;68;7;6;61
G1;81500100001;Execução de Título Extrajudicial;202404;1;0;0;0;9;2;2;32
G1;81500100001;Conhecimento;202404;46;2;1;31;465;20;9;274
G1;81500100001;Execução Judicial;202405;5;0;0;5;68;5;4;54
G1;81500100001;Conhecimento;202405;30;2;0;23;479;20;9;262
G1;81500100001;Execução de Título Extrajudicial;202405;1;0;0;2;10;2;2;25
G1;81500100001;Execução de Título Extrajudicial;202406;0;0;0;2;10;2;2;25
G1;81500100001;Execução Judicial;202406;3;0;0;3;64;5;4;55
G1;81500100001;Conhecimento;202406;59;2;1;22;505;19;9;266
G1;81500100001;Execução Judicial;202407;14;1;0;1;71;5;4;48
G1;81500100001;Conhecimento;202407;59;5;2;23;520;24;11;258
G1;81500100001;Execução de Título Extrajudicial;202407;4;0;0;1;13;0;0;25
G1;81500100001;Execução Judicial;202408;5;2;2;3;72;7;6;46
G1;81500100001;Conhecimento;202408;34;1;1;19;518;24;12;251
G1;81500100001;Execução de Título Extrajudicial;202408;2;0;0;2;14;0;0;22
G1;81500100001;Execução Judicial;202409;4;1;0;5;72;8;6;49
G1;81500100001;Execução de Título Extrajudicial;202409;3;0;0;0;17;0;0;20
G1;81500100001;Conhecimento;202409;29;0;0;16;510;20;10;241
G1;81500100001;Execução de Título Extrajudicial;202410;2;0;0;2;16;0;0;17
G1;81500100001;Conhecimento;202410;29;2;1;19;494;20;10;246
G1;81500100001;Execução Judicial;202410;5;0;0;5;68;7;5;51
G1;81500100001;Execução de Título Extrajudicial;202411;0;0;0;2;16;0;0;17
G1;81500100001;Execução Judicial;202411;2;3;1;3;63;10;6;51
G1;81500100001;Conhecimento;202411;22;2;0;15;455;21;9;243
G1;81500100001;Conhecimento;202412;38;1;1;9;402;21;9;242
G1;81500100001;Execução de Título Extrajudicial;202412;0;0;0;0;15;0;0;16
G1;81500100001;Execução Judicial;202412;9;0;0;1;60;9;4;50
G1;81500100001;Execução de Título Extrajudicial;202501;0;0;0;0;14;0;0;13
G1;81500100001;Conhecimento;202501;4;1;0;12;389;22;9;233
G1;81500100001;Execução Judicial;202501;1;0;0;3;60;9;4;48
G1;81500100001;Execução Judicial;202502;7;0;1;2;64;9;5;49
G1;81500100001;Execução de Título Extrajudicial;202502;1;0;0;1;15;0;0;12
G1;81500100001;Conhecimento;202502;18;1;0;16;384;21;8;233
G1;81500100001;Execução Judicial;202503;2;0;2;5;62;8;6;52
G1;81500100001;Execução de Título Extrajudicial;202503;0;0;0;1;14;0;0;13
G1;81500100001;Conhecimento;202503;15;2;0;25;383;21;7;230
G1;81500100001;Conhecimento;202504;14;0;1;25;351;19;7;224
G1;81500100001;Execução Judicial;202504;3;0;1;7;60;7;7;43
G1;81500100001;Execução de Título Extrajudicial;202504;1;0;0;1;14;0;0;14
G1;81500100001;Execução Judicial;202505;9;0;0;7;64;7;7;45
G1;81500100001;Execução de Título Extrajudicial;202505;2;0;0;3;15;0;0;15
G1;81500100001;Conhecimento;202505;25;2;1;20;346;19;8;221
G1;81500100001;Conhecimento;202506;19;5;1;24;306;22;8;223
G1;81500100001;Execução de Título Extrajudicial;202506;1;0;0;1;16;0;0;14
G1;81500100001;Execução Judicial;202506;6;1;1;6;67;8;8;48
G1;81500100001;Execução de Título Extrajudicial;202507;1;0;0;4;13;0;0;17
G1;81500100001;Execução Judicial;202507;4;2;1;14;57;9;9;61
G1;81500100001;Conhecimento;202507;47;5;3;24;294;22;9;224
G1;81500100001;Execução de Título Extrajudicial;202508;0;0;0;0;11;0;0;15
G1;81500100001;Execução Judicial;202508;6;0;0;5;58;7;7;63
G1;81500100001;Conhecimento;202508;15;3;0;32;275;24;8;237
G1;81500100001;Execução Judicial;202509;4;1;0;6;58;7;7;64
G1;81500100001;Conhecimento;202509;26;2;1;28;272;26;9;249
G1;81500100001;Execução de Título Extrajudicial;202509;4;0;0;1;12;0;0;16
G1;81500100001;Execução de Título Extrajudicial;202510;2;0;0;2;12;0;0;16
G1;81500100001;Conhecimento;202510;31;7;1;25;274;31;9;255
G1;81500100001;Execução Judicial;202510;9;1;1;9;62;8;8;68
G1;81500100001;Conhecimento;202511;21;1;1;22;273;30;10;262
G1;81500100001;Execução de Título Extrajudicial;202511;0;0;0;0;12;0;0;14
G1;81500100001;Execução Judicial;202511;2;0;1;2;62;5;8;67
G1;81500100001;Execução Judicial;202512;5;1;0;3;58;6;8;69
G1;81500100001;Conhecimento;202512;20;0;0;20;255;29;9;273
G1;81500100001;Execução de Título Extrajudicial;202512;1;0;0;5;13;0;0;19
G1;81500100001;Execução Judicial;202601;2;0;0;6;59;6;8;72
G1;81500100001;Execução de Título Extrajudicial;202601;0;1;0;7;13;1;0;26
G1;81500100001;Conhecimento;202601;19;1;3;28;270;29;12;289
G1;81500100001;Conhecimento;202602;24;5;0;26;276;33;12;299
G1;81500100001;Execução de Título Extrajudicial;202602;1;0;0;0;13;1;0;25
G1;81500100001;Execução Judicial;202602;1;0;0;7;53;6;7;77
G1;81500100001;Execução de Título Extrajudicial;202603;0;0;0;2;13;1;0;26
G1;81500100001;Conhecimento;202603;17;2;1;40;278;33;13;314
G1;81500100001;Execução Judicial;202603;5;2;0;15;56;8;5;87
G1;81500100001;Conhecimento;202604;9;3;0;32;273;36;12;321
G1;81500100001;Execução de Título Extrajudicial;202604;3;0;0;2;15;1;0;27
G1;81500100001;Execução Judicial;202604;4;0;0;7;57;8;4;87
G1;81500100001;Execução de Título Extrajudicial;202605;2;0;0;1;15;1;0;25
G1;81500100001;Conhecimento;202605;8;2;1;29;256;36;12;330
G1;81500100001;Execução Judicial;202605;5;2;0;6;53;10;4;86
G1;81500100001;Conhecimento;202606;24;3;2;30;261;34;13;336
G1;81500100001;Execução de Título Extrajudicial;202606;2;0;0;2;16;1;0;26
G1;81500100001;Execução Judicial;202606;5;0;0;11;52;9;3;91
G1;81500100002;Conhecimento;202301;12;0;0;19;12;0;0;19
G1;81500100002;Execução Judicial;202301;0;0;0;0;0;0;0;0
G1;81500100002;Execução Judicial;202302;3;0;0;0;3;0;0;0
G1;81500100002;Conhecimento;202302;14;1;3;23;26;1;3;42
G1;81500100002;Conhecimento;202303;24;3;2;29;50;4;5;71
G1;81500100002;Execução Judicial;202303;0;0;0;0;3;0;0;0
G1;81500100002;Execução Judicial;202304;0;0;0;0;3;0;0;0
G1;81500100002;Conhecimento;202304;30;1;2;15;80;5;7;86
G1;81500100002;Conhecimento;202305;24;4;1;20;104;9;8;106
G1;81500100002;Execução Judicial;202305;0;0;0;0;3;0;0;0
G1;81500100002;Conhecimento;202306;21;3;2;13;125;12;10;119
G1;81500100002;Execução Judicial;202306;4;0;0;0;7;0;0;0
G1;81500100002;Conhecimento;202307;18;1;0;25;143;13;10;144
G1;81500100002;Execução Judicial;202307;0;0;0;0;7;0;0;0
G1;81500100002;Conhecimento;202308;17;4;2;21;160;17;12;165
G1;81500100002;Execução Judicial;202308;0;0;0;0;7;0;0;0
G1;81500100002;Execução Judicial;202309;1;0;0;0;8;0;0;0
G1;81500100002;Conhecimento;202309;4;3;4;28;164;20;16;193
G1;81500100002;Conhecimento;202310;8;5;2;33;172;25;18;226
G1;81500100002;Conhecimento;202311;18;5;6;38;190;30;24;264
G1;81500100002;Conhecimento;202312;63;3;1;23;253;33;25;287
G1;81500100002;Conhecimento;202401;1;4;4;16;242;37;29;284
G1;81500100002;Conhecimento;202402;5;0;1;25;233;36;27;286
G1;81500100002;Conhecimento;202403;4;2;0;23;213;35;25;280
G1;81500100002;Conhecimento;202404;16;4;5;33;199;38;28;298
G1;81500100002;Conhecimento;202405;18;5;4;34;193;39;31;312
G1;81500100002;Conhecimento;202406;19;7;4;13;191;43;33;312
G1;81500100002;Conhecimento;202407;27;2;1;40;200;44;34;327
G1;81500100002;Conhecimento;202408;16;7;5;37;199;47;37;343
G1;81500100002;Conhecimento;202409;11;2;1;22;206;46;34;337
G1;81500100002;Conhecimento;202410;14;5;2;25;212;46;34;329
G1;81500100002;Conhecimento;202411;53;2;1;11;247;43;29;302
G1;81500100002;Conhecimento;202412;12;2;0;14;196;42;28;293
G1;81500100002;Conhecimento;202501;5;7;0;24;200;45;24;301
G1;81500100002;Conhecimento;202502;11;7;0;27;206;52;23;303
G1;81500100002;Conhecimento;202503;10;7;2;30;212;57;25;310
G1;81500100002;Conhecimento;202504;8;2;0;11;204;55;20;288
G1;81500100002;Conhecimento;202505;19;1;2;14;205;51;18;268
G1;81500100002;Conhecimento;202506;15;2;1;24;201;46;15;279
G1;81500100002;Conhecimento;202507;36;3;1;29;210;47;15;268
G1;81500100002;Conhecimento;202508;15;11;3;10;209;51;13;241
G1;81500100002;Conhecimento;202509;34;3;0;9;232;52;12;228
G1;81500100002;Conhecimento;202510;5;7;1;20;223;54;11;223
G1;81500100002;Conhecimento;202511;9;5;0;24;179;57;10;236
G1;81500100002;Conhecimento;202512;1;4;0;15;168;59;10;237
G1;81500100002;Conhecimento;202601;1;9;1;28;164;61;11;241
G1;81500100002;Conhecimento;202602;15;4;1;22;168;58;12;236
G1;81500100002;Conhecimento;202603;19;8;0;30;177;59;10;236
G1;81500100002;Conhecimento;202604;5;1;0;13;174;58;10;238
G1;81500100002;Conhecimento;202605;24;1;3;12;179;58;11;236
G1;81500100002;Conhecimento;202606;2;0;2;8;166;56;12;220
G1;81500100003;Conhecimento;202508;0;0;0;1;0;0;0;1
G1;81500100003;Conhecimento;202509;0;0;1;0;0;0;1;1
G1;81500100003;Execução de Título Extrajudicial;202512;0;0;0;1;0;0;0;1
G1;81500100003;Execução de Título Extrajudicial;202601;0;0;1;0;0;0;1;1
G1;81500100004;Conhecimento;202303;0;0;1;1;0;0;1;1
G1;81500100004;Conhecimento;202304;0;0;0;1;0;0;1;2
G1;81500100004;Conhecimento;202306;0;1;2;1;0;1;3;3
G1;81500100004;Conhecimento;202308;0;0;1;0;0;1;4;3
G1;81500100004;Conhecimento;202310;0;0;1;0;0;1;5;3
G1;81500100004;Conhecimento;202401;0;0;0;1;0;1;5;4
G1;81500100004;Conhecimento;202402;0;1;0;0;0;2;5;4
G1;81500100004;Conhecimento;202403;0;0;1;1;0;2;5;4
G1;81500100004;Conhecimento;202405;0;0;1;0;0;2;6;3
G1;81500100004;Conhecimento;202411;0;0;1;0;0;1;3;2
G1;81500100004;Conhecimento;202412;0;0;0;1;0;1;3;3
G1;81500100004;Conhecimento;202502;0;0;1;0;0;0;4;2
G1;81500100004;Conhecimento;202504;0;1;0;0;0;1;3;1
G1;81500100004;Conhecimento;202508;0;0;3;0;0;1;5;1
G1;81500100004;Conhecimento;202510;0;1;0;0;0;2;5;1
G1;81500100004;Conhecimento;202512;0;0;0;1;0;2;4;1
G1;81500100004;Conhecimento;202602;0;0;1;0;0;2;4;1
G1;81500100004;Conhecimento;202603;0;0;1;0;0;2;5;1
G1;81510050001;Conhecimento;202301;7;0;0;16;7;0;0;16
G1;81510050001;Execução de Título Extrajudicial;202301;1;0;0;5;1;0;0;5
G1;81510050001;Execução Judicial;202301;3;0;0;4;3;0;0;4
G1;81510050001;Execução Judicial;202302;9;0;1;11;12;0;1;15
G1;81510050001;Conhecimento;202302;8;0;0;21;15;0;0;37
G1;81510050001;Execução de Título Extrajudicial;202302;0;0;0;1;1;0;0;6
G1;81510050001;Execução Judicial;202303;2;1;0;10;14;1;1;25
G1;81510050001;Conhecimento;202303;7;0;0;27;22;0;0;64
G1;81510050001;Execução de Título Extrajudicial;202303;0;0;0;1;1;0;0;7
G1;81510050001;Execução de Título Extrajudicial;202304;2;0;0;1;3;0;0;8
G1;81510050001;Conhecimento;202304;28;1;1;24;50;1;1;88
G1;81510050001;Execução Judicial;202304;5;0;0;1;19;1;1;26
G1;81510050001;Conhecimento;202305;10;1;1;41;60;2;2;129
G1;81510050001;Execução Judicial;202305;8;0;0;7;27;1;1;33
G1;81510050001;Execução de Título Extrajudicial;202305;0;0;0;3;3;0;0;11
G1;81510050001;Execução Judicial;202306;5;0;0;7;32;1;1;40
G1;81510050001;Execução de Título Extrajudicial;202306;1;0;0;1;4;0;0;12
G1;81510050001;Conhecimento;202306;9;4;1;22;69;6;3;151
G1;81510050001;Execução de Título Extrajudicial;202307;0;0;0;4;4;0;0;16
G1;81510050001;Execução Judicial;202307;4;1;0;3;36;2;1;43
G1;81510050001;Conhecimento;202307;20;0;1;23;89;6;4;174
G1;81510050001;Execução Judicial;202308;6;0;0;14;42;2;1;57
G1;81510050001;Conhecimento;202308;14;4;0;34;103;10;4;208
G1;81510050001;Execução de Título Extrajudicial;202308;0;0;0;8;4;0;0;24
G1;81510050001;Execução de Título Extrajudicial;202309;0;0;0;0;4;0;0;24
G1;81510050001;Execução Judicial;202309;4;0;0;4;46;2;1;61
G1;81510050001;Conhecimento;202309;16;0;0;23;119;10;4;231
G1;81510050001;Conhecimento;202310;30;2;1;21;149;12;5;252
G1;81510050001;Execução Judicial;202310;1;0;0;5;47;2;1;66
G1;81510050001;Execução de Título Extrajudicial;202310;1;0;0;1;5;0;0;25
G1;81510050001;Conhecimento;202311;23;1;0;20;172;13;5;272
G1;81510050001;Execução Judicial;202311;7;2;1;9;54;4;2;75
G1;81510050001;Execução de Título Extrajudicial;202311;0;0;0;1;5;0;0;26
G1;81510050001;Conhecimento;202312;54;2;2;14;226;15;7;286
G1;81510050001;Execução Judicial;202312;11;4;4;8;65;8;6;83
G1;81510050001;Execução de Título Extrajudicial;202312;3;0;0;1;8;0;0;27
G1;81510050001;Execução de Título Extrajudicial;202401;0;0;0;3;7;0;0;25
G1;81510050001;Execução Judicial;202401;3;0;0;1;65;8;6;80
G1;81510050001;Conhecimento;202401;2;3;0;20;221;18;7;290
G1;81510050001;Execução de Título Extrajudicial;202402;1;0;0;0;8;0;0;24
G1;81510050001;Execução Judicial;202402;8;1;1;6;64;9;6;75
G1;81510050001;Conhecimento;202402;18;3;2;13;231;21;9;282
G1;81510050001;Execução de Título Extrajudicial;202403;0;0;0;2;8;0;0;25
G1;81510050001;Conhecimento;202403;18;3;3;17;242;24;12;272
G1;81510050001;Execução Judicial;202403;6;0;0;7;68;8;6;72
G1;81510050001;Execução Judicial;202404;14;0;1;6;77;8;7;77
G1;81510050001;Execução de Título Extrajudicial;202404;2;0;0;0;8;0;0;24
G1;81510050001;Conhecimento;202404;28;3;2;24;242;26;13;272
G1;81510050001;Execução Judicial;202405;7;0;0;10;76;8;7;80
G1;81510050001;Execução de Título Extrajudicial;202405;5;0;0;0;13;0;0;21
G1;81510050001;Conhecimento;202405;23;1;0;17;255;26;12;248
G1;81510050001;Execução de Título Extrajudicial;202406;3;0;0;1;15;0;0;21
G1;81510050001;Conhecimento;202406;42;1;0;27;288;23;11;253
G1;81510050001;Execução Judicial;202406;9;0;0;7;80;8;7;80
G1;81510050001;Execução Judicial;202407;12;1;1;7;88;8;8;84
G1;81510050001;Conhecimento;202407;37;2;2;21;305;25;12;251
G1;81510050001;Execução de Título Extrajudicial;202407;2;0;0;1;17;0;0;18
G1;81510050001;Execução Judicial;202408;10;0;0;5;92;8;8;75
G1;81510050001;Execução de Título Extrajudicial;202408;0;0;0;1;17;0;0;11
G1;81510050001;Conhecimento;202408;12;1;0;40;303;22;12;257
G1;81510050001;Conhecimento;202409;31;1;1;24;318;23;13;258
G1;81510050001;Execução de Título Extrajudicial;202409;0;0;0;2;17;0;0;13
G1;81510050001;Execução Judicial;202409;11;0;0;7;99;8;8;78
G1;81510050001;Execução de Título Extrajudicial;202410;0;0;0;4;16;0;0;16
G1;81510050001;Execução Judicial;202410;6;0;0;8;104;8;8;81
G1;81510050001;Conhecimento;202410;15;1;0;24;303;22;12;261
G1;81510050001;Execução Judicial;202411;6;0;0;6;103;6;7;78
G1;81510050001;Execução de Título Extrajudicial;202411;1;0;0;1;17;0;0;16
G1;81510050001;Conhecimento;202411;29;1;0;26;309;22;12;267
G1;81510050001;Execução de Título Extrajudicial;202412;2;0;0;0;16;0;0;15
G1;81510050001;Conhecimento;202412;24;3;0;17;279;23;10;270
G1;81510050001;Execução Judicial;202412;9;0;1;6;101;2;4;76
G1;81510050001;Execução Judicial;202501;8;1;1;4;106;3;5;79
G1;81510050001;Execução de Título Extrajudicial;202501;1;0;0;4;17;0;0;16
G1;81510050001;Conhecimento;202501;17;1;1;22;294;21;11;272
G1;81510050001;Execução Judicial;202502;14;1;0;7;112;3;4;80
G1;81510050001;Execução de Título Extrajudicial;202502;2;0;0;1;18;0;0;17
G1;81510050001;Conhecimento;202502;34;2;2;23;310;20;11;282
G1;81510050001;Conhecimento;202503;24;1;1;19;316;18;9;284
G1;81510050001;Execução de Título Extrajudicial;202503;3;0;0;1;21;0;0;16
G1;81510050001;Execução Judicial;202503;10;1;1;9;116;4;5;82
G1;81510050001;Execução Judicial;202504;4;0;0;9;106;4;4;85
G1;81510050001;Conhecimento;202504;25;2;1;17;313;17;8;277
G1;81510050001;Execução de Título Extrajudicial;202504;2;0;0;1;21;0;0;17
G1;81510050001;Execução de Título Extrajudicial;202505;1;0;0;2;17;0;0;19
G1;81510050001;Execução Judicial;202505;11;0;1;16;110;4;5;91
G1;81510050001;Conhecimento;202505;15;1;0;24;305;17;8;284
G1;81510050001;Conhecimento;202506;20;4;2;23;283;20;10;280
G1;81510050001;Execução de Título Extrajudicial;202506;1;0;0;2;15;0;0;20
G1;81510050001;Execução Judicial;202506;13;2;1;9;114;6;6;93
G1;81510050001;Conhecimento;202507;14;0;0;27;260;18;8;286
G1;81510050001;Execução de Título Extrajudicial;202507;2;0;0;1;15;0;0;20
G1;81510050001;Execução Judicial;202507;8;1;0;3;110;6;5;89
G1;81510050001;Execução de Título Extrajudicial;202508;0;0;0;2;15;0;0;21
G1;81510050001;Conhecimento;202508;19;1;1;13;267;18;9;259
G1;81510050001;Execução Judicial;202508;10;0;0;5;110;6;5;89
G1;81510050001;Execução Judicial;202509;7;1;0;7;106;7;5;89
G1;81510050001;Execução de Título Extrajudicial;202509;5;0;0;1;20;0;0;20
G1;81510050001;Conhecimento;202509;34;1;0;21;270;18;8;256
G1;81510050001;Execução de Título Extrajudicial;202510;0;0;0;3;20;0;0;19
G1;81510050001;Execução Judicial;202510;9;1;0;7;109;8;5;88
G1;81510050001;Conhecimento;202510;19;0;2;25;274;17;10;257
G1;81510050001;Execução Judicial;202511;8;1;0;6;111;9;5;88
G1;81510050001;Execução de Título Extrajudicial;202511;0;0;0;0;19;0;0;18
G1;81510050001;Conhecimento;202511;16;4;2;17;261;20;12;248
G1;81510050001;Execução Judicial;202512;5;0;0;10;107;9;4;92
G1;81510050001;Execução de Título Extrajudicial;202512;0;0;0;3;17;0;0;21
G1;81510050001;Conhecimento;202512;21;1;0;16;258;18;12;247
G1;81510050001;Execução Judicial;202601;1;0;1;10;100;8;4;98
G1;81510050001;Conhecimento;202601;6;0;0;36;247;17;11;261
G1;81510050001;Execução de Título Extrajudicial;202601;0;0;0;1;16;0;0;18
G1;81510050001;Execução de Título Extrajudicial;202602;0;0;0;2;14;0;0;19
G1;81510050001;Execução Judicial;202602;4;1;2;7;90;8;6;98
G1;81510050001;Conhecimento;202602;19;1;0;17;232;16;9;255
G1;81510050001;Execução Judicial;202603;5;0;0;15;85;7;5;104
G1;81510050001;Conhecimento;202603;19;0;0;36;227;15;8;272
G1;81510050001;Execução de Título Extrajudicial;202603;2;0;0;1;13;0;0;19
G1;81510050001;Execução Judicial;202604;8;1;0;6;89;8;5;101
G1;81510050001;Execução de Título Extrajudicial;202604;0;0;0;1;11;0;0;19
G1;81510050001;Conhecimento;202604;17;0;1;22;219;13;8;277
G1;81510050001;Conhecimento;202605;39;0;0;18;243;12;8;271
G1;81510050001;Execução Judicial;202605;8;0;0;11;86;8;4;96
G1;81510050001;Execução de Título Extrajudicial;202605;1;0;0;3;11;0;0;20
G1;81510050001;Execução de Título Extrajudicial;202606;3;0;0;0;13;0;0;18
G1;81510050001;Conhecimento;202606;40;1;0;18;263;9;6;266
G1;81510050001;Execução Judicial;202606;6;0;0;6;79;6;3;93
G1;81510050002;Conhecimento;202301;8;0;0;4;8;0;0;4
G1;81510050002;Execução Judicial;202302;0;0;0;0;0;0;0;0
G1;81510050002;Conhecimento;202302;4;4;4;19;12;4;4;23
G1;81510050002;Execução Judicial;202303;0;0;0;0;0;0;0;0
G1;81510050002;Conhecimento;202303;18;3;3;13;30;7;7;36
G1;81510050002;Conhecimento;202304;18;2;2;14;48;9;9;50
G1;81510050002;Conhecimento;202305;14;1;1;13;62;10;10;63
G1;81510050002;Conhecimento;202306;6;4;4;17;68;14;14;80
G1;81510050002;Conhecimento;202307;11;2;2;12;79;16;16;92
G1;81510050002;Conhecimento;202308;12;2;1;13;91;18;17;105
G1;81510050002;Conhecimento;202309;13;3;3;11;104;21;20;116
G1;81510050002;Conhecimento;202310;3;7;5;10;107;28;25;126
G1;81510050002;Conhecimento;202311;16;2;2;13;123;30;27;139
G1;81510050002;Conhecimento;202312;40;5;5;14;163;35;32;153
G1;81510050002;Conhecimento;202401;3;2;2;4;158;37;34;153
G1;81510050002;Conhecimento;202402;6;3;3;13;160;36;33;147
G1;81510050002;Conhecimento;202403;9;1;1;6;151;34;31;140
G1;81510050002;Conhecimento;202404;14;3;3;11;147;35;32;137
G1;81510050002;Conhecimento;202405;9;3;3;12;142;37;34;136
G1;81510050002;Conhecimento;202406;7;3;1;7;143;36;31;126
G1;81510050002;Conhecimento;202407;18;2;4;11;150;36;33;125
G1;81510050002;Conhecimento;202408;3;1;1;7;141;35;33;119
G1;81510050002;Conhecimento;202409;12;2;1;6;140;34;31;114
G1;81510050002;Conhecimento;202410;6;1;1;7;143;28;27;111
G1;81510050002;Conhecimento;202411;6;1;1;12;133;27;26;110
G1;81510050002;Conhecimento;202412;16;4;1;5;109;26;22;101
G1;81510050002;Conhecimento;202501;8;4;0;12;114;28;20;109
G1;81510050002;Conhecimento;202502;9;3;1;13;117;28;18;109
G1;81510050002;Conhecimento;202503;3;3;0;6;111;30;17;109
G1;81510050002;Conhecimento;202504;9;2;0;6;106;29;14;104
G1;81510050002;Conhecimento;202505;10;6;2;7;107;32;13;99
G1;81510050002;Conhecimento;202506;4;3;0;5;104;32;12;97
G1;81510050002;Conhecimento;202507;8;0;0;5;94;30;8;91
G1;81510050002;Conhecimento;202508;9;2;0;13;100;31;7;97
G1;81510050002;Conhecimento;202509;8;2;0;7;96;31;6;98
G1;81510050002;Conhecimento;202510;5;2;0;5;95;32;5;96
G1;81510050002;Conhecimento;202511;6;1;0;4;95;32;4;88
G1;81510050002;Conhecimento;202512;9;6;0;6;88;34;3;89
G1;81510050002;Conhecimento;202601;1;2;0;4;81;32;3;81
G1;81510050002;Conhecimento;202602;9;7;1;8;81;36;3;76
G1;81510050002;Conhecimento;202603;16;3;0;17;94;36;3;87
G1;81510050002;Conhecimento;202604;4;5;2;12;89;39;5;93
G1;81510050002;Conhecimento;202605;11;1;0;7;90;34;3;93
G1;81510050002;Conhecimento;202606;8;0;0;7;94;31;3;95
G1;81510050003;Conhecimento;202304;0;0;0;1;0;0;0;1
G1;81510050003;Conhecimento;202412;0;0;1;0;0;0;1;0
G1;81510050003;Conhecimento;202503;0;0;0;1;0;0;1;1
G1;81510050003;Conhecimento;202512;0;0;1;0;0;0;1;1
G1;81510050004;Conhecimento;202311;0;0;0;1;0;0;0;1
G1;81510050004;Conhecimento;202502;0;0;0;2;0;0;0;2
G1;81510050004;Conhecimento;202503;0;0;1;0;0;0;1;2
G1;81510050004;Conhecimento;202506;0;0;2;0;0;0;3;2
G1;81520120001;Execução de Título Extrajudicial;202301;0;0;0;2;0;0;0;2
G1;81520120001;Conhecimento;202301;3;2;1;17;3;2;1;17
G1;81520120001;Execução Judicial;202301;2;0;0;0;2;0;0;0
G1;81520120001;Conhecimento;202302;11;0;0;9;14;2;1;26
G1;81520120001;Execução Judicial;202302;5;0;0;4;7;0;0;4
G1;81520120001;Execução de Título Extrajudicial;202302;1;0;0;3;1;0;0;5
G1;81520120001;Execução Judicial;202303;1;1;1;10;8;1;1;14
G1;81520120001;Conhecimento;202303;4;8;0;41;18;10;1;67
G1;81520120001;Execução de Título Extrajudicial;202303;1;0;0;1;2;0;0;6
G1;81520120001;Execução de Título Extrajudicial;202304;0;0;0;0;2;0;0;6
G1;81520120001;Conhecimento;202304;10;0;7;8;28;10;8;75
G1;81520120001;Execução Judicial;202304;5;1;0;4;13;2;1;18
G1;81520120001;Execução Judicial;202305;1;1;1;5;14;3;2;23
G1;81520120001;Conhecimento;202305;13;1;1;9;41;11;9;84
G1;81520120001;Execução de Título Extrajudicial;202305;1;0;0;0;3;0;0;6
G1;81520120001;Conhecimento;202306;11;2;0;2;52;13;9;86
G1;81520120001;Execução de Título Extrajudicial;202306;0;0;0;1;3;0;0;7
G1;81520120001;Execução Judicial;202306;3;1;0;8;17;4;2;31
G1;81520120001;Execução Judicial;202307;2;1;1;9;19;5;3;40
G1;81520120001;Execução de Título Extrajudicial;202307;0;0;0;1;3;0;0;8
G1;81520120001;Conhecimento;202307;12;3;2;26;64;16;11;112
G1;81520120001;Execução de Título Extrajudicial;202308;0;0;0;1;3;0;0;9
G1;81520120001;Execução Judicial;202308;0;1;1;9;19;6;4;49
G1;81520120001;Conhecimento;202308;11;1;4;20;75;17;15;132
G1;81520120001;Conhecimento;202309;5;3;1;18;80;20;16;150
G1;81520120001;Execução Judicial;202309;0;0;1;5;19;6;5;54
G1;81520120001;Execução de Título Extrajudicial;202309;1;1;1;2;4;1;1;11
G1;81520120001;Execução Judicial;202310;5;0;0;0;24;6;5;54
G1;81520120001;Execução de Título Extrajudicial;202310;2;0;0;0;6;1;1;11
G1;81520120001;Conhecimento;202310;15;7;5;16;95;27;21;166
G1;81520120001;Execução de Título Extrajudicial;202311;3;0;0;3;9;1;1;14
G1;81520120001;Conhecimento;202311;26;3;3;13;121;30;24;179
G1;81520120001;Execução Judicial;202311;18;0;0;10;42;6;5;64
G1;81520120001;Conhecimento;202312;54;2;1;7;175;32;25;186
G1;81520120001;Execução Judicial;202312;17;5;5;12;59;11;10;76
G1;81520120001;Execução de Título Extrajudicial;202312;6;0;0;2;15;1;1;16
G1;81520120001;Execução de Título Extrajudicial;202401;1;0;0;2;16;1;1;16
G1;81520120001;Conhecimento;202401;2;2;3;18;174;32;27;187
G1;81520120001;Execução Judicial;202401;2;0;0;2;59;11;10;78
G1;81520120001;Execução Judicial;202402;2;0;0;9;56;11;10;83
G1;81520120001;Execução de Título Extrajudicial;202402;9;0;1;4;24;1;2;17
G1;81520120001;Conhecimento;202402;2;3;1;16;165;35;28;194
G1;81520120001;Execução Judicial;202403;1;0;0;10;56;10;9;83
G1;81520120001;Conhecimento;202403;9;4;3;25;170;31;31;178
G1;81520120001;Execução de Título Extrajudicial;202403;2;1;1;0;25;2;3;16
G1;81520120001;Conhecimento;202404;35;5;1;18;195;36;25;188
G1;81520120001;Execução Judicial;202404;8;1;1;13;59;10;10;92
G1;81520120001;Execução de Título Extrajudicial;202404;0;0;0;1;25;2;3;17
G1;81520120001;Execução Judicial;202405;11;1;1;5;69;10;10;92
G1;81520120001;Conhecimento;202405;26;1;4;18;208;36;28;197
G1;81520120001;Execução de Título Extrajudicial;202405;0;0;0;0;24;2;3;17
G1;81520120001;Conhecimento;202406;31;0;0;18;228;34;28;213
G1;81520120001;Execução de Título Extrajudicial;202406;8;0;0;0;32;2;3;16
G1;81520120001;Execução Judicial;202406;12;0;0;6;78;9;10;90
G1;81520120001;Execução Judicial;202407;7;1;0;3;83;9;9;84
G1;81520120001;Execução de Título Extrajudicial;202407;9;0;0;1;41;2;3;16
G1;81520120001;Conhecimento;202407;18;1;0;13;234;32;26;200
G1;81520120001;Execução de Título Extrajudicial;202408;1;0;0;0;42;2;3;15
G1;81520120001;Conhecimento;202408;22;2;1;17;245;33;23;197
G1;81520120001;Execução Judicial;202408;4;0;0;6;87;8;8;81
G1;81520120001;Execução Judicial;202409;17;0;0;7;104;8;7;83
G1;81520120001;Conhecimento;202409;22;0;1;21;262;30;23;200
G1;81520120001;Execução de Título Extrajudicial;202409;1;0;0;0;42;1;2;13
G1;81520120001;Execução Judicial;202410;4;0;0;4;103;8;7;87
G1;81520120001;Execução de Título Extrajudicial;202410;2;0;0;0;42;1;2;13
G1;81520120001;Conhecimento;202410;16;0;0;11;263;23;18;195
G1;81520120001;Execução Judicial;202411;5;0;0;8;90;8;7;85
G1;81520120001;Execução de Título Extrajudicial;202411;2;0;0;0;41;1;2;10
G1;81520120001;Conhecimento;202411;11;2;1;26;248;22;16;208
G1;81520120001;Execução Judicial;202412;16;0;0;1;89;3;2;74
G1;81520120001;Execução de Título Extrajudicial;202412;3;0;0;1;38;1;2;9
G1;81520120001;Conhecimento;202412;29;0;2;17;223;20;17;218
G1;81520120001;Execução de Título Extrajudicial;202501;2;0;0;2;39;1;2;9
G1;81520120001;Execução Judicial;202501;0;0;0;1;87;3;2;73
G1;81520120001;Conhecimento;202501;3;1;0;34;224;19;14;234
G1;81520120001;Execução Judicial;202502;3;0;0;6;88;3;2;70
G1;81520120001;Execução de Título Extrajudicial;202502;0;0;0;1;30;1;1;6
G1;81520120001;Conhecimento;202502;5;1;1;16;227;17;14;234
G1;81520120001;Conhecimento;202503;15;2;1;22;233;15;12;231
G1;81520120001;Execução de Título Extrajudicial;202503;0;0;0;0;28;0;0;6
G1;81520120001;Execução Judicial;202503;2;1;1;9;89;4;3;69
G1;81520120001;Conhecimento;202504;17;4;1;15;215;14;12;228
G1;81520120001;Execução Judicial;202504;7;0;0;1;88;3;2;57
G1;81520120001;Execução de Título Extrajudicial;202504;0;0;0;3;28;0;0;8
G1;81520120001;Conhecimento;202505;30;0;0;26;219;13;8;236
G1;81520120001;Execução de Título Extrajudicial;202505;0;0;0;0;28;0;0;8
G1;81520120001;Execução Judicial;202505;3;0;0;6;80;2;1;58
G1;81520120001;Conhecimento;202506;40;2;1;16;228;15;9;234
G1;81520120001;Execução de Título Extrajudicial;202506;0;0;0;0;20;0;0;8
G1;81520120001;Execução Judicial;202506;12;0;0;10;80;2;1;62
G1;81520120001;Execução de Título Extrajudicial;202507;3;0;0;0;14;0;0;7
G1;81520120001;Conhecimento;202507;38;2;1;15;248;16;10;236
G1;81520120001;Execução Judicial;202507;11;0;1;3;84;1;2;62
G1;81520120001;Execução Judicial;202508;6;1;1;6;86;2;3;62
G1;81520120001;Conhecimento;202508;28;3;1;21;254;17;10;240
G1;81520120001;Execução de Título Extrajudicial;202508;2;1;0;3;15;1;0;10
G1;81520120001;Execução Judicial;202509;10;1;0;7;79;3;3;62
G1;81520120001;Execução de Título Extrajudicial;202509;2;0;0;0;16;1;0;10
G1;81520120001;Conhecimento;202509;31;1;3;29;263;18;12;248
G1;81520120001;Execução Judicial;202510;11;0;0;12;86;3;3;70
G1;81520120001;Conhecimento;202510;23;1;1;35;270;19;13;272
G1;81520120001;Execução de Título Extrajudicial;202510;3;0;0;1;17;1;0;11
G1;81520120001;Execução de Título Extrajudicial;202511;0;0;0;0;15;1;0;11
G1;81520120001;Execução Judicial;202511;11;0;0;2;92;3;3;64
G1;81520120001;Conhecimento;202511;22;1;0;23;281;18;12;269
G1;81520120001;Execução de Título Extrajudicial;202512;0;0;0;2;12;1;0;12
G1;81520120001;Conhecimento;202512;8;1;0;21;260;19;10;273
G1;81520120001;Execução Judicial;202512;4;0;0;2;80;3;3;65
G1;81520120001;Execução Judicial;202601;6;0;0;4;86;3;3;68
G1;81520120001;Execução de Título Extrajudicial;202601;2;0;0;5;12;1;0;15
G1;81520120001;Conhecimento;202601;16;0;0;29;273;18;10;268
G1;81520120001;Conhecimento;202602;15;0;0;28;283;17;9;280
G1;81520120001;Execução Judicial;202602;4;0;0;6;87;3;3;68
G1;81520120001;Execução de Título Extrajudicial;202602;1;0;0;2;13;1;0;16
G1;81520120001;Execução de Título Extrajudicial;202603;2;0;0;1;15;1;0;17
G1;81520120001;Execução Judicial;202603;6;2;0;9;91;4;2;68
G1;81520120001;Conhecimento;202603;22;1;1;32;290;16;9;290
G1;81520120001;Execução Judicial;202604;3;0;0;3;87;4;2;70
G1;81520120001;Conhecimento;202604;14;1;1;24;287;13;9;299
G1;81520120001;Execução de Título Extrajudicial;202604;3;0;0;3;18;1;0;17
G1;81520120001;Execução Judicial;202605;2;0;0;6;86;4;2;70
G1;81520120001;Execução de Título Extrajudicial;202605;0;0;0;0;18;1;0;17
G1;81520120001;Conhecimento;202605;19;3;0;44;276;16;9;317
G1;81520120001;Execução de Título Extrajudicial;202606;2;0;0;0;20;1;0;17
G1;81520120001;Conhecimento;202606;26;0;1;47;262;14;9;348
G1;81520120001;Execução Judicial;202606;5;1;0;11;79;5;2;71
G1;81520120002;Conhecimento;202301;2;2;2;19;2;2;2;19
G1;81520120002;Execução Judicial;202301;0;0;0;0;0;0;0;0
G1;81520120002;Execução Judicial;202302;0;0;0;0;0;0;0;0
G1;81520120002;Conhecimento;202302;2;3;3;11;4;5;5;30
G1;81520120002;Execução Judicial;202303;0;0;0;0;0;0;0;0
G1;81520120002;Conhecimento;202303;4;23;3;8;8;28;8;38
G1;81520120002;Conhecimento;202304;6;6;5;12;14;34;13;50
G1;81520120002;Execução Judicial;202304;0;0;0;0;0;0;0;0
G1;81520120002;Conhecimento;202305;5;2;2;15;19;36;15;65
G1;81520120002;Execução Judicial;202305;0;0;0;0;0;0;0;0
G1;81520120002;Execução Judicial;202306;0;0;0;0;0;0;0;0
G1;81520120002;Conhecimento;202306;22;0;0;10;41;36;15;75
G1;81520120002;Execução Judicial;202307;0;0;0;0;0;0;0;0
G1;81520120002;Conhecimento;202307;2;4;3;21;43;40;18;96
G1;81520120002;Conhecimento;202308;0;2;4;17;43;42;22;113
G1;81520120002;Execução Judicial;202308;0;0;0;0;0;0;0;0
G1;81520120002;Conhecimento;202309;9;2;1;13;52;44;23;126
G1;81520120002;Execução Judicial;202309;0;0;0;0;0;0;0;0
G1;81520120002;Execução Judicial;202310;1;0;0;0;1;0;0;0
G1;81520120002;Conhecimento;202310;14;1;1;17;66;45;24;143
G1;81520120002;Execução Judicial;202311;0;0;0;0;1;0;0;0
G1;81520120002;Conhecimento;202311;5;0;1;34;71;45;25;177
G1;81520120002;Conhecimento;202312;80;9;3;11;151;54;28;188
G1;81520120002;Execução Judicial;202312;0;0;0;0;1;0;0;0
G1;81520120002;Execução Judicial;202401;0;0;0;0;1;0;0;0
G1;81520120002;Conhecimento;202401;2;4;4;21;151;56;30;190
G1;81520120002;Execução Judicial;202402;0;0;0;0;1;0;0;0
G1;81520120002;Conhecimento;202402;3;3;4;18;152;56;31;197
G1;81520120002;Execução Judicial;202403;0;0;0;0;1;0;0;0
G1;81520120002;Conhecimento;202403;22;2;2;30;170;35;30;219
G1;81520120002;Conhecimento;202404;51;3;3;18;215;32;28;225
G1;81520120002;Execução Judicial;202404;0;0;0;0;1;0;0;0
G1;81520120002;Execução Judicial;202405;0;0;0;0;1;0;0;0
G1;81520120002;Conhecimento;202405;16;5;4;15;226;35;30;225
G1;81520120002;Conhecimento;202406;7;1;0;26;211;36;30;241
G1;81520120002;Execução Judicial;202406;0;0;0;0;1;0;0;0
G1;81520120002;Conhecimento;202407;37;2;1;33;246;34;28;253
G1;81520120002;Execução Judicial;202407;0;0;0;0;1;0;0;0
G1;81520120002;Execução Judicial;202408;0;0;0;0;1;0;0;0
G1;81520120002;Conhecimento;202408;7;2;2;20;253;34;26;256
G1;81520120002;Execução Judicial;202409;0;0;0;0;1;0;0;0
G1;81520120002;Conhecimento;202409;2;2;2;28;246;34;27;271
G1;81520120002;Conhecimento;202410;18;1;0;22;250;34;26;276
G1;81520120002;Execução Judicial;202410;0;0;0;0;0;0;0;0
G1;81520120002;Execução Judicial;202411;0;0;0;0;0;0;0;0
G1;81520120002;Conhecimento;202411;38;5;4;9;283;39;29;251
G1;81520120002;Execução Judicial;202412;0;0;0;0;0;0;0;0
G1;81520120002;Conhecimento;202412;18;4;0;8;221;34;26;248
G1;81520120002;Conhecimento;202501;9;7;1;12;228;37;23;239
G1;81520120002;Execução Judicial;202501;0;0;0;0;0;0;0;0
G1;81520120002;Conhecimento;202502;13;5;0;22;238;39;19;243
G1;81520120002;Execução Judicial;202502;2;0;0;0;2;0;0;0
G1;81520120002;Execução Judicial;202503;0;0;0;0;2;0;0;0
G1;81520120002;Conhecimento;202503;28;5;0;7;244;42;17;220
G1;81520120002;Execução Judicial;202504;0;0;0;0;2;0;0;0
G1;81520120002;Conhecimento;202504;21;10;3;7;214;49;17;209
G1;81520120002;Conhecimento;202505;37;4;2;4;235;48;15;198
G1;81520120002;Conhecimento;202506;19;4;1;30;247;51;16;202
G1;81520120002;Conhecimento;202507;19;4;0;13;229;53;15;182
G1;81520120002;Conhecimento;202508;19;5;0;7;241;56;13;169
G1;81520120002;Conhecimento;202509;23;11;2;6;262;65;13;147
G1;81520120002;Conhecimento;202510;7;9;0;12;251;73;13;137
G1;81520120002;Conhecimento;202511;19;4;0;5;232;72;9;133
G1;81520120002;Conhecimento;202512;7;4;1;13;221;72;10;138
G1;81520120002;Conhecimento;202601;7;3;1;7;219;68;10;133
G1;81520120002;Conhecimento;202602;5;2;0;5;211;65;10;116
G1;81520120002;Conhecimento;202603;14;4;0;6;197;64;10;115
G1;81520120002;Conhecimento;202604;10;4;1;12;186;58;8;120
G1;81520120002;Conhecimento;202605;17;1;0;8;166;55;6;124
G1;81520120002;Conhecimento;202606;15;2;1;4;162;53;6;98
G1;81520120003;Conhecimento;202305;0;1;0;0;0;1;0;0
G1;81520120003;Conhecimento;202309;0;0;2;0;0;1;2;0
G1;81520120003;Conhecimento;202409;0;0;0;1;0;0;0;1
G1;81520120003;Conhecimento;202503;0;0;1;0;0;0;1;1
G1;81520120003;Execução de Título Extrajudicial;202504;0;0;0;1;0;0;0;1
G1;81520120003;Execução de Título Extrajudicial;202508;0;0;1;0;0;0;1;1
G1;81520120004;Conhecimento;202301;0;0;0;18;0;0;0;18
G1;81520120004;Conhecimento;202303;0;0;20;6;0;0;20;24
G1;81520120004;Conhecimento;202305;0;0;1;0;0;0;21;24
G1;81520120004;Conhecimento;202307;0;0;0;1;0;0;21;25
G1;81520120004;Conhecimento;202308;0;0;0;1;0;0;21;26
G1;81520120004;Conhecimento;202309;0;0;0;1;0;0;21;27
G1;81520120004;Conhecimento;202310;0;0;0;1;0;0;21;28
G1;81520120004;Conhecimento;202311;0;1;0;0;0;1;21;28
G1;81520120004;Conhecimento;202312;0;0;6;0;0;1;27;28
G1;81520120004;Conhecimento;202401;0;0;0;2;0;1;27;12
G1;81520120004;Conhecimento;202402;0;0;1;0;0;1;28;12
G1;81520120004;Conhecimento;202405;0;0;1;0;0;1;8;6
G1;81520120004;Conhecimento;202406;0;0;0;1;0;1;8;7
G1;81520120004;Conhecimento;202407;0;0;0;1;0;1;8;7
G1;81520120004;Conhecimento;202410;0;0;1;0;0;1;9;4
G1;81520120004;Conhecimento;202411;0;0;0;1;0;0;9;5
G1;81520120004;Conhecimento;202412;0;0;3;0;0;0;6;5
G1;81520120004;Conhecimento;202503;0;0;1;0;0;0;6;3
G1;81520120004;Conhecimento;202504;0;0;2;0;0;0;8;3
G1;81520120004;Conhecimento;202603;0;0;1;0;0;0;3;0
G1;81520120004;Conhecimento;202604;0;0;2;0;0;0;3;0
G1;81520180003;Execução de Título Extrajudicial;202301;0;0;0;0;0;0;0;0
G1;81520180003;Conhecimento;202301;0;0;0;12;0;0;0;12
G1;81520180003;Execução Judicial;202301;0;0;0;0;0;0;0;0
G1;81520180003;Execução Judicial;202302;0;0;0;0;0;0;0;0
G1;81520180003;Conhecimento;202302;0;0;0;2;0;0;0;14
G1;81520180003;Execução de Título Extrajudicial;202302;0;0;0;0;0;0;0;0
G1;81520180003;Execução de Título Extrajudicial;202303;0;0;0;0;0;0;0;0
G1;81520180003;Conhecimento;202303;1;1;0;9;1;1;0;23
G1;81520180003;Execução Judicial;202303;2;0;0;0;2;0;0;0
G1;81520180003;Execução de Título Extrajudicial;202304;0;0;0;0;0;0;0;0
G1;81520180003;Conhecimento;202304;0;7;0;1;1;8;0;24
G1;81520180003;Execução Judicial;202304;1;0;0;1;3;0;0;1
G1;81520180003;Execução de Título Extrajudicial;202305;0;0;0;2;0;0;0;2
G1;81520180003;Execução Judicial;202305;1;0;0;1;4;0;0;2
G1;81520180003;Conhecimento;202305;2;0;0;0;3;8;0;24
G1;81520180003;Execução de Título Extrajudicial;202306;0;0;0;0;0;0;0;2
G1;81520180003;Execução Judicial;202306;1;0;0;1;5;0;0;3
G1;81520180003;Conhecimento;202306;3;0;0;1;6;8;0;25
G1;81520180003;Conhecimento;202307;2;5;0;0;8;13;0;25
G1;81520180003;Execução de Título Extrajudicial;202307;0;0;0;0;0;0;0;2
G1;81520180003;Execução Judicial;202307;0;1;0;0;5;1;0;3
G1;81520180003;Conhecimento;202308;2;1;0;4;10;14;0;29
G1;81520180003;Execução Judicial;202308;1;0;0;0;6;1;0;3
G1;81520180003;Execução de Título Extrajudicial;202308;0;0;0;0;0;0;0;2
G1;81520180003;Execução de Título Extrajudicial;202309;0;0;0;0;0;0;0;2
G1;81520180003;Execução Judicial;202309;0;0;0;0;6;1;0;3
G1;81520180003;Conhecimento;202309;0;0;0;3;10;14;0;32
G1;81520180003;Conhecimento;202310;1;5;0;1;11;19;0;33
G1;81520180003;Execução de Título Extrajudicial;202310;0;0;0;0;0;0;0;2
G1;81520180003;Execução Judicial;202310;0;0;0;4;6;1;0;7
G1;81520180003;Execução de Título Extrajudicial;202311;0;0;0;0;0;0;0;2
G1;81520180003;Execução Judicial;202311;0;0;0;0;6;1;0;7
G1;81520180003;Conhecimento;202311;3;2;0;3;14;21;0;36
G1;81520180003;Execução Judicial;202312;0;0;0;0;6;1;0;7
G1;81520180003;Execução de Título Extrajudicial;202312;0;0;0;1;0;0;0;3
G1;81520180003;Conhecimento;202312;0;1;0;1;14;22;0;37
G1;81520180003;Execução Judicial;202401;0;0;0;3;6;1;0;10
G1;81520180003;Conhecimento;202401;10;2;0;1;24;24;0;26
G1;81520180003;Execução de Título Extrajudicial;202401;0;0;0;3;0;0;0;6
G1;81520180003;Execução de Título Extrajudicial;202402;0;1;0;0;0;1;0;6
G1;81520180003;Execução Judicial;202402;0;0;0;1;6;1;0;11
G1;81520180003;Conhecimento;202402;0;0;0;13;24;24;0;37
G1;81520180003;Execução de Título Extrajudicial;202403;0;1;0;0;0;2;0;6
G1;81520180003;Conhecimento;202403;1;3;0;0;24;26;0;28
G1;81520180003;Execução Judicial;202403;0;0;0;0;4;1;0;11
G1;81520180003;Conhecimento;202404;3;0;0;2;27;19;0;29
G1;81520180003;Execução Judicial;202404;0;0;0;0;3;1;0;10
G1;81520180003;Execução de Título Extrajudicial;202404;0;0;0;1;0;2;0;7
G1;81520180003;Execução Judicial;202405;0;0;0;0;2;1;0;9
G1;81520180003;Execução de Título Extrajudicial;202405;1;0;0;0;1;2;0;5
G1;81520180003;Conhecimento;202405;10;2;0;1;35;21;0;30
G1;81520180003;Execução de Título Extrajudicial;202406;1;0;0;2;2;2;0;7
G1;81520180003;Conhecimento;202406;8;0;0;2;40;21;0;31
G1;81520180003;Execução Judicial;202406;2;0;0;1;3;1;0;9
G1;81520180003;Conhecimento;202407;4;1;0;2;42;17;0;33
G1;81520180003;Execução Judicial;202407;1;0;0;3;4;0;0;12
G1;81520180003;Execução de Título Extrajudicial;202407;0;0;0;1;2;2;0;8
G1;81520180003;Conhecimento;202408;1;0;0;2;41;16;0;31
G1;81520180003;Execução de Título Extrajudicial;202408;1;0;0;1;3;2;0;9
G1;81520180003;Execução Judicial;202408;0;0;0;1;3;0;0;13
G1;81520180003;Execução Judicial;202409;1;0;0;0;4;0;0;13
G1;81520180003;Execução de Título Extrajudicial;202409;1;0;0;0;4;2;0;9
G1;81520180003;Conhecimento;202409;5;0;0;9;46;16;0;37
G1;81520180003;Execução de Título Extrajudicial;202410;0;0;0;0;4;2;0;9
G1;81520180003;Conhecimento;202410;13;0;0;2;58;11;0;38
G1;81520180003;Execução Judicial;202410;1;1;1;7;5;1;1;16
G1;81520180003;Conhecimento;202411;9;0;0;2;64;9;0;37
G1;81520180003;Execução Judicial;202411;1;0;0;0;6;1;1;16
G1;81520180003;Execução de Título Extrajudicial;202411;0;0;0;1;4;2;0;10
G1;81520180003;Execução Judicial;202412;0;0;0;1;6;1;1;17
G1;81520180003;Conhecimento;202412;4;2;0;0;68;10;0;36
G1;81520180003;Execução de Título Extrajudicial;202412;1;0;0;0;5;2;0;9
G1;81520180003;Execução Judicial;202501;0;0;0;1;6;1;1;15
G1;81520180003;Execução de Título Extrajudicial;202501;0;0;0;0;5;2;0;6
G1;81520180003;Conhecimento;202501;0;0;0;2;58;8;0;37
G1;81520180003;Conhecimento;202502;8;0;0;3;66;8;0;27
G1;81520180003;Execução de Título Extrajudicial;202502;0;0;0;0;5;1;0;6
G1;81520180003;Execução Judicial;202502;0;0;0;2;6;1;1;16
G1;81520180003;Execução Judicial;202503;2;0;0;3;8;1;1;19
G1;81520180003;Conhecimento;202503;22;0;0;5;87;5;0;32
G1;81520180003;Execução de Título Extrajudicial;202503;0;0;0;0;5;0;0;6
G1;81520180003;Execução Judicial;202504;0;0;0;1;8;1;1;20
G1;81520180003;Execução de Título Extrajudicial;202504;0;0;0;0;5;0;0;5
G1;81520180003;Conhecimento;202504;4;0;0;2;88;5;0;32
G1;81520180003;Conhecimento;202505;2;0;0;3;80;3;0;34
G1;81520180003;Execução de Título Extrajudicial;202505;0;0;0;0;4;0;0;5
G1;81520180003;Execução Judicial;202505;0;0;0;0;8;1;1;20
G1;81520180003;Execução Judicial;202506;4;0;0;2;10;1;1;21
G1;81520180003;Conhecimento;202506;22;0;0;5;94;3;0;37
G1;81520180003;Execução de Título Extrajudicial;202506;0;0;0;0;3;0;0;3
G1;81520180003;Conhecimento;202507;14;1;0;1;104;3;0;36
G1;81520180003;Execução Judicial;202507;4;1;0;0;13;2;1;18
G1;81520180003;Execução de Título Extrajudicial;202507;0;0;0;0;3;0;0;2
G1;81520180003;Execução de Título Extrajudicial;202508;0;0;0;0;2;0;0;1
G1;81520180003;Execução Judicial;202508;8;0;0;0;21;2;1;17
G1;81520180003;Conhecimento;202508;6;1;0;2;109;4;0;36
G1;81520180003;Execução Judicial;202509;3;1;0;0;23;3;1;17
G1;81520180003;Execução de Título Extrajudicial;202509;1;0;0;4;2;0;0;5
G1;81520180003;Conhecimento;202509;9;2;0;3;113;6;0;30
G1;81520180003;Execução de Título Extrajudicial;202510;0;0;0;0;2;0;0;5
G1;81520180003;Execução Judicial;202510;4;0;0;3;26;2;0;13
G1;81520180003;Conhecimento;202510;8;1;0;2;108;7;0;30
G1;81520180003;Execução Judicial;202511;1;0;0;0;26;2;0;13
G1;81520180003;Execução de Título Extrajudicial;202511;1;0;0;0;3;0;0;4
G1;81520180003;Conhecimento;202511;7;0;0;2;106;7;0;30
G1;81520180003;Conhecimento;202512;9;0;0;0;111;5;0;30
G1;81520180003;Execução de Título Extrajudicial;202512;1;0;0;0;3;0;0;4
G1;81520180003;Execução Judicial;202512;1;0;0;6;27;2;0;18
G1;81520180003;Execução Judicial;202601;0;0;0;0;27;2;0;17
G1;81520180003;Conhecimento;202601;1;0;0;0;112;5;0;28
G1;81520180003;Execução de Título Extrajudicial;202601;0;0;0;0;3;0;0;4
G1;81520180003;Execução de Título Extrajudicial;202602;0;0;0;0;3;0;0;4
G1;81520180003;Execução Judicial;202602;0;0;0;0;27;2;0;15
G1;81520180003;Conhecimento;202602;1;0;0;0;105;5;0;25
G1;81520180003;Conhecimento;202603;5;0;0;0;88;5;0;20
G1;81520180003;Execução Judicial;202603;2;0;0;0;27;2;0;12
G1;81520180003;Execução de Título Extrajudicial;202603;0;0;0;0;3;0;0;4
G1;81520180003;Execução Judicial;202604;1;0;0;1;28;2;0;12
G1;81520180003;Conhecimento;202604;11;0;0;0;95;5;0;18
G1;81520180003;Execução de Título Extrajudicial;202604;1;1;1;0;4;1;1;4
G1;81520180003;Execução Judicial;202605;0;0;0;1;28;2;0;13
G1;81520180003;Execução de Título Extrajudicial;202605;0;0;0;0;4;1;1;4
G1;81520180003;Conhecimento;202605;2;0;0;0;95;5;0;15
G1;81520180003;Conhecimento;202606;7;0;0;0;80;5;0;10
G1;81520180003;Execução de Título Extrajudicial;202606;1;0;0;0;5;1;1;4
G1;81520180003;Execução Judicial;202606;2;0;0;0;26;2;0;11
G1;81520180004;Conhecimento;202301;1;0;0;1;1;0;0;1
G1;81520180004;Conhecimento;202302;0;0;0;6;1;0;0;7
G1;81520180004;Conhecimento;202303;0;0;0;2;1;0;0;9
G1;81520180004;Conhecimento;202304;0;3;0;5;1;3;0;14
G1;81520180004;Conhecimento;202305;2;1;0;4;3;4;0;18
G1;81520180004;Conhecimento;202306;0;0;0;4;3;4;0;22
G1;81520180004;Conhecimento;202307;1;1;0;0;4;5;0;22
G1;81520180004;Conhecimento;202308;1;0;0;13;5;5;0;35
G1;81520180004;Conhecimento;202309;0;1;0;3;5;6;0;38
G1;81520180004;Conhecimento;202310;0;1;0;4;5;7;0;42
G1;81520180004;Conhecimento;202311;1;0;0;9;6;7;0;51
G1;81520180004;Conhecimento;202312;1;0;0;3;7;7;0;54
G1;81520180004;Conhecimento;202401;0;3;0;7;6;10;0;60
G1;81520180004;Conhecimento;202402;1;3;2;1;7;13;2;55
G1;81520180004;Conhecimento;202403;0;1;1;5;7;14;3;58
G1;81520180004;Conhecimento;202404;2;2;1;6;9;13;4;59
G1;81520180004;Conhecimento;202405;2;0;0;4;9;12;4;59
G1;81520180004;Conhecimento;202406;0;0;0;3;9;12;4;58
G1;81520180004;Conhecimento;202407;26;1;1;6;34;12;5;64
G1;81520180004;Conhecimento;202408;5;0;0;2;38;12;5;53
G1;81520180004;Conhecimento;202409;1;0;0;4;39;11;5;54
G1;81520180004;Conhecimento;202410;14;0;0;7;53;10;5;57
G1;81520180004;Conhecimento;202411;8;1;1;2;60;11;6;50
G1;81520180004;Conhecimento;202412;5;0;0;0;64;11;6;47
G1;81520180004;Conhecimento;202501;2;0;0;7;66;8;6;47
G1;81520180004;Conhecimento;202502;3;0;0;1;68;5;4;47
G1;81520180004;Conhecimento;202503;6;0;0;1;74;4;3;43
G1;81520180004;Conhecimento;202504;5;1;0;4;77;3;2;41
G1;81520180004;Conhecimento;202505;8;4;0;2;83;7;2;39
G1;81520180004;Conhecimento;202506;3;1;0;4;86;8;2;40
G1;81520180004;Conhecimento;202507;11;0;0;2;71;7;1;36
G1;81520180004;Conhecimento;202508;4;1;0;3;70;8;1;37
G1;81520180004;Conhecimento;202509;5;2;0;3;74;10;1;36
G1;81520180004;Conhecimento;202510;8;1;0;1;68;11;1;30
G1;81520180004;Conhecimento;202511;8;2;1;2;68;12;1;30
G1;81520180004;Conhecimento;202512;2;2;0;2;65;14;1;32
G1;81520180004;Conhecimento;202601;0;2;0;3;63;16;1;28
G1;81520180004;Conhecimento;202602;2;0;0;0;62;16;1;27
G1;81520180004;Conhecimento;202603;2;0;0;3;58;16;1;29
G1;81520180004;Conhecimento;202604;0;0;0;0;53;15;1;25
G1;81520180004;Conhecimento;202605;1;0;0;0;46;11;1;23
G1;81520180004;Conhecimento;202606;1;0;0;0;44;10;1;19
G1;81520180005;Conhecimento;202308;0;0;1;0;0;0;1;0
G1;81520180006;Conhecimento;202308;0;0;0;1;0;0;0;1
G1;81520180006;Conhecimento;202401;0;0;3;0;0;0;3;1
G1;81520180006;Conhecimento;202410;0;0;0;1;0;0;3;1
G1;81520180006;Conhecimento;202506;0;0;1;0;0;0;1;1
G1;81530130001;Execução de Título Extrajudicial;202301;0;1;1;4;0;1;1;4
G1;81530130001;Conhecimento;202301;12;3;1;98;12;3;1;98
G1;81530130001;Execução Judicial;202301;2;1;1;18;2;1;1;18
G1;81530130001;Conhecimento;202302;125;2;1;58;137;5;2;156
G1;81530130001;Execução Judicial;202302;23;5;1;20;25;6;2;38
G1;81530130001;Execução de Título Extrajudicial;202302;5;0;0;0;5;1;1;4
G1;81530130001;Execução de Título Extrajudicial;202303;2;0;0;2;7;1;1;6
G1;81530130001;Conhecimento;202303;197;7;9;244;334;12;11;400
G1;81530130001;Execução Judicial;202303;75;1;3;38;100;7;5;76
G1;81530130001;Execução de Título Extrajudicial;202304;1;0;0;0;8;1;1;6
G1;81530130001;Execução Judicial;202304;49;0;1;27;149;7;6;103
G1;81530130001;Conhecimento;202304;87;3;1;143;421;15;12;543
G1;81530130001;Execução de Título Extrajudicial;202305;4;0;0;4;12;1;1;10
G1;81530130001;Execução Judicial;202305;23;1;2;26;172;8;8;129
G1;81530130001;Conhecimento;202305;115;2;3;159;536;17;15;702
G1;81530130001;Conhecimento;202306;70;2;1;146;606;19;16;848
G1;81530130001;Execução Judicial;202306;21;0;2;60;193;8;10;189
G1;81530130001;Execução de Título Extrajudicial;202306;0;0;0;5;12;1;1;15
G1;81530130001;Execução de Título Extrajudicial;202307;2;0;0;2;14;1;1;17
G1;81530130001;Execução Judicial;202307;42;0;1;34;235;8;11;223
G1;81530130001;Conhecimento;202307;82;3;2;122;688;22;18;970
G1;81530130001;Execução Judicial;202308;34;0;0;7;269;8;11;230
G1;81530130001;Execução de Título Extrajudicial;202308;1;0;0;3;15;1;1;20
G1;81530130001;Conhecimento;202308;95;1;1;124;783;23;19;1094
G1;81530130001;Execução de Título Extrajudicial;202309;1;1;0;0;16;2;1;20
G1;81530130001;Conhecimento;202309;63;4;0;105;846;27;19;1199
G1;81530130001;Execução Judicial;202309;10;1;3;30;279;9;14;260
G1;81530130001;Conhecimento;202310;86;2;0;165;932;29;19;1364
G1;81530130001;Execução Judicial;202310;27;3;1;44;306;12;15;304
G1;81530130001;Execução de Título Extrajudicial;202310;2;0;0;1;18;2;1;21
G1;81530130001;Conhecimento;202311;93;1;1;88;1025;30;20;1452
G1;81530130001;Execução Judicial;202311;25;0;0;47;331;12;15;351
G1;81530130001;Execução de Título Extrajudicial;202311;2;0;0;2;20;2;1;23
G1;81530130001;Execução de Título Extrajudicial;202312;3;1;0;0;23;3;1;23
G1;81530130001;Execução Judicial;202312;54;2;0;34;385;14;15;385
G1;81530130001;Conhecimento;202312;143;7;4;64;1168;37;24;1516
G1;81530130001;Conhecimento;202401;47;6;7;123;1203;40;30;1541
G1;81530130001;Execução Judicial;202401;12;0;1;30;395;13;15;397
G1;81530130001;Execução de Título Extrajudicial;202401;2;0;0;4;25;2;0;23
G1;81530130001;Execução de Título Extrajudicial;202402;2;0;0;8;22;2;0;31
G1;81530130001;Execução Judicial;202402;24;1;1;25;396;9;15;402
G1;81530130001;Conhecimento;202402;91;2;2;94;1169;40;31;1577
G1;81530130001;Conhecimento;202403;93;2;0;81;1065;35;22;1414
G1;81530130001;Execução Judicial;202403;27;1;0;25;348;9;12;389
G1;81530130001;Execução de Título Extrajudicial;202403;2;0;0;5;22;2;0;34
G1;81530130001;Execução de Título Extrajudicial;202404;0;0;0;14;21;2;0;48
G1;81530130001;Conhecimento;202404;157;1;2;89;1135;33;23;1360
G1;81530130001;Execução Judicial;202404;43;2;1;34;342;11;12;396
G1;81530130001;Execução Judicial;202405;32;2;1;30;351;12;11;400
G1;81530130001;Conhecimento;202405;164;3;1;72;1184;34;21;1273
G1;81530130001;Execução de Título Extrajudicial;202405;2;0;0;2;19;2;0;46
G1;81530130001;Execução Judicial;202406;56;0;0;48;386;12;9;388
G1;81530130001;Conhecimento;202406;235;7;4;166;1349;39;24;1293
G1;81530130001;Execução de Título Extrajudicial;202406;8;0;0;10;27;2;0;51
G1;81530130001;Execução de Título Extrajudicial;202407;2;0;0;5;27;2;0;54
G1;81530130001;Conhecimento;202407;237;7;5;90;1504;43;27;1261
G1;81530130001;Execução Judicial;202407;34;2;1;55;378;14;9;409
G1;81530130001;Execução Judicial;202408;31;0;0;40;375;14;9;442
G1;81530130001;Conhecimento;202408;151;2;2;68;1560;44;28;1205
G1;81530130001;Execução de Título Extrajudicial;202408;2;0;0;7;28;2;0;58
G1;81530130001;Conhecimento;202409;144;1;1;60;1641;41;29;1160
G1;81530130001;Execução Judicial;202409;22;0;0;26;387;13;6;438
G1;81530130001;Execução de Título Extrajudicial;202409;2;0;0;2;29;1;0;60
G1;81530130001;Execução Judicial;202410;49;1;0;41;409;11;5;435
G1;81530130001;Conhecimento;202410;136;2;2;151;1691;41;31;1146
G1;81530130001;Execução de Título Extrajudicial;202410;0;0;0;6;27;1;0;65
G1;81530130001;Execução de Título Extrajudicial;202411;0;0;0;11;25;1;0;74
G1;81530130001;Conhecimento;202411;120;2;1;119;1718;42;31;1177
G1;81530130001;Execução Judicial;202411;38;0;0;18;422;11;5;406
G1;81530130001;Execução de Título Extrajudicial;202412;2;0;0;3;24;0;0;77
G1;81530130001;Conhecimento;202412;248;2;1;117;1823;37;28;1230
G1;81530130001;Execução Judicial;202412;62;1;0;23;430;10;5;395
G1;81530130001;Execução de Título Extrajudicial;202501;0;0;0;14;22;0;0;87
G1;81530130001;Conhecimento;202501;40;0;1;116;1816;31;22;1223
G1;81530130001;Execução Judicial;202501;6;0;0;16;424;10;4;381
G1;81530130001;Execução de Título Extrajudicial;202502;2;0;0;3;22;0;0;82
G1;81530130001;Conhecimento;202502;150;3;1;123;1875;32;21;1252
G1;81530130001;Execução Judicial;202502;53;1;2;26;453;10;5;382
G1;81530130001;Conhecimento;202503;123;2;2;140;1905;32;23;1311
G1;81530130001;Execução Judicial;202503;60;1;1;61;486;10;6;418
G1;81530130001;Execução de Título Extrajudicial;202503;3;0;0;8;23;0;0;85
G1;81530130001;Execução Judicial;202504;45;2;0;49;488;10;5;433
G1;81530130001;Conhecimento;202504;190;2;0;157;1938;33;21;1379
G1;81530130001;Execução de Título Extrajudicial;202504;2;0;0;2;25;0;0;73
G1;81530130001;Conhecimento;202505;114;6;2;127;1888;36;22;1434
G1;81530130001;Execução Judicial;202505;24;0;0;29;480;8;4;432
G1;81530130001;Execução de Título Extrajudicial;202505;9;0;0;3;32;0;0;74
G1;81530130001;Conhecimento;202506;286;3;3;79;1939;32;21;1347
G1;81530130001;Execução de Título Extrajudicial;202506;4;0;0;8;28;0;0;72
G1;81530130001;Execução Judicial;202506;59;3;3;28;483;11;7;412
G1;81530130001;Execução de Título Extrajudicial;202507;10;0;0;2;36;0;0;69
G1;81530130001;Execução Judicial;202507;78;6;0;38;527;15;6;395
G1;81530130001;Conhecimento;202507;175;6;3;162;1877;31;19;1419
G1;81530130001;Execução Judicial;202508;53;1;1;18;549;16;7;373
G1;81530130001;Conhecimento;202508;147;6;2;86;1873;35;19;1437
G1;81530130001;Execução de Título Extrajudicial;202508;7;0;0;10;41;0;0;72
G1;81530130001;Execução Judicial;202509;56;4;0;29;583;20;7;376
G1;81530130001;Execução de Título Extrajudicial;202509;7;0;0;6;46;0;0;76
G1;81530130001;Conhecimento;202509;151;3;0;149;1880;37;18;1526
G1;81530130001;Conhecimento;202510;156;7;0;169;1900;42;16;1544
G1;81530130001;Execução de Título Extrajudicial;202510;3;0;0;3;49;0;0;73
G1;81530130001;Execução Judicial;202510;58;2;2;24;592;21;9;359
G1;81530130001;Conhecimento;202511;173;3;3;109;1953;43;18;1534
G1;81530130001;Execução de Título Extrajudicial;202511;1;0;0;27;50;0;0;89
G1;81530130001;Execução Judicial;202511;27;1;0;42;581;22;9;383
G1;81530130001;Execução Judicial;202512;39;6;0;62;558;27;9;422
G1;81530130001;Execução de Título Extrajudicial;202512;2;0;0;14;50;0;0;100
G1;81530130001;Conhecimento;202512;107;1;0;160;1812;42;17;1577
G1;81530130001;Execução Judicial;202601;46;5;2;35;598;32;11;441
G1;81530130001;Conhecimento;202601;104;8;6;67;1876;50;22;1528
G1;81530130001;Execução de Título Extrajudicial;202601;1;0;0;7;51;0;0;93
G1;81530130001;Execução de Título Extrajudicial;202602;6;0;0;16;55;0;0;106
G1;81530130001;Conhecimento;202602;92;2;2;76;1818;49;23;1481
G1;81530130001;Execução Judicial;202602;26;0;2;31;571;31;11;446
G1;81530130001;Execução Judicial;202603;79;1;0;35;590;31;10;420
G1;81530130001;Execução de Título Extrajudicial;202603;7;0;0;12;59;0;0;110
G1;81530130001;Conhecimento;202603;201;1;1;97;1896;48;22;1438
G1;81530130001;Execução de Título Extrajudicial;202604;1;0;0;10;58;0;0;118
G1;81530130001;Execução Judicial;202604;49;0;0;34;594;29;10;405
G1;81530130001;Conhecimento;202604;137;1;0;158;1843;47;22;1439
G1;81530130001;Conhecimento;202605;124;2;0;172;1853;43;20;1484
G1;81530130001;Execução de Título Extrajudicial;202605;6;0;0;5;55;0;0;120
G1;81530130001;Execução Judicial;202605;48;1;0;83;618;30;10;459
G1;81530130001;Conhecimento;202606;91;3;1;137;1658;43;18;1542
G1;81530130001;Execução de Título Extrajudicial;202606;5;0;0;5;56;0;0;117
G1;81530130001;Execução Judicial;202606;27;1;0;22;586;28;7;453
G1;81530130003;Conhecimento;202301;0;0;1;0;0;0;1;0
G1;81530130003;Conhecimento;202303;0;0;0;2;0;0;1;2
G1;81530130003;Conhecimento;202304;0;0;1;1;0;0;2;3
G1;81530130003;Conhecimento;202305;1;2;0;1;1;2;2;4
G1;81530130003;Conhecimento;202307;1;1;3;2;2;3;5;6
G1;81530130003;Conhecimento;202309;1;1;0;1;3;4;5;7
G1;81530130003;Conhecimento;202310;0;0;0;1;3;4;5;8
G1;81530130003;Conhecimento;202311;0;0;0;1;3;4;5;9
G1;81530130003;Conhecimento;202402;0;0;1;2;3;4;5;11
G1;81530130003;Execução de Título Extrajudicial;202403;0;0;1;0;0;0;1;0
G1;81530130003;Conhecimento;202403;0;0;5;0;3;4;10;9
G1;81530130003;Conhecimento;202406;0;0;2;0;2;2;11;7
G1;81530130003;Conhecimento;202408;0;0;1;1;1;1;9;6
G1;81530130003;Conhecimento;202409;0;0;1;1;0;0;10;6
G1;81530130003;Conhecimento;202411;0;0;0;1;0;0;10;5
G1;81530130003;Conhecimento;202504;1;1;0;1;1;1;4;4
G1;81530130003;Conhecimento;202505;0;0;1;0;1;1;5;4
G1;81530130003;Conhecimento;202508;0;0;1;0;1;1;3;3
G1;81540130002;Conhecimento;202301;10;4;1;44;10;4;1;44
G1;81540130002;Execução Judicial;202301;0;0;0;0;0;0;0;0
G1;81540130002;Conhecimento;202302;29;6;4;35;39;10;5;79
G1;81540130002;Execução Judicial;202302;0;0;0;0;0;0;0;0
G1;81540130002;Conhecimento;202303;38;5;7;54;77;15;12;133
G1;81540130002;Execução Judicial;202303;0;0;0;0;0;0;0;0
G1;81540130002;Execução Judicial;202304;0;0;0;0;0;0;0;0
G1;81540130002;Conhecimento;202304;29;16;16;36;106;31;28;169
G1;81540130002;Conhecimento;202305;20;9;6;51;126;40;34;220
G1;81540130002;Execução Judicial;202305;0;0;0;0;0;0;0;0
G1;81540130002;Conhecimento;202306;26;6;5;48;152;46;39;268
G1;81540130002;Execução Judicial;202306;0;0;0;0;0;0;0;0
G1;81540130002;Conhecimento;202307;39;5;6;29;191;51;45;297
G1;81540130002;Execução Judicial;202307;1;0;0;0;1;0;0;0
G1;81540130002;Conhecimento;202308;43;5;3;38;234;56;48;335
G1;81540130002;Conhecimento;202309;55;11;17;43;289;67;65;378
G1;81540130002;Conhecimento;202310;40;8;6;51;329;75;71;429
G1;81540130002;Conhecimento;202311;69;11;10;53;398;86;81;482
G1;81540130002;Conhecimento;202312;134;10;10;48;532;96;91;530
G1;81540130002;Conhecimento;202401;10;8;7;34;532;100;97;520
G1;81540130002;Conhecimento;202402;32;4;3;59;535;98;96;544
G1;81540130002;Conhecimento;202403;30;5;7;83;527;98;96;573
G1;81540130002;Conhecimento;202404;30;7;6;42;528;89;86;579
G1;81540130002;Conhecimento;202405;29;5;5;29;537;85;85;557
G1;81540130002;Conhecimento;202406;35;3;4;49;546;82;84;558
G1;81540130002;Conhecimento;202407;114;6;3;55;621;83;81;584
G1;81540130002;Conhecimento;202408;12;5;4;37;590;83;82;583
G1;81540130002;Conhecimento;202409;25;3;5;28;560;75;70;568
G1;81540130002;Conhecimento;202410;24;5;3;43;544;72;67;560
G1;81540130002;Conhecimento;202411;44;8;4;33;519;69;61;540
G1;81540130002;Conhecimento;202412;65;5;1;53;450;64;52;545
G1;81540130002;Conhecimento;202501;21;12;3;17;461;68;48;528
G1;81540130002;Conhecimento;202502;50;30;1;33;479;94;46;502
G1;81540130002;Conhecimento;202503;37;21;0;53;486;110;39;472
G1;81540130002;Conhecimento;202504;27;12;2;54;483;115;35;484
G1;81540130002;Conhecimento;202505;40;21;6;34;494;131;36;489
G1;81540130002;Conhecimento;202506;26;8;5;56;485;136;37;496
G1;81540130002;Conhecimento;202507;67;20;5;64;438;150;39;505
G1;81540130002;Conhecimento;202508;8;14;2;60;434;159;37;528
G1;81540130002;Conhecimento;202509;39;11;1;53;448;167;33;553
G1;81540130002;Conhecimento;202510;59;11;5;58;483;173;35;568
G1;81540130002;Conhecimento;202511;63;12;2;55;502;177;33;590
G1;81540130002;Conhecimento;202512;58;9;3;38;495;181;35;575
G1;81540130002;Conhecimento;202601;60;17;2;52;534;186;34;610
G1;81540130002;Conhecimento;202602;42;9;5;51;526;165;38;628
G1;81540130002;Conhecimento;202603;59;8;0;42;548;152;38;617
G1;81540130002;Conhecimento;202604;40;9;1;25;561;149;37;588
G1;81540130002;Conhecimento;202605;41;3;6;13;562;131;37;567
G1;81540130002;Conhecimento;202606;45;1;6;23;581;124;38;534
G1;81540130004;Conhecimento;202301;0;0;2;2;0;0;2;2
G1;81540130004;Conhecimento;202302;0;0;0;1;0;0;2;3
G1;81540130004;Conhecimento;202305;0;0;0;3;0;0;2;6
G1;81540130004;Conhecimento;202307;0;0;0;2;0;0;2;8
G1;81540130004;Conhecimento;202308;0;0;0;1;0;0;2;9
G1;81540130004;Conhecimento;202309;0;0;1;2;0;0;3;11
G1;81540130004;Conhecimento;202310;0;0;3;3;0;0;6;14
G1;81540130004;Conhecimento;202311;0;1;2;1;0;1;8;15
G1;81540130004;Conhecimento;202401;0;0;1;0;0;1;7;13
G1;81540130004;Conhecimento;202403;0;3;1;2;0;4;8;14
G1;81540130004;Conhecimento;202404;0;0;0;0;0;4;8;14
G1;81540130004;Conhecimento;202405;0;0;1;2;0;4;9;13
G1;81540130004;Conhecimento;202406;0;0;0;0;0;4;9;13
G1;81540130004;Conhecimento;202407;0;0;2;0;0;4;11;11
G1;81540130004;Conhecimento;202408;0;1;1;2;0;5;12;12
G1;81540130004;Conhecimento;202409;0;0;0;3;0;5;11;13
G1;81540130004;Conhecimento;202410;0;0;0;1;0;5;8;11
G1;81540130004;Conhecimento;202411;0;0;1;2;0;4;7;12
G1;81540130004;Conhecimento;202412;0;0;2;0;0;4;9;12
G1;81540130004;Conhecimento;202501;0;0;0;8;0;4;8;20
G1;81540130004;Conhecimento;202502;0;0;9;1;0;4;17;21
G1;81540130004;Conhecimento;202503;0;0;5;4;0;1;21;23
G1;81540130004;Conhecimento;202504;0;1;3;2;0;2;24;25
G1;81540130004;Conhecimento;202505;0;1;9;2;0;3;32;25
G1;81540130004;Conhecimento;202506;0;1;2;0;0;4;34;25
G1;81540130004;Conhecimento;202507;0;0;1;0;0;4;33;25
G1;81540130004;Conhecimento;202508;0;1;3;2;0;4;35;25
G1;81540130004;Conhecimento;202509;0;0;1;0;0;4;36;22
G1;81540130004;Conhecimento;202510;0;0;1;0;0;4;37;21
G1;81540130004;Conhecimento;202511;0;0;1;0;0;4;37;19
G1;81540130004;Conhecimento;202601;0;0;1;2;0;4;36;13
G1;81540130004;Conhecimento;202602;0;1;1;0;0;5;28;12
G1;81540130004;Conhecimento;202603;0;0;2;0;0;5;25;8
G1;81540130004;Conhecimento;202606;0;0;1;0;0;2;12;4
G1;81550140001;Execução Judicial;202301;23;0;0;17;23;0;0;17
G1;81550140001;Conhecimento;202301;60;1;0;67;60;1;0;67
G1;81550140001;Execução de Título Extrajudicial;202301;4;0;0;4;4;0;0;4
G1;81550140001;Execução Judicial;202302;7;3;2;24;30;3;2;41
G1;81550140001;Execução de Título Extrajudicial;202302;2;0;0;2;6;0;0;6
G1;81550140001;Conhecimento;202302;74;0;0;87;134;1;0;154
G1;81550140001;Execução Judicial;202303;68;0;0;19;98;3;2;60
G1;81550140001;Execução de Título Extrajudicial;202303;5;0;0;2;11;0;0;8
G1;81550140001;Conhecimento;202303;31;3;1;102;165;4;1;256
G1;81550140001;Execução Judicial;202304;24;1;0;13;122;4;2;73
G1;81550140001;Conhecimento;202304;69;2;0;90;234;6;1;346
G1;81550140001;Execução de Título Extrajudicial;202304;4;0;0;1;15;0;0;9
G1;81550140001;Execução de Título Extrajudicial;202305;3;0;0;2;18;0;0;11
G1;81550140001;Conhecimento;202305;130;2;2;85;364;8;3;431
G1;81550140001;Execução Judicial;202305;39;0;0;42;161;4;2;115
G1;81550140001;Execução de Título Extrajudicial;202306;7;0;0;12;25;0;0;23
G1;81550140001;Conhecimento;202306;79;2;1;69;443;10;4;500
G1;81550140001;Execução Judicial;202306;43;1;0;36;204;5;2;151
G1;81550140001;Execução Judicial;202307;147;0;1;33;351;5;3;184
G1;81550140001;Conhecimento;202307;107;2;2;115;550;12;6;615
G1;81550140001;Execução de Título Extrajudicial;202307;9;0;0;4;34;0;0;27
G1;81550140001;Execução de Título Extrajudicial;202308;8;0;0;2;42;0;0;29
G1;81550140001;Execução Judicial;202308;73;1;0;94;424;6;3;278
G1;81550140001;Conhecimento;202308;244;2;3;104;794;14;9;719
G1;81550140001;Execução de Título Extrajudicial;202309;4;0;0;0;46;0;0;29
G1;81550140001;Execução Judicial;202309;67;1;0;24;491;7;3;302
G1;81550140001;Conhecimento;202309;222;2;1;75;1016;16;10;794
G1;81550140001;Execução de Título Extrajudicial;202310;4;0;0;1;50;0;0;30
G1;81550140001;Conhecimento;202310;123;2;0;76;1139;18;10;870
G1;81550140001;Execução Judicial;202310;59;0;0;52;550;7;3;354
G1;81550140001;Conhecimento;202311;70;1;0;77;1209;19;10;947
G1;81550140001;Execução de Título Extrajudicial;202311;4;0;0;3;54;0;0;33
G1;81550140001;Execução Judicial;202311;26;2;0;67;576;9;3;421
G1;81550140001;Execução Judicial;202312;33;2;0;66;609;11;3;487
G1;81550140001;Execução de Título Extrajudicial;202312;0;0;0;2;54;0;0;35
G1;81550140001;Conhecimento;202312;147;1;0;76;1356;20;10;1023
G1;81550140001;Execução Judicial;202401;9;0;0;217;595;11;3;687
G1;81550140001;Conhecimento;202401;237;7;2;55;1533;26;12;1011
G1;81550140001;Execução de Título Extrajudicial;202401;1;0;0;7;51;0;0;38
G1;81550140001;Conhecimento;202402;146;1;0;77;1605;27;12;1001
G1;81550140001;Execução de Título Extrajudicial;202402;4;0;0;2;53;0;0;38
G1;81550140001;Execução Judicial;202402;14;0;0;108;602;8;1;771
G1;81550140001;Execução Judicial;202403;26;3;3;54;560;11;4;806
G1;81550140001;Conhecimento;202403;125;5;3;80;1699;29;14;979
G1;81550140001;Execução de Título Extrajudicial;202403;2;0;0;2;50;0;0;38
G1;81550140001;Conhecimento;202404;168;4;0;58;1798;31;14;947
G1;81550140001;Execução Judicial;202404;65;2;2;66;601;12;6;859
G1;81550140001;Execução de Título Extrajudicial;202404;4;0;0;6;50;0;0;43
G1;81550140001;Execução de Título Extrajudicial;202405;3;12;0;0;50;12;0;41
G1;81550140001;Execução Judicial;202405;57;38;0;136;619;50;6;953
G1;81550140001;Conhecimento;202405;308;590;0;67;1976;619;12;929
G1;81550140001;Execução Judicial;202406;59;1;1;71;635;50;7;988
G1;81550140001;Conhecimento;202406;303;33;3;70;2200;650;14;930
G1;81550140001;Execução de Título Extrajudicial;202406;6;0;0;4;49;12;0;33
G1;81550140001;Execução Judicial;202407;81;1;1;96;569;51;7;1051
G1;81550140001;Conhecimento;202407;334;11;3;96;2427;659;15;911
G1;81550140001;Execução de Título Extrajudicial;202407;43;0;0;3;83;12;0;32
G1;81550140001;Execução Judicial;202408;22;2;2;82;518;52;9;1039
G1;81550140001;Conhecimento;202408;192;8;0;76;2375;665;12;883
G1;81550140001;Execução de Título Extrajudicial;202408;7;1;0;2;82;13;0;32
G1;81550140001;Execução Judicial;202409;43;0;0;55;494;51;9;1070
G1;81550140001;Conhecimento;202409;151;2;0;90;2304;665;11;898
G1;81550140001;Execução de Título Extrajudicial;202409;8;0;0;3;86;13;0;35
G1;81550140001;Execução de Título Extrajudicial;202410;8;0;0;4;90;13;0;38
G1;81550140001;Conhecimento;202410;106;4;2;77;2287;667;13;899
G1;81550140001;Execução Judicial;202410;36;1;1;38;471;52;10;1056
G1;81550140001;Execução de Título Extrajudicial;202411;5;0;0;1;91;13;0;36
G1;81550140001;Conhecimento;202411;138;1;0;81;2355;667;13;903
G1;81550140001;Execução Judicial;202411;43;1;0;28;488;51;10;1017
G1;81550140001;Conhecimento;202412;220;5;0;48;2428;671;13;875
G1;81550140001;Execução de Título Extrajudicial;202412;6;0;0;0;97;13;0;34
G1;81550140001;Execução Judicial;202412;197;0;0;13;652;49;10;964
G1;81550140001;Execução de Título Extrajudicial;202501;0;0;0;4;96;13;0;31
G1;81550140001;Execução Judicial;202501;29;2;1;33;672;51;11;780
G1;81550140001;Conhecimento;202501;87;4;1;69;2278;668;12;889
G1;81550140001;Execução Judicial;202502;100;1;0;79;758;52;11;751
G1;81550140001;Execução de Título Extrajudicial;202502;4;0;0;5;96;13;0;34
G1;81550140001;Conhecimento;202502;121;3;0;83;2253;670;12;895
G1;81550140001;Execução Judicial;202503;101;2;2;58;833;51;10;755
G1;81550140001;Conhecimento;202503;131;15;0;83;2259;680;9;898
G1;81550140001;Execução de Título Extrajudicial;202503;5;0;0;3;99;13;0;35
G1;81550140001;Execução de Título Extrajudicial;202504;3;0;0;6;98;13;0;35
G1;81550140001;Execução Judicial;202504;163;2;2;87;931;51;10;776
G1;81550140001;Conhecimento;202504;111;4;2;84;2202;680;11;924
G1;81550140001;Conhecimento;202505;105;3;1;80;1999;93;12;937
G1;81550140001;Execução de Título Extrajudicial;202505;4;0;0;5;99;1;0;40
G1;81550140001;Execução Judicial;202505;91;0;0;20;965;13;10;660
G1;81550140001;Execução de Título Extrajudicial;202506;0;0;0;1;93;1;0;37
G1;81550140001;Conhecimento;202506;126;1;0;74;1822;61;9;941
G1;81550140001;Execução Judicial;202506;22;2;0;37;928;14;9;626
G1;81550140001;Execução Judicial;202507;91;4;4;55;938;17;12;585
G1;81550140001;Execução de Título Extrajudicial;202507;7;1;0;6;57;2;0;40
G1;81550140001;Conhecimento;202507;145;7;1;105;1633;57;7;950
G1;81550140001;Conhecimento;202508;56;6;0;88;1497;55;7;962
G1;81550140001;Execução de Título Extrajudicial;202508;1;2;0;10;51;3;0;48
G1;81550140001;Execução Judicial;202508;30;1;0;106;946;16;10;609
G1;81550140001;Execução Judicial;202509;56;0;0;100;959;16;10;654
G1;81550140001;Conhecimento;202509;81;13;1;116;1427;66;8;988
G1;81550140001;Execução de Título Extrajudicial;202509;3;3;0;7;46;6;0;52
G1;81550140001;Execução de Título Extrajudicial;202510;3;1;0;0;41;7;0;48
G1;81550140001;Execução Judicial;202510;44;2;1;78;967;17;10;694
G1;81550140001;Conhecimento;202510;98;1;1;167;1419;63;7;1078
G1;81550140001;Execução de Título Extrajudicial;202511;6;0;0;0;42;7;0;47
G1;81550140001;Conhecimento;202511;175;4;3;110;1456;66;10;1107
G1;81550140001;Execução Judicial;202511;59;0;0;124;983;16;10;790
G1;81550140001;Execução Judicial;202512;97;6;6;71;883;22;16;848
G1;81550140001;Execução de Título Extrajudicial;202512;6;0;0;2;42;7;0;49
G1;81550140001;Conhecimento;202512;137;5;0;94;1373;66;10;1153
G1;81550140001;Execução Judicial;202601;63;6;6;77;917;26;21;892
G1;81550140001;Execução de Título Extrajudicial;202601;6;0;0;6;48;7;0;51
G1;81550140001;Conhecimento;202601;103;6;6;72;1389;68;15;1156
G1;81550140001;Execução de Título Extrajudicial;202602;4;0;0;9;48;7;0;55
G1;81550140001;Conhecimento;202602;64;2;2;113;1332;67;17;1186
G1;81550140001;Execução Judicial;202602;83;1;1;61;900;26;22;874
G1;81550140001;Conhecimento;202603;147;3;3;159;1348;55;20;1262
G1;81550140001;Execução Judicial;202603;147;1;2;65;946;25;22;881
G1;81550140001;Execução de Título Extrajudicial;202603;8;0;0;4;51;7;0;56
G1;81550140001;Conhecimento;202604;122;4;0;261;1359;55;18;1439
G1;81550140001;Execução de Título Extrajudicial;202604;8;0;0;3;56;7;0;53
G1;81550140001;Execução Judicial;202604;212;2;0;121;995;25;20;915
G1;81550140001;Execução de Título Extrajudicial;202605;5;0;0;15;57;7;0;63
G1;81550140001;Conhecimento;202605;94;2;1;226;1348;54;18;1585
G1;81550140001;Execução Judicial;202605;119;0;0;104;1023;25;20;999
G1;81550140001;Execução de Título Extrajudicial;202606;7;0;0;4;64;7;0;66
G1;81550140001;Execução Judicial;202606;54;0;1;49;1055;23;21;1011
G1;81550140001;Conhecimento;202606;205;1;1;157;1427;54;19;1668
G1;81550140003;Conhecimento;202304;0;23;0;1;0;23;0;1
G1;81550140003;Conhecimento;202305;1;0;0;1;1;23;0;2
G1;81550140003;Conhecimento;202306;19;1;0;19;20;24;0;21
G1;81550140003;Conhecimento;202307;1;0;21;2;21;24;21;23
G1;81550140003;Conhecimento;202308;1;0;0;1;22;24;21;24
G1;81550140003;Conhecimento;202309;0;0;0;0;22;24;21;24
G1;81550140003;Conhecimento;202310;0;0;1;0;22;24;22;24
G1;81550140003;Conhecimento;202311;0;0;1;0;22;24;23;24
G1;81550140003;Conhecimento;202312;0;0;0;0;22;24;23;24
G1;81550140003;Conhecimento;202401;0;0;0;0;22;24;23;24
G1;81550140003;Conhecimento;202402;0;0;0;0;22;24;23;24
G1;81550140003;Conhecimento;202403;0;0;0;0;22;24;23;24
G1;81550140003;Conhecimento;202404;0;0;0;0;22;1;23;23
G1;81550140003;Conhecimento;202405;1;1;1;1;22;2;24;23
G1;81550140003;Conhecimento;202406;0;0;1;0;3;1;25;4
G1;81550140003;Conhecimento;202407;0;0;1;0;2;1;5;2
G1;81550140003;Conhecimento;202408;0;0;1;0;1;1;6;1
G1;81550140003;Conhecimento;202412;0;0;1;0;1;1;5;1
G1;81550140003;Conhecimento;202507;0;0;2;2;0;0;4;2
G1;81550140005;Conhecimento;202303;0;0;0;1;0;0;0;1
G1;81550140005;Conhecimento;202307;0;0;0;1;0;0;0;2
G1;81550140005;Conhecimento;202308;0;0;0;0;0;0;0;2
G1;81550140005;Conhecimento;202309;0;0;0;0;0;0;0;2
G1;81550140005;Conhecimento;202310;0;0;0;0;0;0;0;2
G1;81550140005;Conhecimento;202311;0;0;0;0;0;0;0;2
G1;81550140005;Conhecimento;202312;0;0;0;0;0;0;0;2
G1;81550140005;Conhecimento;202401;0;0;1;0;0;0;1;2
G1;81550140005;Conhecimento;202402;0;0;0;0;0;0;1;2
G1;81550140005;Conhecimento;202403;0;0;0;0;0;0;1;1
G1;81550140005;Conhecimento;202404;0;0;0;0;0;0;1;1
G1;81550140005;Conhecimento;202405;0;0;0;0;0;0;1;1
G1;81550140005;Conhecimento;202406;0;0;0;1;0;0;1;2
G1;81550140005;Execução de Título Extrajudicial;202407;0;0;0;1;0;0;0;1
G1;81550140005;Conhecimento;202407;0;0;1;1;0;0;2;2
G1;81550140005;Conhecimento;202408;0;0;1;0;0;0;3;2
G1;81550140005;Conhecimento;202409;0;0;0;1;0;0;3;3
G1;81550140005;Conhecimento;202410;0;0;0;1;0;0;3;4
G1;81550140005;Conhecimento;202502;0;0;1;0;0;0;3;4
G1;81550140005;Conhecimento;202505;0;0;0;1;0;0;3;5
G1;81550140005;Conhecimento;202507;0;0;2;1;0;0;4;4
G1;81550140005;Execução de Título Extrajudicial;202507;0;0;1;0;0;0;1;0
G1;81550140005;Conhecimento;202508;0;0;1;0;0;0;4;4
G1;81550140005;Conhecimento;202509;0;0;1;1;0;0;5;4
G1;81550140005;Conhecimento;202604;0;0;0;1;0;0;4;4
G1;81550140005;Conhecimento;202605;0;0;1;0;0;0;5;3
G1;81550190001;Execução Judicial;202301;2;0;0;0;2;0;0;0
G1;81550190001;Conhecimento;202301;4;0;0;3;4;0;0;3
G1;81550190001;Conhecimento;202302;0;0;0;8;4;0;0;11
G1;81550190001;Execução Judicial;202302;0;0;0;0;2;0;0;0
G1;81550190001;Conhecimento;202303;0;1;1;8;4;1;1;19
G1;81550190001;Execução Judicial;202303;0;0;0;0;2;0;0;0
G1;81550190001;Conhecimento;202304;0;0;0;7;4;1;1;26
G1;81550190001;Execução Judicial;202304;0;0;0;0;2;0;0;0
G1;81550190001;Execução de Título Extrajudicial;202305;0;0;0;3;0;0;0;3
G1;81550190001;Conhecimento;202305;0;0;0;6;4;1;1;32
G1;81550190001;Execução Judicial;202305;0;0;0;0;2;0;0;0
G1;81550190001;Execução Judicial;202306;0;0;0;1;2;0;0;1
G1;81550190001;Conhecimento;202306;0;0;0;15;4;1;1;47
G1;81550190001;Execução Judicial;202307;0;0;0;0;2;0;0;1
G1;81550190001;Conhecimento;202307;13;0;0;4;17;1;1;51
G1;81550190001;Execução Judicial;202308;0;0;0;0;2;0;0;1
G1;81550190001;Conhecimento;202308;0;0;0;13;17;1;1;64
G1;81550190001;Execução de Título Extrajudicial;202308;0;0;0;1;0;0;0;4
G1;81550190001;Conhecimento;202309;0;0;0;11;17;1;1;75
G1;81550190001;Execução Judicial;202309;0;0;0;6;2;0;0;7
G1;81550190001;Conhecimento;202310;28;0;0;3;45;1;1;78
G1;81550190001;Execução Judicial;202310;0;0;0;2;2;0;0;9
G1;81550190001;Execução de Título Extrajudicial;202310;0;0;0;1;0;0;0;5
G1;81550190001;Conhecimento;202311;0;0;0;3;45;1;1;81
G1;81550190001;Execução Judicial;202311;0;0;0;0;2;0;0;9
G1;81550190001;Conhecimento;202312;0;0;0;7;45;1;1;88
G1;81550190001;Execução Judicial;202312;0;0;0;0;2;0;0;9
G1;81550190001;Execução Judicial;202401;0;0;0;0;0;0;0;9
G1;81550190001;Conhecimento;202401;1;1;0;0;42;2;1;85
G1;81550190001;Execução de Título Extrajudicial;202401;0;0;0;2;0;0;0;7
G1;81550190001;Execução de Título Extrajudicial;202402;0;0;0;2;0;0;0;9
G1;81550190001;Execução Judicial;202402;0;0;0;0;0;0;0;9
G1;81550190001;Conhecimento;202402;3;0;0;3;45;2;1;80
G1;81550190001;Execução Judicial;202403;0;0;0;0;0;0;0;9
G1;81550190001;Conhecimento;202403;0;0;0;4;45;1;0;76
G1;81550190001;Conhecimento;202404;67;4;3;3;112;5;3;72
G1;81550190001;Execução Judicial;202404;3;0;0;12;3;0;0;21
G1;81550190001;Execução Judicial;202405;0;37;44;0;3;37;44;21
G1;81550190001;Execução de Título Extrajudicial;202405;0;12;12;0;0;12;12;6
G1;81550190001;Conhecimento;202405;3;586;595;9;115;591;598;75
G1;81550190001;Conhecimento;202406;0;27;26;7;115;618;624;67
G1;81550190001;Conhecimento;202407;0;3;5;4;102;621;629;67
G1;81550190001;Execução de Título Extrajudicial;202407;0;0;0;1;0;12;12;7
G1;81550190001;Conhecimento;202408;0;6;6;4;102;627;635;58
G1;81550190001;Execução de Título Extrajudicial;202408;0;1;1;0;0;13;13;6
G1;81550190001;Conhecimento;202409;0;1;1;1;102;628;636;48
G1;81550190001;Conhecimento;202410;0;0;0;1;74;628;636;46
G1;81550190001;Conhecimento;202411;0;0;0;3;74;628;636;46
G1;81550190001;Conhecimento;202412;0;0;0;1;74;628;636;40
G1;81550190001;Conhecimento;202501;0;1;0;7;73;628;636;47
G1;81550190001;Conhecimento;202502;0;1;2;2;70;629;638;46
G1;81550190001;Conhecimento;202503;0;12;12;1;70;641;650;43
G1;81550190001;Conhecimento;202505;0;0;0;2;0;51;52;33
G1;81550190001;Conhecimento;202507;0;0;0;3;0;21;21;25
G1;81550190001;Conhecimento;202508;0;0;0;2;0;15;15;23
G1;81550190001;Execução de Título Extrajudicial;202508;0;0;0;1;0;0;0;1
G1;81550190001;Conhecimento;202509;0;8;8;1;0;22;22;23
G1;81550190001;Execução de Título Extrajudicial;202509;0;2;2;1;0;2;2;2
G1;81550190001;Conhecimento;202511;0;0;0;1;0;22;22;20
G1;81550190001;Conhecimento;202512;0;1;1;0;0;23;23;19
G1;81550190001;Conhecimento;202604;0;1;1;0;0;10;10;9
G1;81560140002;Conhecimento;202301;37;6;8;65;37;6;8;65
G1;81560140002;Conhecimento;202302;31;10;11;74;68;16;19;139
G1;81560140002;Conhecimento;202303;38;16;14;69;106;32;33;208
G1;81560140002;Conhecimento;202304;7;14;13;53;113;46;46;261
G1;81560140002;Conhecimento;202305;59;14;13;75;172;60;59;336
G1;81560140002;Conhecimento;202306;7;6;5;61;179;66;64;397
G1;81560140002;Conhecimento;202307;9;7;7;65;188;73;71;462
G1;81560140002;Conhecimento;202308;23;18;16;52;211;91;87;514
G1;81560140002;Conhecimento;202309;30;28;27;54;241;119;114;568
G1;81560140002;Conhecimento;202310;18;24;25;63;259;143;139;631
G1;81560140002;Conhecimento;202311;79;8;8;53;338;151;147;684
G1;81560140002;Conhecimento;202312;188;12;9;73;526;163;156;757
G1;81560140002;Conhecimento;202401;7;12;13;57;496;169;161;749
G1;81560140002;Conhecimento;202402;38;14;13;63;503;173;163;738
G1;81560140002;Conhecimento;202403;28;17;20;66;493;174;169;735
G1;81560140002;Conhecimento;202404;48;23;19;81;534;183;175;763
G1;81560140002;Conhecimento;202405;38;11;11;86;513;180;173;774
G1;81560140002;Conhecimento;202406;54;7;5;58;560;181;173;771
G1;81560140002;Conhecimento;202407;106;10;9;64;657;184;175;770
G1;81560140002;Conhecimento;202408;20;10;9;105;654;176;168;823
G1;81560140002;Conhecimento;202409;17;10;9;70;641;158;150;839
G1;81560140002;Conhecimento;202410;21;17;15;106;644;151;140;882
G1;81560140002;Conhecimento;202411;24;19;11;86;589;162;143;915
G1;81560140002;Conhecimento;202412;25;15;5;89;426;165;139;931
G1;81560140002;Execução Judicial;202501;0;0;0;0;0;0;0;0
G1;81560140002;Conhecimento;202501;10;12;4;45;429;165;130;919
G1;81560140002;Conhecimento;202502;28;11;4;66;419;162;121;922
G1;81560140002;Execução Judicial;202502;0;0;0;0;0;0;0;0
G1;81560140002;Conhecimento;202503;32;12;4;61;423;157;105;917
G1;81560140002;Execução Judicial;202503;0;0;0;0;0;0;0;0
G1;81560140002;Conhecimento;202504;44;20;5;35;419;154;91;871
G1;81560140002;Execução Judicial;202504;0;0;0;0;0;0;0;0
G1;81560140002;Conhecimento;202505;39;21;4;68;420;164;84;853
G1;81560140002;Execução Judicial;202505;0;0;0;0;0;0;0;0
G1;81560140002;Conhecimento;202506;57;8;2;75;423;165;81;870
G1;81560140002;Conhecimento;202507;66;16;2;40;383;171;74;846
G1;81560140002;Conhecimento;202508;47;22;7;82;410;183;72;823
G1;81560140002;Conhecimento;202509;44;9;6;116;437;182;69;869
G1;81560140002;Conhecimento;202510;57;16;2;61;473;181;56;824
G1;81560140002;Conhecimento;202511;56;11;2;53;505;173;47;791
G1;81560140002;Conhecimento;202512;58;21;2;59;538;179;44;761
G1;81560140002;Conhecimento;202601;47;24;5;37;575;191;45;753
G1;81560140002;Conhecimento;202602;34;20;0;64;581;200;41;751
G1;81560140002;Conhecimento;202603;49;15;5;73;598;203;42;763
G1;81560140002;Conhecimento;202604;39;33;5;106;593;216;42;834
G1;81560140002;Conhecimento;202605;60;11;5;36;614;206;43;802
G1;81560140002;Conhecimento;202606;55;8;15;38;612;206;56;765
G1;81560140004;Conhecimento;202303;0;0;1;1;0;0;1;1
G1;81560140004;Conhecimento;202304;0;0;1;0;0;0;2;1
G1;81560140004;Conhecimento;202306;0;0;0;1;0;0;2;2
G1;81560140004;Conhecimento;202309;0;0;0;2;0;0;2;4
G1;81560140004;Conhecimento;202310;0;0;0;2;0;0;2;6
G1;81560140004;Conhecimento;202311;0;0;0;1;0;0;2;7
G1;81560140004;Conhecimento;202312;0;0;1;0;0;0;3;7
G1;81560140004;Conhecimento;202401;0;0;0;1;0;0;3;8
G1;81560140004;Conhecimento;202403;0;1;1;0;0;1;3;7
G1;81560140004;Conhecimento;202404;0;0;1;2;0;1;3;9
G1;81560140004;Conhecimento;202405;0;0;2;0;0;1;5;9
G1;81560140004;Conhecimento;202406;0;0;0;1;0;1;5;9
G1;81560140004;Conhecimento;202407;0;0;1;1;0;1;6;10
G1;81560140004;Conhecimento;202408;0;0;1;1;0;1;7;11
G1;81560140004;Conhecimento;202410;0;0;0;1;0;1;7;8
G1;81560140004;Conhecimento;202412;0;1;0;0;0;2;6;7
G1;81560140004;Conhecimento;202502;0;0;1;1;0;2;7;7
G1;81560140004;Conhecimento;202503;0;0;2;1;0;1;8;8
G1;81560140004;Conhecimento;202504;0;0;0;1;0;1;7;7
G1;81560140004;Conhecimento;202505;0;0;1;0;0;1;6;7
G1;81560140004;Conhecimento;202506;0;0;1;0;0;1;7;6
G1;81560140004;Conhecimento;202507;0;0;2;1;0;1;8;6
G1;81560140004;Conhecimento;202508;0;0;0;1;0;1;7;6
G1;81560140004;Conhecimento;202509;0;0;1;0;0;1;8;6
G1;81560140004;Conhecimento;202511;0;1;1;1;0;2;9;6
G1;81560140004;Conhecimento;202601;0;0;1;0;0;1;10;6
G1;81560140004;Conhecimento;202602;0;0;3;0;0;1;12;5
G1;81560140004;Conhecimento;202603;0;0;1;1;0;1;11;5
G1;81560140004;Conhecimento;202605;0;0;2;0;0;1;12;4
G1;81560140004;Conhecimento;202606;0;0;3;0;0;1;14;4
G1;81560190002;Conhecimento;202301;0;0;1;7;0;0;1;7
G1;81560190002;Execução Judicial;202301;0;0;0;0;0;0;0;0
G1;81560190002;Conhecimento;202302;4;1;0;1;4;1;1;8
G1;81560190002;Execução Judicial;202302;0;0;0;0;0;0;0;0
G1;81560190002;Conhecimento;202303;1;0;0;6;5;1;1;14
G1;81560190002;Execução Judicial;202303;1;0;1;0;1;0;1;0
G1;81560190002;Conhecimento;202304;0;0;0;2;5;1;1;16
G1;81560190002;Execução Judicial;202304;0;0;0;0;1;0;1;0
G1;81560190002;Conhecimento;202305;3;1;0;6;8;2;1;22
G1;81560190002;Execução Judicial;202305;0;0;0;0;1;0;1;0
G1;81560190002;Conhecimento;202306;1;1;1;12;9;3;2;34
G1;81560190002;Execução Judicial;202306;0;0;0;0;1;0;1;0
G1;81560190002;Conhecimento;202307;0;0;1;6;9;3;3;40
G1;81560190002;Execução Judicial;202307;0;0;0;0;1;0;1;0
G1;81560190002;Execução Judicial;202308;0;0;0;0;1;0;1;0
G1;81560190002;Conhecimento;202308;10;0;2;7;19;3;5;47
G1;81560190002;Execução Judicial;202309;0;0;0;0;1;0;1;0
G1;81560190002;Conhecimento;202309;0;2;2;1;19;5;7;48
G1;81560190002;Execução Judicial;202310;0;0;0;0;1;0;1;0
G1;81560190002;Conhecimento;202310;6;5;0;9;25;10;7;57
G1;81560190002;Execução Judicial;202311;0;0;0;0;1;0;1;0
G1;81560190002;Conhecimento;202311;5;0;0;8;30;10;7;65
G1;81560190002;Conhecimento;202312;13;0;0;8;43;10;7;73
G1;81560190002;Execução Judicial;202312;0;0;0;0;1;0;1;0
G1;81560190002;Conhecimento;202401;1;1;0;16;44;11;6;82
G1;81560190002;Execução Judicial;202401;0;0;0;0;1;0;1;0
G1;81560190002;Execução Judicial;202402;0;0;0;0;1;0;1;0
G1;81560190002;Conhecimento;202402;5;2;2;3;45;12;8;84
G1;81560190002;Execução Judicial;202403;0;0;0;0;0;0;0;0
G1;81560190002;Conhecimento;202403;5;2;1;4;49;14;9;82
G1;81560190002;Conhecimento;202404;12;0;2;2;61;14;11;82
G1;81560190002;Execução Judicial;202404;0;0;0;0;0;0;0;0
G1;81560190002;Execução Judicial;202405;0;0;0;0;0;0;0;0
G1;81560190002;Conhecimento;202405;0;1;0;12;58;14;11;88
G1;81560190002;Conhecimento;202406;8;0;1;8;65;13;11;84
G1;81560190002;Execução Judicial;202406;0;0;0;0;0;0;0;0
G1;81560190002;Execução Judicial;202407;0;0;0;0;0;0;0;0
G1;81560190002;Conhecimento;202407;10;1;1;9;75;14;11;87
G1;81560190002;Conhecimento;202408;4;2;0;9;69;16;9;89
G1;81560190002;Execução Judicial;202408;0;0;0;0;0;0;0;0
G1;81560190002;Conhecimento;202409;6;1;2;5;75;15;9;93
G1;81560190002;Execução Judicial;202409;0;0;0;0;0;0;0;0
G1;81560190002;Execução Judicial;202410;1;0;0;0;1;0;0;0
G1;81560190002;Conhecimento;202410;2;3;1;22;71;13;10;106
G1;81560190002;Conhecimento;202411;8;3;0;0;74;16;10;98
G1;81560190002;Conhecimento;202412;5;1;0;4;66;17;10;94
G1;81560190002;Conhecimento;202501;1;0;0;10;66;16;10;88
G1;81560190002;Conhecimento;202502;7;4;1;2;68;18;9;87
G1;81560190002;Conhecimento;202503;4;0;0;3;67;16;8;86
G1;81560190002;Conhecimento;202504;3;3;0;4;58;19;6;88
G1;81560190002;Conhecimento;202505;3;0;0;3;61;18;6;79
G1;81560190002;Conhecimento;202506;0;2;1;6;53;20;6;77
G1;81560190002;Conhecimento;202507;6;0;0;6;49;19;5;74
G1;81560190002;Conhecimento;202508;9;3;0;4;54;20;5;69
G1;81560190002;Conhecimento;202509;6;1;0;4;54;20;3;68
G1;81560190002;Conhecimento;202510;1;0;0;10;53;17;2;56
G1;81560190002;Conhecimento;202511;7;1;0;5;52;15;2;61
G1;81560190002;Conhecimento;202512;5;3;0;1;52;17;2;58
G1;81560190002;Conhecimento;202601;1;4;0;14;52;21;2;62
G1;81560190002;Conhecimento;202602;4;0;0;1;49;17;1;61
G1;81560190002;Conhecimento;202603;5;3;0;3;50;20;1;61
G1;81560190002;Conhecimento;202604;4;3;1;7;51;20;2;64
G1;81560190002;Conhecimento;202605;3;3;0;1;51;23;2;62
G1;81560190002;Conhecimento;202606;4;1;1;6;55;22;2;62
G1;81560190004;Conhecimento;202305;0;0;1;0;0;0;1;0
G1;81560190004;Conhecimento;202307;0;0;0;1;0;0;1;1
G1;81560190004;Conhecimento;202310;0;0;3;1;0;0;4;2
G1;81560190004;Conhecimento;202408;0;0;1;0;0;0;4;1
G1;81560190004;Conhecimento;202412;0;1;0;0;0;1;1;0
G1;81560190004;Conhecimento;202502;0;0;1;0;0;1;2;0
G1;81560190004;Conhecimento;202506;0;1;0;0;0;2;2;0
G1;81560190004;Conhecimento;202507;0;0;0;0;0;2;2;0
G1;81560190004;Conhecimento;202508;0;0;0;0;0;2;1;0
G1;81560190004;Conhecimento;202509;0;0;0;0;0;2;1;0
G1;81560190004;Conhecimento;202510;0;0;0;0;0;2;1;0
G1;81560190004;Conhecimento;202511;0;0;0;0;0;2;1;0
G1;81560190004;Conhecimento;202512;0;0;0;0;0;1;1;0
G1;81560190004;Conhecimento;202601;0;0;0;0;0;1;1;0
G1;81560190004;Conhecimento;202602;0;0;0;1;0;1;0;1
G1;81560190004;Conhecimento;202605;0;0;1;0;0;1;1;1
G1;816940010111;Conhecimento;202301;40;36;41;50;40;36;41;50
G1;816940010111;Conhecimento;202302;50;23;55;55;90;59;96;105
G1;816940010111;Conhecimento;202303;26;26;30;56;116;85;126;161
G1;816940010111;Conhecimento;202304;31;19;23;62;147;104;149;223
G1;816940010111;Conhecimento;202305;65;23;25;70;212;127;174;293
G1;816940010111;Conhecimento;202306;43;22;17;61;255;149;191;354
G1;816940010111;Execução Judicial;202307;0;1;1;0;0;1;1;0
G1;816940010111;Conhecimento;202307;42;16;12;42;297;165;203;396
G1;816940010111;Conhecimento;202308;45;22;26;54;342;187;229;450
G1;816940010111;Execução Judicial;202309;0;1;0;1;0;2;1;1
G1;816940010111;Conhecimento;202309;35;13;13;53;377;200;242;503
G1;816940010111;Conhecimento;202310;30;23;22;59;407;223;264;562
G1;816940010111;Execução Judicial;202310;0;0;1;0;0;2;2;1
G1;816940010111;Conhecimento;202311;33;22;23;58;440;245;287;620
G1;816940010111;Conhecimento;202312;36;17;12;51;476;262;299;671
G1;816940010111;Conhecimento;202401;19;29;32;51;455;255;290;672
G1;816940010111;Conhecimento;202402;25;37;25;62;430;269;260;679
G1;816940010111;Conhecimento;202403;74;24;17;55;478;267;247;678
G1;816940010111;Conhecimento;202404;36;49;30;75;483;297;254;691
G1;816940010111;Conhecimento;202405;48;26;22;75;466;300;251;696
G1;816940010111;Conhecimento;202406;50;29;21;67;473;307;255;702
G1;816940010111;Conhecimento;202407;50;36;26;72;481;327;269;732
G1;816940010111;Conhecimento;202408;40;37;32;86;476;342;275;764
G1;816940010111;Conhecimento;202409;38;25;18;75;479;354;280;786
G1;816940010111;Conhecimento;202410;49;12;13;41;498;343;271;768
G1;816940010111;Conhecimento;202411;67;20;14;27;532;341;262;737
G1;816940010111;Conhecimento;202412;72;19;16;23;568;343;266;709
G1;816940010111;Conhecimento;202501;29;50;13;49;578;364;247;707
G1;816940010111;Conhecimento;202502;34;46;15;30;587;373;237;675
G1;816940010111;Execução Judicial;202503;0;3;3;0;0;3;3;0
G1;816940010111;Conhecimento;202503;30;25;14;25;543;374;234;645
G1;816940010111;Conhecimento;202504;30;30;15;50;537;355;219;620
G1;816940010111;Conhecimento;202505;35;31;8;29;524;360;205;574
G1;816940010111;Conhecimento;202506;50;33;7;42;524;364;191;549
G1;816940010111;Execução Judicial;202506;0;2;1;0;0;5;4;0
G1;816940010111;Execução Judicial;202507;0;0;1;0;0;5;5;0
G1;816940010111;Conhecimento;202507;56;53;15;64;530;381;180;541
G1;816940010111;Conhecimento;202508;40;45;4;36;530;389;152;491
G1;816940010111;Execução Judicial;202508;0;1;1;0;0;6;6;0
G1;816940010111;Conhecimento;202509;40;34;14;31;532;398;148;447
G1;816940010111;Conhecimento;202510;37;38;9;47;520;424;144;453
G1;816940010111;Conhecimento;202511;15;74;10;34;468;478;140;460
G1;816940010111;Conhecimento;202512;29;37;5;21;425;496;129;458
G1;816940010111;Conhecimento;202601;26;66;2;16;422;512;118;425
G1;816940010111;Conhecimento;202602;32;56;9;42;420;522;112;437
G1;816940010111;Conhecimento;202603;31;32;9;38;421;529;107;450
G1;816940010111;Conhecimento;202604;32;22;13;23;423;521;105;423
G1;816940010111;Conhecimento;202605;43;19;17;39;431;509;114;433
G1;816940010111;Conhecimento;202606;30;11;14;28;411;487;121;419
G1;854040010949;Conhecimento;202301;0;0;0;0;0;0;0;0
G1;854040010949;Conhecimento;202302;0;0;0;8;0;0;0;8
G1;854040010949;Conhecimento;202303;6;48;47;211;6;48;47;219
G1;854040010949;Conhecimento;202304;7;51;73;144;13;99;120;363
G1;854040010949;Conhecimento;202305;21;59;59;258;34;158;179;621
G1;854040010949;Conhecimento;202306;36;58;61;196;70;216;240;817
G1;854040010949;Conhecimento;202307;25;65;55;234;95;281;295;1051
G1;854040010949;Execução Judicial;202307;0;8;0;0;0;8;0;0
G1;854040010949;Conhecimento;202308;81;89;67;251;176;370;362;1302
G1;854040010949;Execução Judicial;202308;0;1;0;0;0;9;0;0
G1;854040010949;Execução Judicial;202309;0;1;0;0;0;10;0;0
G1;854040010949;Conhecimento;202309;67;61;66;262;243;431;428;1564
G1;854040010949;Conhecimento;202310;38;82;83;241;281;513;511;1805
G1;854040010949;Execução Judicial;202310;0;3;0;0;0;13;0;0
G1;854040010949;Execução Judicial;202311;0;1;0;0;0;14;0;0
G1;854040010949;Conhecimento;202311;70;82;70;203;351;595;581;2008
G1;854040010949;Conhecimento;202312;847;40;59;183;1198;635;640;2191
G1;854040010949;Conhecimento;202401;20;141;138;229;1218;776;778;2420
G1;854040010949;Execução Judicial;202401;0;1;1;0;0;15;1;0
G1;854040010949;Conhecimento;202402;102;60;77;209;1320;836;855;2621
G1;854040010949;Conhecimento;202403;142;45;57;208;1456;833;865;2618
G1;854040010949;Conhecimento;202404;138;49;61;260;1587;831;853;2734
G1;854040010949;Execução Judicial;202404;0;1;1;0;0;16;2;0
G1;854040010949;Conhecimento;202405;181;61;68;217;1747;833;862;2693
G1;854040010949;Conhecimento;202406;171;57;63;212;1882;832;864;2709
G1;854040010949;Conhecimento;202407;251;26;25;197;2108;793;834;2672
G1;854040010949;Conhecimento;202408;84;33;36;228;2111;737;803;2649
G1;854040010949;Conhecimento;202409;110;47;46;205;2154;723;783;2592
G1;854040010949;Execução Judicial;202410;0;0;0;0;0;3;2;0
G1;854040010949;Conhecimento;202410;173;35;38;193;2289;676;738;2544
G1;854040010949;Execução Judicial;202411;0;2;0;1;0;4;2;1
G1;854040010949;Conhecimento;202411;157;64;17;172;2376;658;685;2513
G1;854040010949;Conhecimento;202412;193;33;12;94;1722;651;638;2424
G1;854040010949;Execução Judicial;202412;0;1;0;1;0;5;2;2
G1;854040010949;Execução Judicial;202501;0;0;0;0;0;4;1;2
G1;854040010949;Conhecimento;202501;56;95;5;86;1758;605;505;2281
G1;854040010949;Conhecimento;202502;149;67;20;142;1805;612;448;2214
G1;854040010949;Execução Judicial;202502;3;1;2;3;3;5;3;5
G1;854040010949;Execução Judicial;202503;1;0;0;8;4;5;3;13
G1;854040010949;Conhecimento;202503;147;69;24;159;1810;636;415;2165
G1;854040010949;Execução Judicial;202504;1;0;10;7;5;4;12;20
G1;854040010949;Conhecimento;202504;130;115;24;78;1802;702;378;1983
G1;854040010949;Conhecimento;202505;157;112;13;68;1778;753;323;1834
G1;854040010949;Execução Judicial;202505;0;0;1;3;5;4;13;23
G1;854040010949;Execução Judicial;202506;1;0;0;3;6;4;13;26
G1;854040010949;Conhecimento;202506;173;117;12;68;1780;813;272;1690
G1;854040010949;Conhecimento;202507;103;126;7;62;1632;913;254;1555
G1;854040010949;Execução Judicial;202507;0;0;0;3;6;4;13;29
G1;854040010949;Execução Judicial;202508;1;0;2;5;7;4;15;34
G1;854040010949;Conhecimento;202508;144;102;6;53;1692;982;224;1380
G1;854040010949;Conhecimento;202509;108;131;26;95;1690;1066;204;1270
G1;854040010949;Execução Judicial;202509;3;1;5;3;10;5;20;37
G1;854040010949;Conhecimento;202510;121;163;21;87;1638;1194;187;1164
G1;854040010949;Execução Judicial;202510;2;2;1;4;12;7;21;41
G1;854040010949;Execução Judicial;202511;3;0;2;5;15;5;23;45
G1;854040010949;Conhecimento;202511;99;120;25;120;1580;1250;195;1112
G1;854040010949;Conhecimento;202512;137;109;33;104;1524;1326;216;1122
G1;854040010949;Execução Judicial;202512;3;0;1;2;18;4;24;46
G1;854040010949;Conhecimento;202601;121;144;31;109;1589;1375;242;1145
G1;854040010949;Execução Judicial;202601;2;0;1;2;20;4;25;48
G1;854040010949;Execução Judicial;202602;0;2;3;1;17;5;26;46
G1;854040010949;Conhecimento;202602;169;133;32;104;1609;1441;254;1107
G1;854040010949;Conhecimento;202603;186;126;49;163;1648;1498;279;1111
G1;854040010949;Execução Judicial;202603;2;0;3;5;18;5;29;43
G1;854040010949;Execução Judicial;202604;1;0;0;1;18;5;19;37
G1;854040010949;Conhecimento;202604;102;67;17;52;1620;1450;272;1085
G1;854040010949;Conhecimento;202605;114;26;23;179;1577;1364;282;1196
G1;854040010949;Execução Judicial;202605;0;2;0;1;18;7;18;35
G1;854040010949;Conhecimento;202606;77;4;13;113;1481;1251;283;1241
G1;854040010949;Execução Judicial;202606;1;1;3;4;18;8;21;36
G1;888530100009;Conhecimento;202303;0;0;3;0;0;0;3;0
G1;888530100009;Conhecimento;202308;0;0;0;1;0;0;3;1
G1;888530100009;Conhecimento;202309;0;0;1;0;0;0;4;1
G1;888530100009;Conhecimento;202510;0;0;1;1;0;0;1;1
G1;888530100009;Conhecimento;202602;0;0;0;1;0;0;1;2
G1;888530100009;Conhecimento;202603;0;0;1;0;0;0;2;2
G1;888530100009;Conhecimento;202604;0;0;0;1;0;0;2;3
G1;888530100009;Conhecimento;202605;1;0;0;0;1;0;2;3
G1;888530100009;Conhecimento;202606;0;0;0;1;1;0;2;4
G1;888540050011;Conhecimento;202301;0;0;0;0;0;0;0;0
G1;888540050011;Conhecimento;202302;1;0;0;0;1;0;0;0
G1;888540050011;Conhecimento;202303;0;0;0;1;1;0;0;1
G1;888540050011;Conhecimento;202304;0;0;0;1;1;0;0;2
G1;888540050011;Conhecimento;202305;0;0;0;0;1;0;0;2
G1;888540050011;Conhecimento;202306;0;0;0;0;1;0;0;2
G1;888540050011;Conhecimento;202307;0;0;0;0;1;0;0;2
G1;888540050011;Conhecimento;202308;0;0;3;0;1;0;3;2
G1;888540050011;Conhecimento;202309;0;0;0;0;1;0;3;2
G1;888540050011;Conhecimento;202310;1;0;0;1;2;0;3;3
G1;888540050011;Conhecimento;202311;0;0;0;1;2;0;3;4
G1;888540050011;Conhecimento;202312;1;0;0;3;3;0;3;7
G1;888540050011;Conhecimento;202401;2;0;0;3;5;0;3;10
G1;888540050011;Conhecimento;202402;2;0;0;2;6;0;3;12
G1;888540050011;Conhecimento;202403;0;0;0;2;6;0;3;13
G1;888540050011;Conhecimento;202404;0;0;0;2;6;0;3;14
G1;888540050011;Conhecimento;202405;4;0;0;2;10;0;3;16
G1;888540050011;Conhecimento;202406;12;0;0;7;22;0;3;23
G1;888540050011;Conhecimento;202407;6;0;0;3;28;0;3;26
G1;888540050011;Conhecimento;202408;2;0;0;4;30;0;0;30
G1;888540050011;Conhecimento;202409;4;0;0;3;34;0;0;33
G1;888540050011;Conhecimento;202410;2;0;0;3;35;0;0;35
G1;888540050011;Conhecimento;202411;3;0;0;5;38;0;0;39
G1;888540050011;Conhecimento;202412;7;0;0;5;44;0;0;41
G1;888540050011;Conhecimento;202501;3;0;0;1;45;0;0;39
G1;888540050011;Conhecimento;202502;5;0;0;2;48;0;0;39
G1;888540050011;Conhecimento;202503;1;0;0;3;49;0;0;40
G1;888540050011;Conhecimento;202504;4;0;0;3;53;0;0;41
G1;888540050011;Conhecimento;202505;1;0;0;2;50;0;0;41
G1;888540050011;Conhecimento;202506;4;0;0;5;42;0;0;39
G1;888540050011;Conhecimento;202507;5;0;0;5;41;0;0;41
G1;888540050011;Conhecimento;202508;2;0;0;4;41;0;0;41
G1;888540050011;Conhecimento;202509;2;0;0;0;39;0;0;38
G1;888540050011;Conhecimento;202510;4;0;0;2;41;0;0;37
G1;888540050011;Conhecimento;202511;8;0;1;2;46;0;1;34
G1;888550020012;Conhecimento;202309;0;0;1;0;0;0;1;0
G1;888560040312;Conhecimento;202308;0;0;0;1;0;0;0;1
G1;888560040312;Conhecimento;202404;0;0;1;2;0;0;1;3
G1;888560040312;Conhecimento;202405;0;0;0;1;0;0;1;4
G1;888560040312;Conhecimento;202406;0;0;4;1;0;0;5;5
G1;888560040312;Conhecimento;202407;0;0;3;4;0;0;8;9
G1;888560040312;Conhecimento;202408;0;0;1;0;0;0;9;8
G1;888560040312;Conhecimento;202409;0;0;0;1;0;0;9;9
G1;888560040312;Conhecimento;202410;0;0;2;1;0;0;11;10
G1;888560040312;Conhecimento;202412;0;0;1;1;0;0;12;11
G1;888560040312;Conhecimento;202605;0;0;0;2;0;0;0;2
G1;888560040312;Conhecimento;202606;0;0;0;0;0;0;0;2
G1;888570130010;Execução de Título Extrajudicial;202301;0;0;0;0;0;0;0;0
G1;888570130010;Conhecimento;202301;0;0;0;0;0;0;0;0
G1;888570130010;Execução de Título Extrajudicial;202302;0;0;0;0;0;0;0;0
G1;888570130010;Conhecimento;202302;0;0;0;0;0;0;0;0
G1;888570130010;Execução de Título Extrajudicial;202303;0;0;0;0;0;0;0;0
G1;888570130010;Conhecimento;202303;0;0;0;0;0;0;0;0
G1;888570130010;Conhecimento;202304;0;0;0;0;0;0;0;0
G1;888570130010;Execução de Título Extrajudicial;202304;0;0;0;0;0;0;0;0
G1;888570130010;Conhecimento;202305;0;0;2;1;0;0;2;1
G1;888570130010;Execução de Título Extrajudicial;202305;0;0;0;0;0;0;0;0
G1;888570130010;Conhecimento;202306;0;0;0;0;0;0;2;1
G1;888570130010;Execução de Título Extrajudicial;202306;0;0;0;0;0;0;0;0
G1;888570130010;Conhecimento;202307;0;3;1;2;0;3;3;3
G1;888570130010;Execução de Título Extrajudicial;202307;0;0;0;0;0;0;0;0
G1;888570130010;Conhecimento;202308;0;0;0;0;0;3;3;3
G1;888570130010;Execução de Título Extrajudicial;202308;0;0;0;0;0;0;0;0
G1;888570130010;Conhecimento;202309;0;0;1;1;0;3;4;4
G1;888570130010;Execução de Título Extrajudicial;202309;0;0;0;0;0;0;0;0
G1;888570130010;Conhecimento;202310;0;0;0;0;0;3;4;4
G1;888570130010;Execução de Título Extrajudicial;202310;0;0;0;0;0;0;0;0
G1;888570130010;Execução de Título Extrajudicial;202311;0;0;0;0;0;0;0;0
G1;888570130010;Conhecimento;202311;0;0;0;0;0;3;4;4
G1;888570130010;Execução de Título Extrajudicial;202312;0;0;0;0;0;0;0;0
G1;888570130010;Conhecimento;202312;0;0;0;0;0;3;4;4
G1;888570130010;Conhecimento;202401;0;0;0;0;0;3;4;4
G1;888570130010;Execução de Título Extrajudicial;202401;0;0;0;0;0;0;0;0
G1;888570130010;Execução de Título Extrajudicial;202402;0;0;0;0;0;0;0;0
G1;888570130010;Conhecimento;202402;0;1;0;0;0;4;4;4
G1;888570130010;Conhecimento;202403;0;5;0;1;0;9;4;5
G1;888570130010;Execução de Título Extrajudicial;202403;0;1;0;0;0;1;0;0
G1;888570130010;Conhecimento;202404;0;0;0;0;0;9;4;5
G1;888570130010;Conhecimento;202405;0;0;0;0;0;9;2;4
G1;888570130010;Conhecimento;202406;1;2;0;0;1;11;2;4
G1;888570130010;Conhecimento;202407;0;0;0;0;1;8;1;2
G1;888570130010;Conhecimento;202408;0;1;0;0;1;9;1;2
G1;888570130010;Conhecimento;202409;2;1;0;0;3;10;0;1
G1;888570130010;Conhecimento;202410;0;0;0;0;3;10;0;1
G1;888570130010;Conhecimento;202411;1;1;1;1;4;11;1;2
G1;888570130010;Conhecimento;202412;0;0;0;1;4;11;1;3
G1;888570130010;Conhecimento;202501;0;0;0;0;4;11;1;3
G1;888570130010;Conhecimento;202502;1;0;1;2;5;10;2;5
G1;888570130010;Conhecimento;202504;0;0;3;1;5;5;5;5
G1;888570130010;Conhecimento;202505;0;0;1;0;5;5;6;5
G1;888570130010;Conhecimento;202512;0;0;0;1;1;0;5;4
G1;888570130010;Conhecimento;202601;0;0;0;0;1;0;5;4
G1;888570130010;Conhecimento;202602;0;0;0;1;0;0;4;3
G1;888570130010;Conhecimento;202603;0;0;0;0;0;0;4;3
G1;888570130010;Conhecimento;202604;0;0;0;0;0;0;1;2
G1;888570130010;Conhecimento;202605;0;0;0;1;0;0;0;3
G1;888570130010;Conhecimento;202606;2;0;0;0;2;0;0;3
G1;888600120008;Conhecimento;202306;0;0;0;1;0;0;0;1
G1;888600120008;Conhecimento;202308;0;0;0;4;0;0;0;5
G1;888600120008;Conhecimento;202309;0;0;0;4;0;0;0;9
G1;888600120008;Conhecimento;202310;0;0;1;3;0;0;1;12
G1;888600120008;Conhecimento;202311;6;0;0;2;6;0;1;14
G1;888600120008;Conhecimento;202312;7;0;0;2;13;0;1;16
G1;888600120008;Conhecimento;202401;0;0;0;3;13;0;1;19
G1;888600120008;Conhecimento;202402;1;0;0;0;14;0;1;19
G1;888600120008;Conhecimento;202403;2;0;0;1;16;0;1;20
G1;888600120008;Conhecimento;202404;0;0;0;0;16;0;1;20
G1;888600120008;Conhecimento;202405;18;0;0;3;34;0;1;23
G1;888600120008;Conhecimento;202406;3;0;0;0;37;0;1;22
G1;888600120008;Conhecimento;202601;0;0;0;1;0;0;0;1
G1;888600120008;Conhecimento;202602;0;0;0;2;0;0;0;3
G1;888600120008;Conhecimento;202603;2;0;0;3;2;0;0;6
G1;888600120008;Conhecimento;202604;0;0;0;2;2;0;0;8
G1;888600120008;Conhecimento;202605;3;0;0;1;5;0;0;9
G1;888600120008;Conhecimento;202606;0;0;0;1;5;0;0;10
G1;888610210006;Conhecimento;202407;0;0;1;0;0;0;1;0
G1;888610210006;Conhecimento;202504;0;2;2;2;0;2;3;2
G1;888610210006;Execução de Título Extrajudicial;202504;0;1;1;1;0;1;1;1
G1;888610210006;Conhecimento;202510;0;3;2;1;0;5;4;3
G1;888610210006;Conhecimento;202511;0;0;1;0;0;5;5;3
G1;888610210006;Conhecimento;202602;0;0;0;6;0;5;5;9
G1;888610210006;Conhecimento;202603;5;0;0;6;5;5;5;15
G1;888610210006;Conhecimento;202604;3;0;0;0;8;3;3;13
G1;888610210006;Conhecimento;202605;3;0;0;0;11;3;3;13
G1;888610210006;Conhecimento;202606;2;0;0;1;13;3;3;14
G1;888620080008;Conhecimento;202308;0;0;0;3;0;0;0;3
G1;888620080008;Conhecimento;202309;1;0;0;2;1;0;0;5
G1;888620080008;Conhecimento;202310;2;0;0;6;3;0;0;11
G1;888620080008;Conhecimento;202311;0;0;0;11;3;0;0;22
G1;888620080008;Conhecimento;202312;12;0;0;3;15;0;0;25
G1;888620080008;Conhecimento;202401;3;0;0;5;18;0;0;30
G1;888620080008;Conhecimento;202402;2;0;0;4;20;0;0;34
G1;888620080008;Conhecimento;202403;8;0;0;5;28;0;0;39
G1;888620080008;Conhecimento;202404;3;0;0;16;31;0;0;55
G1;888620080008;Conhecimento;202405;66;0;0;25;97;0;0;80
G1;888620080008;Conhecimento;202406;16;0;0;14;113;0;0;94
G1;888620080008;Conhecimento;202407;8;0;0;4;121;0;0;98
G1;888620080008;Conhecimento;202408;11;0;0;9;132;0;0;104
G1;888620080008;Conhecimento;202409;8;0;0;10;139;0;0;112
G1;888620080008;Conhecimento;202410;11;0;0;11;148;0;0;117
G1;888620080008;Conhecimento;202411;15;0;0;16;163;0;0;122
G1;888620080008;Conhecimento;202412;15;0;0;14;166;0;0;133
G1;888620080008;Conhecimento;202501;7;0;0;14;170;0;0;142
G1;888620080008;Conhecimento;202502;8;0;0;5;176;0;0;143
G1;888620080008;Conhecimento;202503;14;0;0;12;182;0;0;150
G1;888620080008;Conhecimento;202504;8;0;0;13;187;0;0;147
G1;888620080008;Conhecimento;202505;22;0;0;13;143;0;0;135
G1;888620080008;Conhecimento;202506;14;0;0;14;141;0;0;135
G1;888620080008;Conhecimento;202507;6;0;0;6;139;0;0;137
G1;888620080008;Conhecimento;202508;10;0;0;8;138;0;0;136
G1;888620080008;Conhecimento;202509;3;0;0;6;133;0;0;132
G1;888620080008;Conhecimento;202510;4;0;0;5;126;0;0;126
G1;888620080008;Conhecimento;202511;9;0;0;4;120;0;0;114
G1;888620080008;Conhecimento;202512;2;0;0;1;107;0;0;101
G1;888620080008;Conhecimento;202601;1;0;0;3;101;0;0;90
G1;888620080008;Conhecimento;202602;1;0;0;2;94;0;0;87
G1;888620080008;Conhecimento;202603;1;0;0;0;81;0;0;75
G1;888620080008;Conhecimento;202604;0;0;0;1;73;0;0;63
G1;888620080008;Conhecimento;202605;3;0;0;1;54;0;0;51
G1;888620080008;Conhecimento;202606;3;0;0;3;43;0;0;40
G1;888630220007;Conhecimento;202305;0;1;2;1;0;1;2;1
G1;888630220007;Conhecimento;202309;0;0;0;0;0;1;2;1
G1;888630220007;Conhecimento;202310;1;0;0;0;1;1;2;1
G1;888630220007;Conhecimento;202401;0;0;0;1;1;1;2;2
G1;888630220007;Conhecimento;202403;0;0;1;0;1;1;3;2
G1;888630220007;Conhecimento;202411;0;1;1;0;0;1;2;1
G1;888630220007;Conhecimento;202505;0;1;1;0;0;2;2;0
G1;888630220007;Execução Judicial;202505;0;0;0;1;0;0;0;1
G1;888630220007;Execução Judicial;202506;0;0;0;0;0;0;0;1
G1;888630220007;Execução Judicial;202507;0;0;0;0;0;0;0;1
G1;888630220007;Execução Judicial;202508;0;0;0;0;0;0;0;1
G1;888630220007;Execução Judicial;202509;0;0;0;0;0;0;0;1
G1;888630220007;Execução Judicial;202510;0;0;0;0;0;0;0;1
G1;888630220007;Execução Judicial;202511;0;0;0;0;0;0;0;1
G1;888630220007;Conhecimento;202512;0;0;0;1;0;1;1;1
G1;888630220007;Execução Judicial;202512;0;0;0;0;0;0;0;1
G1;888630220007;Execução Judicial;202601;0;0;1;0;0;0;1;1
G1;888630220007;Conhecimento;202601;0;0;0;0;0;1;1;1
G1;888630220007;Conhecimento;202602;0;0;0;0;0;1;1;1
G1;888630220007;Execução Judicial;202602;0;0;0;0;0;0;1;1
G1;888630220007;Conhecimento;202603;0;1;1;0;0;2;2;1
G1;888630220007;Execução Judicial;202603;0;0;0;0;0;0;1;1
G1;888630220007;Conhecimento;202604;1;0;0;2;1;2;2;3
G1;888630220007;Execução Judicial;202604;0;0;0;0;0;0;1;1
G1;888630220007;Execução Judicial;202605;1;0;0;0;1;0;1;0
G1;888630220007;Conhecimento;202605;0;0;0;2;1;1;1;5
G1;888630220007;Conhecimento;202606;3;0;0;1;4;1;1;6
G1;888640200006;Conhecimento;202507;1;0;0;1;1;0;0;1
G1;888640200006;Conhecimento;202509;0;0;0;1;1;0;0;2
G1;888640200006;Conhecimento;202510;0;1;1;0;1;1;1;2
G1;888660180008;Conhecimento;202410;0;0;0;3;0;0;0;3
G1;888660180008;Conhecimento;202411;0;0;0;1;0;0;0;4
G1;888660180008;Conhecimento;202412;0;0;0;0;0;0;0;4
G1;888660180008;Conhecimento;202501;0;0;0;1;0;0;0;5
G1;888660180008;Conhecimento;202502;1;0;0;1;1;0;0;6
G1;888660180008;Conhecimento;202503;2;0;0;1;3;0;0;7
G1;888660180008;Conhecimento;202504;0;0;0;1;3;0;0;8
G1;888660180008;Conhecimento;202505;1;0;0;1;4;0;0;9
G1;888660180008;Conhecimento;202506;3;0;0;0;7;0;0;9
G1;888660180008;Conhecimento;202507;0;0;0;1;7;0;0;10
G1;888660180008;Conhecimento;202508;0;0;0;0;7;0;0;10
G1;888660180008;Conhecimento;202509;1;0;0;1;8;0;0;11
G1;888660180008;Conhecimento;202510;1;0;0;0;9;0;0;8
G1;888660180008;Conhecimento;202511;0;0;0;0;9;0;0;7
G1;888660180008;Conhecimento;202512;0;0;0;0;9;0;0;7
G1;888660180008;Conhecimento;202601;0;0;0;1;9;0;0;7
G1;888660180008;Conhecimento;202602;0;0;0;0;8;0;0;6
G1;888660180008;Conhecimento;202603;1;0;0;2;7;0;0;7
G1;888660180008;Conhecimento;202604;0;0;0;0;7;0;0;6
G1;888660180008;Conhecimento;202605;2;0;0;0;8;0;0;5
G1;888660180008;Conhecimento;202606;1;0;0;0;6;0;0;5
G1;888670090008;Conhecimento;202303;2;0;0;2;2;0;0;2
G1;888670090008;Conhecimento;202304;0;0;0;1;2;0;0;3
G1;888670090008;Conhecimento;202305;1;0;0;0;3;0;0;3
G1;888670090008;Conhecimento;202306;0;0;0;4;3;0;0;7
G1;888670090008;Conhecimento;202307;3;0;0;0;6;0;0;7
G1;888670090008;Conhecimento;202308;0;0;0;0;6;0;0;7
G1;888670090008;Conhecimento;202309;1;0;0;0;7;0;0;7
G1;888670090008;Conhecimento;202310;0;0;0;2;7;0;0;9
G1;888670090008;Conhecimento;202311;0;0;0;6;7;0;0;15
G1;888670090008;Conhecimento;202312;0;0;0;4;7;0;0;19
G1;888670090008;Conhecimento;202401;2;0;0;4;9;0;0;23
G1;888670090008;Conhecimento;202402;15;0;0;2;24;0;0;25
G1;888670090008;Conhecimento;202403;0;0;0;0;22;0;0;23
G1;888670090008;Conhecimento;202404;0;0;0;1;22;0;0;23
G1;888670090008;Conhecimento;202405;24;0;0;29;45;0;0;52
G1;888670090008;Conhecimento;202406;6;0;0;26;51;0;0;74
G1;888670090008;Conhecimento;202407;50;0;0;1;98;0;0;75
G1;888670090008;Conhecimento;202408;0;0;0;0;98;0;0;75
G1;888670090008;Conhecimento;202409;1;0;0;0;98;0;0;75
G1;888670090008;Conhecimento;202410;0;0;0;0;98;0;0;73
G1;888670090008;Conhecimento;202411;0;0;0;16;98;0;0;83
G1;888670090008;Conhecimento;202412;46;0;0;32;144;0;0;111
G1;888670090008;Conhecimento;202501;2;0;0;0;144;0;0;107
G1;888670090008;Conhecimento;202504;0;0;0;1;129;0;0;105
G1;888670090008;Conhecimento;202505;0;0;0;0;105;0;0;76
G1;888670090008;Conhecimento;202506;2;0;0;3;101;0;0;53
G1;888670090008;Conhecimento;202507;2;0;0;0;53;0;0;52
G1;888670090008;Conhecimento;202508;21;1;0;23;74;1;0;75
G1;888670090008;Conhecimento;202509;1;0;0;4;74;1;0;79
G1;888670090008;Conhecimento;202510;2;0;0;3;76;1;0;82
G1;888670090008;Conhecimento;202511;7;0;0;2;83;1;0;68
G1;888670090008;Conhecimento;202512;2;0;0;2;39;1;0;38
G1;888670090008;Conhecimento;202601;1;0;0;0;38;1;0;38
G1;888670090008;Conhecimento;202602;0;0;0;2;38;1;0;40
G1;888670090008;Conhecimento;202603;2;0;1;5;40;1;1;45
G1;888670090008;Conhecimento;202604;4;0;0;3;44;1;1;47
G1;888670090008;Conhecimento;202605;2;0;0;1;46;1;1;48
G1;888670090008;Conhecimento;202606;11;0;0;11;55;1;1;56
G1;888680110009;Conhecimento;202305;0;0;1;0;0;0;1;0
G1;888680110009;Conhecimento;202404;0;0;0;1;0;0;1;1
G1;888680110009;Conhecimento;202504;0;0;1;0;0;0;1;0
G1;888680110009;Conhecimento;202507;0;0;0;1;0;0;1;1
G1;888680110009;Conhecimento;202508;0;0;0;0;0;0;1;1
G1;888680110009;Conhecimento;202509;1;0;0;0;1;0;1;1
G1;888680110009;Conhecimento;202510;0;0;0;1;1;0;1;2
G1;888680110009;Conhecimento;202511;0;0;0;0;1;0;1;2
G1;888680110009;Conhecimento;202512;1;0;0;0;2;0;1;2
G1;888690140008;Conhecimento;202301;0;0;0;0;0;0;0;0
G1;888690140008;Conhecimento;202302;0;0;0;3;0;0;0;3
G1;888690140008;Conhecimento;202303;0;0;0;17;0;0;0;20
G1;888690140008;Conhecimento;202304;0;3;23;2;0;3;23;22
G1;888690140008;Conhecimento;202305;0;0;0;1;0;3;23;23
G1;888690140008;Conhecimento;202306;0;0;1;0;0;3;24;23
G1;888690140008;Conhecimento;202307;0;21;0;0;0;24;24;23
G1;888690140008;Conhecimento;202308;0;1;0;0;0;25;24;23
G1;888690140008;Conhecimento;202309;0;2;1;0;0;27;25;23
G1;888690140008;Conhecimento;202310;0;0;1;0;0;27;26;23
G1;888690140008;Conhecimento;202311;0;1;0;0;0;28;26;23
G1;888690140008;Conhecimento;202312;0;0;0;0;0;28;26;23
G1;888690140008;Conhecimento;202401;0;0;0;0;0;28;26;23
G1;888690140008;Conhecimento;202402;0;0;0;0;0;28;26;20
G1;888690140008;Conhecimento;202403;0;0;1;1;0;28;27;4
G1;888690140008;Conhecimento;202404;1;0;0;0;1;25;4;2
G1;888690140008;Conhecimento;202405;0;0;1;0;1;25;5;1
G1;888690140008;Conhecimento;202406;0;0;0;0;1;25;4;1
G1;888690140008;Conhecimento;202407;0;1;1;0;1;5;5;1
G1;888690140008;Conhecimento;202408;0;0;0;1;1;4;5;2
G1;888690140008;Conhecimento;202409;0;0;0;0;1;2;4;2
G1;888690140008;Conhecimento;202410;1;0;1;0;2;2;4;2
G1;888690140008;Conhecimento;202411;0;0;0;0;2;1;4;2
G1;888690140008;Conhecimento;202412;0;0;0;2;2;1;4;4
G1;888690140008;Conhecimento;202501;0;0;0;1;2;1;4;5
G1;888690140008;Conhecimento;202502;0;0;0;0;2;1;4;5
G1;888690140008;Conhecimento;202503;2;0;0;5;4;1;3;9
G1;888690140008;Conhecimento;202504;1;0;0;5;4;1;3;14
G1;888690140008;Conhecimento;202505;1;0;0;0;5;1;2;14
G1;888690140008;Conhecimento;202506;3;0;0;0;8;1;2;14
G1;888690140008;Conhecimento;202507;1;0;0;0;9;0;1;14
G1;888690140008;Conhecimento;202508;3;0;0;1;12;0;1;14
G1;888690140008;Conhecimento;202509;3;0;0;1;15;0;1;15
G1;888690140008;Conhecimento;202510;1;0;0;2;15;0;0;17
G1;888690140008;Conhecimento;202511;2;0;0;8;17;0;0;25
G1;888690140008;Conhecimento;202512;0;0;0;18;17;0;0;41
G1;888690140008;Conhecimento;202601;0;0;0;8;17;0;0;48
G1;888690140008;Conhecimento;202602;0;0;0;20;17;0;0;68
G1;888690140008;Conhecimento;202603;31;1;0;28;46;1;0;91
G1;888690140008;Execução Judicial;202603;0;0;0;1;0;0;0;1
G1;888690140008;Conhecimento;202604;15;0;0;28;60;1;0;114
G1;888690140008;Execução Judicial;202604;0;0;1;0;0;0;1;1
G1;888690140008;Conhecimento;202605;12;0;0;20;71;1;0;134
G1;888690140008;Conhecimento;202606;48;0;0;0;116;1;0;134
G1;888700070014;Conhecimento;202308;0;0;0;3;0;0;0;3
G1;888700070014;Conhecimento;202309;3;0;0;1;3;0;0;4
G1;888700070014;Conhecimento;202310;0;0;0;1;3;0;0;5
G1;888700070014;Conhecimento;202311;1;0;0;1;4;0;0;6
G1;888700070014;Conhecimento;202312;1;0;0;0;5;0;0;6
G1;888700070014;Conhecimento;202401;0;0;0;0;5;0;0;6
G1;888700070014;Conhecimento;202402;0;0;0;0;5;0;0;6
G1;888700070014;Conhecimento;202403;0;0;0;0;5;0;0;6
G1;888700070014;Conhecimento;202404;5;0;0;1;10;0;0;7
G1;888700070014;Conhecimento;202405;2;0;0;1;12;0;0;8
G1;888700070014;Conhecimento;202406;0;0;0;1;12;0;0;9
G1;888700070014;Conhecimento;202407;2;0;0;0;14;0;0;9
G1;888700070014;Conhecimento;202408;0;0;0;2;14;0;0;8
G1;888700070014;Conhecimento;202409;0;0;0;0;11;0;0;7
G1;888700070014;Conhecimento;202410;2;0;0;1;13;0;0;7
G1;888700070014;Conhecimento;202411;0;0;0;0;12;0;0;6
G1;888700070014;Conhecimento;202412;1;0;0;1;12;0;0;7
G1;888700070014;Conhecimento;202501;0;0;0;0;12;0;0;7
G1;888700070014;Conhecimento;202502;1;0;0;0;13;0;0;7
G1;888700070014;Conhecimento;202504;1;0;0;1;9;0;0;7
G1;888710060007;Conhecimento;202511;0;0;0;1;0;0;0;1
G1;888710060007;Conhecimento;202512;0;0;0;0;0;0;0;1
G1;888710060007;Conhecimento;202601;0;0;0;0;0;0;0;1
G1;888710060007;Conhecimento;202602;0;0;0;0;0;0;0;1
G1;888710060007;Conhecimento;202603;0;0;0;0;0;0;0;1
G1;888710060007;Conhecimento;202604;1;0;0;0;1;0;0;1
G1;896129120001;Conhecimento;202405;0;0;0;0;0;0;0;0
G1;896129120001;Conhecimento;202406;0;0;0;0;0;0;0;0
G1;896129120001;Conhecimento;202407;0;0;0;0;0;0;0;0
G1;896129120001;Conhecimento;202408;0;0;0;0;0;0;0;0
G1;896129120001;Conhecimento;202409;0;73;7;17;0;73;7;17
G1;896129120001;Conhecimento;202410;0;152;19;64;0;225;26;81
G1;896129120001;Execução Judicial;202411;0;2;2;2;0;2;2;2
G1;896129120001;Conhecimento;202411;7;221;239;335;7;446;265;416
G1;896129120001;Execução Judicial;202412;0;3;2;5;0;5;4;7
G1;896129120001;Conhecimento;202412;12;197;168;385;19;643;433;801
G1;896129120001;Execução Judicial;202501;1;4;5;1;1;9;9;8
G1;896129120001;Conhecimento;202501;44;498;514;360;63;1141;947;1161
G1;896129120001;Conhecimento;202502;34;336;328;331;97;1477;1275;1492
G1;896129120001;Execução Judicial;202502;0;2;2;4;1;11;11;12
G1;896129120001;Conhecimento;202503;20;337;315;381;117;1814;1590;1873
G1;896129120001;Execução Judicial;202503;1;12;12;12;2;23;23;24
G1;896129120001;Conhecimento;202504;32;374;365;418;149;2188;1955;2291
G1;896129120001;Execução Judicial;202504;1;6;5;4;3;29;28;28
G1;896129120001;Conhecimento;202505;35;445;447;472;184;2633;2402;2763
G1;896129120001;Execução Judicial;202505;0;11;12;13;3;40;40;41
G1;896129120001;Conhecimento;202506;42;455;360;464;226;3088;2762;3227
G1;896129120001;Execução Judicial;202506;0;5;5;4;3;45;45;45
G1;896129120001;Conhecimento;202507;57;454;600;491;283;3542;3362;3718
G1;896129120001;Execução Judicial;202507;0;9;9;8;3;54;54;53
G1;896129120001;Execução Judicial;202508;0;5;4;5;3;59;58;58
G1;896129120001;Conhecimento;202508;29;525;557;470;312;4067;3919;4188
G1;896129120001;Execução Judicial;202509;0;2;3;2;3;61;61;60
G1;896129120001;Conhecimento;202509;26;368;352;391;338;4362;4264;4562
G1;896129120001;Execução Judicial;202510;0;0;0;1;3;61;61;61
G1;896129120001;Conhecimento;202510;44;514;546;465;382;4724;4791;4963
G1;896129120001;Conhecimento;202511;18;392;393;437;393;4895;4945;5065
G1;896129120001;Execução Judicial;202511;0;9;9;8;3;68;68;67
G1;896129120001;Conhecimento;202512;26;405;409;482;407;5103;5186;5162
G1;896129120001;Execução Judicial;202512;0;4;3;5;3;69;69;67
G1;896129120001;Execução Judicial;202601;0;4;5;5;2;69;69;71
G1;896129120001;Conhecimento;202601;27;511;516;406;390;5116;5188;5208
G1;896129120001;Execução Judicial;202602;0;5;5;3;2;72;72;70
G1;896129120001;Conhecimento;202602;50;428;464;384;406;5208;5324;5261
G1;896129120001;Conhecimento;202603;46;360;364;315;432;5231;5373;5195
G1;896129120001;Execução Judicial;202603;1;5;5;5;2;65;65;63
G1;896129120001;Conhecimento;202604;28;342;330;177;428;5199;5338;4954
G1;896129120001;Conhecimento;202605;29;174;125;33;422;4928;5016;4515
G1;896129120001;Conhecimento;202606;8;91;63;66;388;4564;4719;4117
G2;-1;Conhecimento;202301;0;0;0;0;0;0;0;0
G2;-1;Conhecimento;202302;0;0;0;0;0;0;0;0
G2;-1;Conhecimento;202303;1;0;0;0;1;0;0;0
G2;-1;Conhecimento;202304;0;0;0;0;1;0;0;0
G2;-1;Conhecimento;202305;0;0;0;0;1;0;0;0
G2;-1;Conhecimento;202306;0;0;0;1;1;0;0;1
G2;-1;Conhecimento;202307;0;1;1;0;1;1;1;1
G2;-1;Conhecimento;202308;0;1;0;0;1;2;1;1
G2;-1;Conhecimento;202309;0;0;0;0;1;2;1;1
G2;-1;Conhecimento;202310;0;0;0;0;1;2;1;1
G2;-1;Conhecimento;202311;0;1;0;0;1;3;1;1
G2;-1;Conhecimento;202312;0;0;0;0;1;3;1;1
G2;-1;Conhecimento;202401;0;0;0;0;1;3;1;1
G2;-1;Conhecimento;202402;2;0;0;0;3;3;1;1
G2;-1;Conhecimento;202403;1;0;0;0;3;3;1;1
G2;-1;Conhecimento;202404;1;0;0;0;4;3;1;1
G2;-1;Conhecimento;202405;0;0;0;0;4;3;1;1
G2;-1;Conhecimento;202406;0;0;0;1;4;3;1;1
G2;-1;Conhecimento;202407;0;0;0;0;4;2;0;1
G2;-1;Conhecimento;202408;0;0;0;0;4;1;0;1
G2;-1;Conhecimento;202409;0;0;0;0;4;1;0;1
G2;-1;Conhecimento;202410;0;0;0;1;4;1;0;2
G2;-1;Conhecimento;202411;0;0;0;0;4;0;0;2
G2;-1;Conhecimento;202412;0;0;0;0;4;0;0;2
G2;-1;Conhecimento;202501;1;0;0;0;5;0;0;2
G2;-1;Conhecimento;202502;0;0;0;0;3;0;0;2
G2;-1;Conhecimento;202503;1;0;0;0;3;0;0;2
G2;-1;Conhecimento;202504;0;0;0;0;2;0;0;2
G2;-1;Conhecimento;202505;0;0;0;0;2;0;0;2
G2;-1;Conhecimento;202506;0;2;0;0;2;2;0;1
G2;-1;Conhecimento;202507;0;1;0;0;2;3;0;1
G2;-1;Conhecimento;202508;0;0;0;0;2;3;0;1
G2;-1;Conhecimento;202509;0;0;0;0;2;3;0;1
G2;-1;Conhecimento;202510;0;0;0;0;2;3;0;0
G2;-1;Conhecimento;202511;0;0;0;0;2;3;0;0
G2;-1;Conhecimento;202512;2;0;0;0;4;3;0;0
G2;-1;Conhecimento;202601;0;0;0;0;3;3;0;0
G2;-1;Conhecimento;202602;0;0;0;0;3;3;0;0
G2;-1;Conhecimento;202603;1;0;0;0;3;3;0;0
G2;-1;Conhecimento;202604;0;0;0;0;3;3;0;0
G2;-1;Conhecimento;202605;0;0;0;0;3;3;0;0
G2;-1;Conhecimento;202606;0;0;0;0;3;1;0;0
G2;335489000002;Conhecimento;202301;0;0;0;0;0;0;0;0
G2;335489000002;Conhecimento;202302;3;0;3;0;3;0;3;0
G2;335489000002;Conhecimento;202303;1;0;0;0;4;0;3;0
G2;335489000002;Conhecimento;202304;0;0;0;0;4;0;3;0
G2;335489000002;Conhecimento;202305;1;0;0;0;5;0;3;0
G2;335489000002;Conhecimento;202306;10;0;0;0;15;0;3;0
G2;335489000002;Conhecimento;202307;11;0;2;0;26;0;5;0
G2;335489000002;Conhecimento;202308;9;1;4;3;35;1;9;3
G2;335489000002;Conhecimento;202309;4;0;0;0;39;1;9;3
G2;335489000002;Conhecimento;202310;4;0;2;0;43;1;11;3
G2;335489000002;Conhecimento;202311;6;2;7;5;49;3;18;8
G2;335489000002;Conhecimento;202312;5;0;1;1;54;3;19;9
G2;335489000002;Conhecimento;202401;1;2;6;2;55;5;25;11
G2;335489000002;Conhecimento;202402;7;0;2;2;59;5;24;13
G2;335489000002;Conhecimento;202403;8;0;2;1;66;5;26;14
G2;335489000002;Conhecimento;202404;15;4;7;1;81;9;33;15
G2;335489000002;Conhecimento;202405;7;0;0;1;87;9;33;16
G2;335489000002;Conhecimento;202406;2;1;3;3;79;10;36;19
G2;335489000002;Conhecimento;202407;1;0;2;3;69;10;36;22
G2;335489000002;Conhecimento;202408;1;1;3;2;61;10;35;21
G2;335489000002;Conhecimento;202409;2;0;2;0;59;10;37;21
G2;335489000002;Conhecimento;202410;1;0;0;0;56;10;35;21
G2;335489000002;Conhecimento;202411;0;0;1;0;50;8;29;16
G2;335489000002;Conhecimento;202412;0;0;0;0;45;8;28;15
G2;335489000002;Conhecimento;202501;0;0;0;0;44;6;22;13
G2;335489000002;Conhecimento;202502;1;0;0;0;38;6;20;11
G2;335489000002;Conhecimento;202606;0;1;0;0;0;1;0;0
G2;335499000001;Conhecimento;202301;2;4;3;31;2;4;3;31
G2;335499000001;Conhecimento;202302;53;0;3;33;55;4;6;64
G2;335499000001;Conhecimento;202303;46;1;11;45;101;5;17;109
G2;335499000001;Conhecimento;202304;9;0;3;83;110;5;20;192
G2;335499000001;Conhecimento;202305;67;2;17;65;177;7;37;257
G2;335499000001;Conhecimento;202306;51;3;9;78;228;10;46;335
G2;335499000001;Conhecimento;202307;41;0;4;47;269;10;50;382
G2;335499000001;Conhecimento;202308;38;2;8;55;307;12;58;437
G2;335499000001;Conhecimento;202309;47;3;7;48;354;15;65;485
G2;335499000001;Conhecimento;202310;27;4;6;52;381;19;71;537
G2;335499000001;Conhecimento;202311;33;1;13;53;414;20;84;590
G2;335499000001;Conhecimento;202312;26;12;6;49;440;32;90;639
G2;335499000001;Conhecimento;202401;7;5;6;48;445;33;93;656
G2;335499000001;Conhecimento;202402;69;3;9;62;461;36;99;685
G2;335499000001;Conhecimento;202403;45;5;11;57;460;40;99;697
G2;335499000001;Conhecimento;202404;37;8;9;79;488;48;105;693
G2;335499000001;Conhecimento;202405;60;1;14;83;481;47;102;711
G2;335499000001;Conhecimento;202406;46;5;13;75;476;49;106;708
G2;335499000001;Conhecimento;202407;129;3;9;173;564;52;111;834
G2;335499000001;Conhecimento;202408;81;4;14;81;607;54;117;860
G2;335499000001;Conhecimento;202409;82;0;35;14;642;51;145;826
G2;335499000001;Conhecimento;202410;80;0;14;0;695;47;153;774
G2;335499000001;Conhecimento;202411;34;0;5;0;696;46;145;721
G2;335499000001;Conhecimento;202412;12;0;36;0;682;34;175;672
G2;335499000001;Conhecimento;202501;13;0;3;0;688;29;172;624
G2;335499000001;Conhecimento;202502;42;0;0;0;661;26;163;562
G2;335499000001;Conhecimento;202503;45;0;12;0;661;21;164;505
G2;335499000001;Conhecimento;202504;54;0;12;0;678;13;167;426
G2;335499000001;Conhecimento;202505;53;0;17;0;671;12;170;343
G2;335499000001;Conhecimento;202506;20;0;12;0;645;7;169;268
G2;335499000001;Conhecimento;202507;17;0;5;0;533;4;165;95
G2;335499000001;Conhecimento;202508;10;0;4;0;462;0;155;14
G2;335499000001;Conhecimento;202509;7;0;6;0;387;0;126;0
G2;335499000001;Conhecimento;202510;5;0;1;0;312;0;113;0
G2;335499000001;Conhecimento;202511;3;0;1;0;281;0;109;0
G2;335499000001;Conhecimento;202512;0;0;2;0;269;0;75;0
G2;335499000001;Conhecimento;202601;0;0;0;0;256;0;72;0
G2;335499000001;Conhecimento;202602;2;0;0;0;216;0;72;0
G2;335499000001;Conhecimento;202603;0;0;0;0;171;0;60;0
G2;335499000001;Conhecimento;202604;0;0;1;0;117;0;49;0
G2;335499000001;Conhecimento;202605;1;0;0;0;65;0;32;0
G2;335499000001;Conhecimento;202606;0;4;0;0;45;4;20;0
G2;335509000029;Conhecimento;202301;0;0;0;0;0;0;0;0
G2;335509000029;Conhecimento;202302;0;0;0;0;0;0;0;0
G2;335509000029;Conhecimento;202303;0;0;0;0;0;0;0;0
G2;335509000029;Conhecimento;202304;0;0;0;0;0;0;0;0
G2;335509000029;Conhecimento;202305;0;0;0;0;0;0;0;0
G2;335509000029;Conhecimento;202306;0;0;0;0;0;0;0;0
G2;335509000029;Conhecimento;202307;0;0;2;205;0;0;2;205
G2;335509000029;Conhecimento;202308;0;3;9;120;0;3;11;325
G2;335509000029;Conhecimento;202309;8;3;6;53;8;6;17;378
G2;335509000029;Conhecimento;202310;33;2;5;67;41;8;22;445
G2;335509000029;Conhecimento;202311;40;5;4;51;81;13;26;496
G2;335509000029;Conhecimento;202312;33;1;6;3;114;14;32;499
G2;335509000029;Conhecimento;202401;5;0;2;3;119;14;34;502
G2;335509000029;Conhecimento;202402;35;2;17;6;154;16;51;508
G2;335509000029;Conhecimento;202403;51;3;10;7;205;19;61;515
G2;335509000029;Conhecimento;202404;54;1;8;3;259;20;69;518
G2;335509000029;Conhecimento;202405;50;2;2;5;309;22;71;523
G2;335509000029;Conhecimento;202406;28;1;4;0;337;23;75;523
G2;335509000029;Conhecimento;202407;36;0;9;2;373;23;82;320
G2;335509000029;Conhecimento;202408;16;0;9;0;389;20;82;200
G2;335509000029;Conhecimento;202409;38;0;5;0;419;17;81;147
G2;335509000029;Conhecimento;202410;7;0;3;0;393;15;79;80
G2;335509000029;Conhecimento;202411;0;0;0;0;353;10;75;29
G2;335509000029;Conhecimento;202412;2;0;1;0;322;9;70;26
G2;335509000029;Conhecimento;202501;2;0;1;0;319;9;69;23
G2;335509000029;Conhecimento;202502;1;0;0;0;285;7;52;17
G2;335509000029;Conhecimento;202503;0;0;0;0;234;4;42;10
G2;335509000029;Conhecimento;202504;1;0;0;0;181;3;34;7
G2;335509000029;Conhecimento;202505;0;0;0;0;131;1;32;2
G2;335509000029;Conhecimento;202506;0;0;0;0;103;0;28;2
G2;335509000029;Conhecimento;202507;0;0;1;0;67;0;20;0
G2;335509000029;Conhecimento;202508;1;0;0;0;52;0;11;0
G2;335509000029;Conhecimento;202509;0;0;0;0;14;0;6;0
G2;335509000029;Conhecimento;202510;0;0;1;0;7;0;4;0
G2;335509000029;Conhecimento;202511;0;0;0;0;7;0;4;0
G2;335509000029;Conhecimento;202512;0;0;0;0;5;0;3;0
G2;335509000029;Conhecimento;202601;0;0;0;0;3;0;2;0
G2;335509000029;Conhecimento;202602;0;0;0;0;2;0;2;0
G2;335509000029;Conhecimento;202603;0;0;0;0;2;0;2;0
G2;335509000029;Conhecimento;202604;0;0;0;0;1;0;2;0
G2;335509000029;Conhecimento;202605;0;0;0;0;1;0;2;0
G2;335509000029;Conhecimento;202606;0;7;1;0;1;7;3;0
G2;335539002164;Conhecimento;202301;11;2;5;24;11;2;5;24
G2;335539002164;Conhecimento;202302;71;1;3;76;82;3;8;100
G2;335539002164;Conhecimento;202303;46;13;7;88;128;16;15;188
G2;335539002164;Conhecimento;202304;32;1;5;49;160;17;20;237
G2;335539002164;Conhecimento;202305;80;3;17;66;240;20;37;303
G2;335539002164;Conhecimento;202306;64;4;9;88;304;24;46;391
G2;335539002164;Execução Judicial;202306;0;0;0;0;0;0;0;0
G2;335539002164;Execução Judicial;202307;0;0;0;0;0;0;0;0
G2;335539002164;Conhecimento;202307;121;5;5;39;425;29;51;430
G2;335539002164;Execução Judicial;202308;0;0;0;0;0;0;0;0
G2;335539002164;Conhecimento;202308;55;3;16;38;480;32;67;468
G2;335539002164;Conhecimento;202309;40;5;5;59;520;37;72;527
G2;335539002164;Execução Judicial;202309;0;0;0;0;0;0;0;0
G2;335539002164;Conhecimento;202310;29;2;5;68;549;39;77;595
G2;335539002164;Execução Judicial;202310;0;0;0;0;0;0;0;0
G2;335539002164;Execução Judicial;202311;0;0;0;0;0;0;0;0
G2;335539002164;Conhecimento;202311;33;8;12;49;582;47;89;644
G2;335539002164;Execução Judicial;202312;0;0;0;0;0;0;0;0
G2;335539002164;Conhecimento;202312;34;6;10;59;616;53;99;703
G2;335539002164;Execução Judicial;202401;0;0;0;0;0;0;0;0
G2;335539002164;Conhecimento;202401;7;5;1;60;612;56;95;739
G2;335539002164;Execução Judicial;202402;0;0;0;0;0;0;0;0
G2;335539002164;Conhecimento;202402;65;5;13;78;606;60;105;741
G2;335539002164;Conhecimento;202403;57;3;19;87;617;50;117;740
G2;335539002164;Execução Judicial;202403;0;0;0;0;0;0;0;0
G2;335539002164;Conhecimento;202404;40;8;6;81;625;57;118;772
G2;335539002164;Conhecimento;202405;101;3;33;111;646;57;134;817
G2;335539002164;Conhecimento;202406;81;1;21;113;663;54;146;842
G2;335539002164;Conhecimento;202407;126;4;28;166;668;53;169;969
G2;335539002164;Conhecimento;202408;55;2;17;182;668;52;170;1113
G2;335539002164;Conhecimento;202409;68;8;14;133;696;55;179;1187
G2;335539002164;Execução Judicial;202409;0;0;0;1;0;0;0;1
G2;335539002164;Conhecimento;202410;107;4;13;137;774;57;187;1256
G2;335539002164;Execução Judicial;202410;0;0;0;0;0;0;0;1
G2;335539002164;Execução Judicial;202411;1;0;0;0;1;0;0;1
G2;335539002164;Conhecimento;202411;89;2;23;81;830;51;198;1288
G2;335539002164;Conhecimento;202412;137;5;16;83;933;50;204;1312
G2;335539002164;Execução Judicial;202412;0;0;0;1;1;0;0;2
G2;335539002164;Execução Judicial;202501;0;0;0;0;1;0;0;2
G2;335539002164;Conhecimento;202501;96;2;9;44;1022;47;212;1296
G2;335539002164;Conhecimento;202502;95;2;7;9;1052;44;206;1227
G2;335539002164;Execução Judicial;202502;0;0;0;0;1;0;0;2
G2;335539002164;Execução Judicial;202503;0;0;0;0;1;0;0;2
G2;335539002164;Conhecimento;202503;112;0;17;0;1107;41;204;1140
G2;335539002164;Conhecimento;202504;90;0;25;0;1157;33;223;1059
G2;335539002164;Execução Judicial;202504;0;0;0;0;1;0;0;2
G2;335539002164;Execução Judicial;202505;0;0;0;0;1;0;0;2
G2;335539002164;Conhecimento;202505;65;1;33;1;1121;31;223;949
G2;335539002164;Execução Judicial;202506;0;0;0;0;1;0;0;2
G2;335539002164;Conhecimento;202506;30;0;25;0;1070;30;227;836
G2;335539002164;Conhecimento;202507;37;0;8;0;981;26;207;670
G2;335539002164;Execução Judicial;202507;0;0;0;0;1;0;0;2
G2;335539002164;Conhecimento;202508;12;0;18;0;938;24;208;488
G2;335539002164;Execução Judicial;202508;0;0;0;0;1;0;0;2
G2;335539002164;Execução Judicial;202509;0;0;0;0;1;0;0;1
G2;335539002164;Conhecimento;202509;5;0;1;0;875;16;195;355
G2;335539002164;Execução Judicial;202510;0;0;0;0;1;0;0;1
G2;335539002164;Conhecimento;202510;15;0;4;0;783;12;186;218
G2;335539002164;Conhecimento;202511;6;0;4;0;700;10;167;137
G2;335539002164;Execução Judicial;202511;0;0;0;0;0;0;0;1
G2;335539002164;Conhecimento;202512;2;0;2;0;565;5;153;54
G2;335539002164;Execução Judicial;202512;0;0;0;0;0;0;0;0
G2;335539002164;Execução Judicial;202601;0;0;0;0;0;0;0;0
G2;335539002164;Conhecimento;202601;0;0;0;0;469;3;144;10
G2;335539002164;Conhecimento;202602;2;0;0;0;376;1;137;1
G2;335539002164;Execução Judicial;202602;0;0;0;0;0;0;0;0
G2;335539002164;Execução Judicial;202603;0;0;0;0;0;0;0;0
G2;335539002164;Conhecimento;202603;1;0;0;0;265;1;120;1
G2;335539002164;Conhecimento;202604;0;0;1;1;175;1;96;2
G2;335539002164;Execução Judicial;202604;0;0;0;0;0;0;0;0
G2;335539002164;Conhecimento;202605;0;0;1;0;110;0;64;1
G2;335539002164;Execução Judicial;202605;0;0;0;0;0;0;0;0
G2;335539002164;Execução Judicial;202606;0;0;0;0;0;0;0;0
G2;335559002135;Conhecimento;202301;0;9;8;33;0;9;8;33
G2;335559002135;Conhecimento;202302;69;0;7;0;69;9;15;33
G2;335559002135;Conhecimento;202303;57;0;8;0;126;9;23;33
G2;335559002135;Conhecimento;202304;15;0;2;0;141;9;25;33
G2;335559002135;Conhecimento;202305;31;0;3;0;172;9;28;33
G2;335559002135;Conhecimento;202306;11;0;2;0;183;9;30;33
G2;335559002135;Conhecimento;202307;41;0;4;0;224;9;34;33
G2;335559002135;Conhecimento;202308;12;0;6;1;236;9;40;34
G2;335559002135;Conhecimento;202309;5;0;0;0;241;9;40;34
G2;335559002135;Conhecimento;202310;8;0;1;0;249;9;41;34
G2;335559002135;Conhecimento;202311;15;0;4;0;264;9;45;34
G2;335559002135;Conhecimento;202312;12;0;2;0;276;9;47;34
G2;335559002135;Conhecimento;202401;6;0;1;1;282;0;40;2
G2;335559002135;Conhecimento;202402;6;0;2;0;219;0;35;2
G2;335559002135;Conhecimento;202403;6;0;0;0;168;0;27;2
G2;335559002135;Conhecimento;202404;4;0;1;0;157;0;26;2
G2;335559002135;Conhecimento;202405;0;0;2;2;126;0;25;4
G2;335559002135;Conhecimento;202406;4;1;0;1;119;1;23;5
G2;335559002135;Conhecimento;202407;0;0;1;1;78;1;20;6
G2;335559002135;Conhecimento;202408;0;0;1;0;66;1;15;5
G2;335559002135;Conhecimento;202409;0;0;1;0;61;1;16;5
G2;335559002135;Conhecimento;202410;0;0;0;0;53;1;15;5
G2;335559002135;Conhecimento;202411;0;0;0;1;38;1;11;6
G2;335559002135;Conhecimento;202412;0;0;0;0;26;1;9;6
G2;335559002135;Conhecimento;202501;0;0;0;0;20;1;8;5
G2;335559002135;Conhecimento;202502;0;37;0;1;14;38;6;6
G2;335559002135;Conhecimento;202503;4;196;1;2;12;234;7;8
G2;335559002135;Conhecimento;202504;13;149;2;8;21;383;8;16
G2;335559002135;Conhecimento;202505;42;283;4;7;63;666;10;21
G2;335559002135;Conhecimento;202506;91;155;40;4;150;820;50;24
G2;335559002135;Conhecimento;202507;91;151;10;6;241;971;59;29
G2;335559002135;Execução Judicial;202508;0;0;0;1;0;0;0;1
G2;335559002135;Conhecimento;202508;112;249;8;6;353;1220;66;35
G2;335559002135;Execução Judicial;202509;0;0;0;0;0;0;0;1
G2;335559002135;Conhecimento;202509;171;160;8;8;524;1380;73;43
G2;335559002135;Conhecimento;202510;151;155;3;10;675;1535;76;53
G2;335559002135;Execução Judicial;202510;0;0;0;0;0;0;0;1
G2;335559002135;Conhecimento;202511;154;128;23;4;829;1663;99;56
G2;335559002135;Execução Judicial;202511;1;0;0;0;1;0;0;1
G2;335559002135;Execução Judicial;202512;0;0;1;0;1;0;1;1
G2;335559002135;Conhecimento;202512;146;158;8;10;975;1821;107;66
G2;335559002135;Conhecimento;202601;39;62;8;10;1014;1883;115;76
G2;335559002135;Conhecimento;202602;237;130;15;11;1251;1976;130;86
G2;335559002135;Conhecimento;202603;189;159;25;14;1436;1939;154;98
G2;335559002135;Conhecimento;202604;157;196;16;5;1580;1986;168;95
G2;335559002135;Conhecimento;202605;162;230;24;2;1700;1933;188;90
G2;335559002135;Conhecimento;202606;173;69;117;2;1782;1847;265;88
G2;335559002135;Execução Judicial;202606;0;0;0;0;1;0;1;1
G2;335569002130;Conhecimento;202301;6;5;1;37;6;5;1;37
G2;335569002130;Conhecimento;202302;52;4;3;104;58;9;4;141
G2;335569002130;Conhecimento;202303;85;3;1;144;143;12;5;285
G2;335569002130;Conhecimento;202304;48;4;6;139;191;16;11;424
G2;335569002130;Execução Judicial;202304;0;0;0;0;0;0;0;0
G2;335569002130;Conhecimento;202305;67;6;3;132;258;22;14;556
G2;335569002130;Execução Judicial;202305;0;0;0;0;0;0;0;0
G2;335569002130;Execução Judicial;202306;0;0;0;0;0;0;0;0
G2;335569002130;Conhecimento;202306;66;1;2;50;324;23;16;606
G2;335569002130;Execução Judicial;202307;0;0;0;0;0;0;0;0
G2;335569002130;Conhecimento;202307;64;1;4;53;388;24;20;659
G2;335569002130;Execução Judicial;202308;0;0;0;0;0;0;0;0
G2;335569002130;Conhecimento;202308;48;2;2;61;436;26;22;720
G2;335569002130;Execução Judicial;202309;0;0;0;0;0;0;0;0
G2;335569002130;Conhecimento;202309;60;9;17;83;496;35;39;803
G2;335569002130;Conhecimento;202310;73;3;13;94;569;38;52;897
G2;335569002130;Execução Judicial;202310;0;0;0;0;0;0;0;0
G2;335569002130;Execução Judicial;202311;0;0;0;0;0;0;0;0
G2;335569002130;Conhecimento;202311;141;8;37;121;710;46;89;1018
G2;335569002130;Conhecimento;202312;110;8;6;80;820;54;95;1098
G2;335569002130;Execução Judicial;202312;0;0;0;0;0;0;0;0
G2;335569002130;Execução Judicial;202401;0;0;0;0;0;0;0;0
G2;335569002130;Conhecimento;202401;21;8;26;69;835;57;120;1130
G2;335569002130;Execução Judicial;202402;0;0;0;0;0;0;0;0
G2;335569002130;Conhecimento;202402;107;6;28;83;890;59;145;1109
G2;335569002130;Execução Judicial;202403;0;0;0;0;0;0;0;0
G2;335569002130;Conhecimento;202403;222;4;38;75;1027;60;182;1040
G2;335569002130;Execução Judicial;202404;0;0;0;0;0;0;0;0
G2;335569002130;Conhecimento;202404;199;11;40;101;1178;67;216;1002
G2;335569002130;Conhecimento;202405;201;2;40;106;1312;63;253;976
G2;335569002130;Execução Judicial;202405;0;0;0;0;0;0;0;0
G2;335569002130;Execução Judicial;202406;0;0;0;0;0;0;0;0
G2;335569002130;Conhecimento;202406;249;6;29;88;1495;68;280;1014
G2;335569002130;Execução Judicial;202407;0;0;0;0;0;0;0;0
G2;335569002130;Conhecimento;202407;107;4;37;104;1538;71;313;1065
G2;335569002130;Conhecimento;202408;88;3;27;77;1578;72;338;1081
G2;335569002130;Execução Judicial;202408;0;0;0;0;0;0;0;0
G2;335569002130;Execução Judicial;202409;0;0;0;0;0;0;0;0
G2;335569002130;Conhecimento;202409;74;3;20;92;1592;66;341;1090
G2;335569002130;Conhecimento;202410;75;3;9;95;1594;66;337;1091
G2;335569002130;Execução Judicial;202410;0;0;0;0;0;0;0;0
G2;335569002130;Conhecimento;202411;98;3;9;94;1551;61;309;1064
G2;335569002130;Execução Judicial;202411;0;0;0;0;0;0;0;0
G2;335569002130;Execução Judicial;202412;0;0;0;0;0;0;0;0
G2;335569002130;Conhecimento;202412;69;2;21;109;1510;55;324;1093
G2;335569002130;Execução Judicial;202501;0;0;0;0;0;0;0;0
G2;335569002130;Conhecimento;202501;22;4;26;64;1511;51;324;1088
G2;335569002130;Conhecimento;202502;56;1;18;116;1460;46;314;1121
G2;335569002130;Execução Judicial;202502;0;0;0;0;0;0;0;0
G2;335569002130;Execução Judicial;202503;0;0;0;0;0;0;0;0
G2;335569002130;Conhecimento;202503;115;19;37;107;1353;61;313;1153
G2;335569002130;Conhecimento;202504;102;2;9;77;1256;52;282;1129
G2;335569002130;Execução Judicial;202504;0;0;0;0;0;0;0;0
G2;335569002130;Conhecimento;202505;90;9;38;88;1145;59;280;1111
G2;335569002130;Execução Judicial;202505;0;0;0;0;0;0;0;0
G2;335569002130;Execução Judicial;202506;0;0;0;0;0;0;0;0
G2;335569002130;Conhecimento;202506;95;0;7;96;991;53;258;1119
G2;335569002130;Execução Judicial;202507;0;0;0;0;0;0;0;0
G2;335569002130;Conhecimento;202507;108;3;13;99;992;52;234;1114
G2;335569002130;Execução Judicial;202508;0;0;0;1;0;0;0;1
G2;335569002130;Conhecimento;202508;87;2;36;71;991;51;243;1108
G2;335569002130;Conhecimento;202509;63;3;7;89;980;51;230;1105
G2;335569002130;Execução Judicial;202509;0;0;0;0;0;0;0;1
G2;335569002130;Conhecimento;202510;59;1;9;106;964;49;230;1116
G2;335569002130;Execução Judicial;202510;1;0;0;1;1;0;0;2
G2;335569002130;Execução Judicial;202511;0;0;0;1;1;0;0;3
G2;335569002130;Conhecimento;202511;55;1;18;51;921;47;239;1073
G2;335569002130;Execução Judicial;202512;0;0;0;0;1;0;0;3
G2;335569002130;Conhecimento;202512;51;0;13;64;903;45;231;1028
G2;335569002130;Conhecimento;202601;22;4;11;52;903;45;216;1016
G2;335569002130;Execução Judicial;202601;0;0;0;1;1;0;0;4
G2;335569002130;Conhecimento;202602;72;3;21;75;919;47;219;975
G2;335569002130;Execução Judicial;202602;1;0;0;0;2;0;0;4
G2;335569002130;Conhecimento;202603;77;5;10;88;881;33;192;956
G2;335569002130;Execução Judicial;202603;0;0;0;1;2;0;0;5
G2;335569002130;Execução Judicial;202604;0;0;0;1;2;0;0;6
G2;335569002130;Conhecimento;202604;58;8;20;77;837;39;203;956
G2;335569002130;Conhecimento;202605;48;3;13;90;795;33;178;958
G2;335569002130;Execução Judicial;202605;0;0;0;0;2;0;0;6
G2;335569002130;Conhecimento;202606;43;4;5;66;743;37;176;928
G2;335569002130;Execução Judicial;202606;0;0;0;0;2;0;0;6
G2;335579002035;Conhecimento;202301;49;23;55;79;49;23;55;79
G2;335579002035;Execução Judicial;202301;0;0;0;0;0;0;0;0
G2;335579002035;Conhecimento;202302;76;2;8;17;125;25;63;96
G2;335579002035;Execução Judicial;202302;0;0;0;0;0;0;0;0
G2;335579002035;Execução Judicial;202303;0;0;0;0;0;0;0;0
G2;335579002035;Conhecimento;202303;49;0;4;14;174;25;67;110
G2;335579002035;Conhecimento;202304;29;0;3;22;203;25;70;132
G2;335579002035;Execução Judicial;202304;0;0;0;0;0;0;0;0
G2;335579002035;Execução Judicial;202305;0;0;0;0;0;0;0;0
G2;335579002035;Conhecimento;202305;83;2;18;42;286;27;88;174
G2;335579002035;Conhecimento;202306;75;1;8;42;361;28;96;216
G2;335579002035;Execução Judicial;202306;0;0;0;0;0;0;0;0
G2;335579002035;Conhecimento;202307;52;3;12;83;413;31;108;299
G2;335579002035;Execução Judicial;202307;0;0;0;0;0;0;0;0
G2;335579002035;Execução Judicial;202308;0;0;0;0;0;0;0;0
G2;335579002035;Conhecimento;202308;85;7;12;96;498;38;120;395
G2;335579002035;Execução Judicial;202309;0;0;0;0;0;0;0;0
G2;335579002035;Conhecimento;202309;62;2;10;58;560;40;130;453
G2;335579002035;Execução Judicial;202310;0;0;0;0;0;0;0;0
G2;335579002035;Conhecimento;202310;40;1;16;71;600;41;146;524
G2;335579002035;Conhecimento;202311;87;4;13;87;687;45;159;611
G2;335579002035;Execução Judicial;202311;0;0;0;0;0;0;0;0
G2;335579002035;Conhecimento;202312;41;3;0;67;728;48;159;678
G2;335579002035;Execução Judicial;202312;0;0;0;0;0;0;0;0
G2;335579002035;Execução Judicial;202401;0;0;0;0;0;0;0;0
G2;335579002035;Conhecimento;202401;2;7;19;67;681;32;123;666
G2;335579002035;Execução Judicial;202402;0;0;0;0;0;0;0;0
G2;335579002035;Conhecimento;202402;45;1;15;57;650;31;130;706
G2;335579002035;Execução Judicial;202403;0;0;0;0;0;0;0;0
G2;335579002035;Conhecimento;202403;86;4;15;65;687;35;141;757
G2;335579002035;Conhecimento;202404;75;8;15;90;733;43;153;825
G2;335579002035;Execução Judicial;202404;0;0;0;0;0;0;0;0
G2;335579002035;Conhecimento;202405;78;2;7;81;728;43;142;864
G2;335579002035;Execução Judicial;202405;0;0;0;0;0;0;0;0
G2;335579002035;Execução Judicial;202406;0;0;0;0;0;0;0;0
G2;335579002035;Conhecimento;202406;160;1;15;74;813;43;149;896
G2;335579002035;Execução Judicial;202407;0;0;0;0;0;0;0;0
G2;335579002035;Conhecimento;202407;78;2;16;106;839;42;153;919
G2;335579002035;Execução Judicial;202408;0;0;0;0;0;0;0;0
G2;335579002035;Conhecimento;202408;92;4;18;68;846;39;159;891
G2;335579002035;Execução Judicial;202409;0;0;0;0;0;0;0;0
G2;335579002035;Conhecimento;202409;60;2;14;75;844;39;163;908
G2;335579002035;Conhecimento;202410;65;3;20;102;869;41;167;939
G2;335579002035;Execução Judicial;202410;0;0;0;0;0;0;0;0
G2;335579002035;Conhecimento;202411;52;2;4;96;834;39;158;948
G2;335579002035;Execução Judicial;202411;1;0;0;0;1;0;0;0
G2;335579002035;Conhecimento;202412;44;5;7;103;837;41;165;984
G2;335579002035;Conhecimento;202501;21;7;11;56;856;41;157;973
G2;335579002035;Conhecimento;202502;46;5;15;101;857;45;157;1017
G2;335579002035;Conhecimento;202503;129;0;11;105;900;41;153;1057
G2;335579002035;Conhecimento;202504;92;1;7;66;917;34;145;1033
G2;335579002035;Conhecimento;202505;71;4;26;88;910;36;164;1040
G2;335579002035;Conhecimento;202506;120;3;11;89;870;38;160;1055
G2;335579002035;Conhecimento;202507;106;5;22;89;898;41;166;1038
G2;335579002035;Conhecimento;202508;100;5;28;74;906;42;176;1044
G2;335579002035;Conhecimento;202509;75;7;15;95;921;47;177;1064
G2;335579002035;Conhecimento;202510;64;2;9;100;920;46;166;1062
G2;335579002035;Conhecimento;202511;57;2;16;62;925;46;178;1028
G2;335579002035;Conhecimento;202512;44;1;15;57;925;42;186;982
G2;335579002035;Execução Judicial;202601;0;0;0;1;0;0;0;1
G2;335579002035;Conhecimento;202601;28;5;13;44;932;40;188;970
G2;335579002035;Conhecimento;202602;88;5;11;62;974;40;184;931
G2;335579002035;Execução Judicial;202602;0;0;0;0;0;0;0;1
G2;335579002035;Execução Judicial;202603;1;0;0;0;1;0;0;1
G2;335579002035;Conhecimento;202603;74;0;14;115;919;40;187;941
G2;335579002035;Conhecimento;202604;53;7;23;81;880;46;203;956
G2;335579002035;Conhecimento;202605;85;7;15;76;894;49;192;944
G2;335579002035;Conhecimento;202606;48;5;4;67;822;51;185;922
G2;335589002165;Execução Judicial;202301;0;0;0;0;0;0;0;0
G2;335589002165;Conhecimento;202301;14;4;4;24;14;4;4;24
G2;335589002165;Conhecimento;202302;42;7;8;79;56;11;12;103
G2;335589002165;Execução Judicial;202302;0;0;0;0;0;0;0;0
G2;335589002165;Conhecimento;202303;56;2;10;73;112;13;22;176
G2;335589002165;Execução Judicial;202303;0;0;0;1;0;0;0;1
G2;335589002165;Conhecimento;202304;21;7;7;65;133;20;29;241
G2;335589002165;Execução Judicial;202304;0;0;0;0;0;0;0;1
G2;335589002165;Conhecimento;202305;72;2;14;98;205;22;43;339
G2;335589002165;Execução Judicial;202305;0;0;0;0;0;0;0;1
G2;335589002165;Execução Judicial;202306;0;0;0;0;0;0;0;1
G2;335589002165;Conhecimento;202306;51;3;12;81;256;25;55;420
G2;335589002165;Execução Judicial;202307;0;0;0;0;0;0;0;1
G2;335589002165;Conhecimento;202307;80;4;9;53;336;29;64;473
G2;335589002165;Conhecimento;202308;74;2;11;42;410;31;75;515
G2;335589002165;Execução Judicial;202308;0;0;0;0;0;0;0;1
G2;335589002165;Execução Judicial;202309;0;0;0;0;0;0;0;1
G2;335589002165;Conhecimento;202309;57;5;8;62;467;36;83;577
G2;335589002165;Execução Judicial;202310;0;0;0;0;0;0;0;1
G2;335589002165;Conhecimento;202310;59;2;5;71;526;38;88;648
G2;335589002165;Execução Judicial;202311;0;0;0;0;0;0;0;1
G2;335589002165;Conhecimento;202311;57;1;11;51;583;39;99;699
G2;335589002165;Execução Judicial;202312;1;0;0;0;1;0;0;1
G2;335589002165;Conhecimento;202312;43;9;12;63;626;48;111;762
G2;335589002165;Conhecimento;202401;14;5;3;37;626;49;110;775
G2;335589002165;Execução Judicial;202401;0;0;0;0;1;0;0;1
G2;335589002165;Execução Judicial;202402;0;0;0;0;1;0;0;1
G2;335589002165;Conhecimento;202402;57;11;6;79;641;53;108;775
G2;335589002165;Execução Judicial;202403;0;0;0;0;1;0;0;0
G2;335589002165;Conhecimento;202403;62;5;10;73;647;56;108;775
G2;335589002165;Conhecimento;202404;65;10;16;99;691;59;117;809
G2;335589002165;Execução Judicial;202404;0;0;0;1;1;0;0;1
G2;335589002165;Execução Judicial;202405;0;0;0;0;1;0;0;1
G2;335589002165;Conhecimento;202405;81;8;14;79;700;65;117;790
G2;335589002165;Conhecimento;202406;92;6;6;104;741;68;111;813
G2;335589002165;Execução Judicial;202406;0;0;0;0;1;0;0;1
G2;335589002165;Execução Judicial;202407;0;0;0;0;1;0;0;1
G2;335589002165;Conhecimento;202407;100;4;29;187;761;68;131;947
G2;335589002165;Conhecimento;202408;65;4;21;166;752;70;141;1071
G2;335589002165;Execução Judicial;202408;0;0;0;0;1;0;0;1
G2;335589002165;Conhecimento;202409;80;9;22;142;775;74;155;1151
G2;335589002165;Execução Judicial;202409;0;0;0;0;1;0;0;1
G2;335589002165;Execução Judicial;202410;0;0;0;0;1;0;0;1
G2;335589002165;Conhecimento;202410;105;4;9;118;821;76;159;1198
G2;335589002165;Execução Judicial;202411;0;0;0;0;1;0;0;1
G2;335589002165;Conhecimento;202411;69;1;10;74;833;76;158;1221
G2;335589002165;Execução Judicial;202412;0;0;0;0;0;0;0;1
G2;335589002165;Conhecimento;202412;101;7;15;90;891;74;161;1248
G2;335589002165;Conhecimento;202501;36;3;9;68;913;72;167;1279
G2;335589002165;Execução Judicial;202501;0;0;0;0;0;0;0;1
G2;335589002165;Conhecimento;202502;175;8;6;95;1031;69;167;1295
G2;335589002165;Execução Judicial;202502;0;0;0;1;0;0;0;2
G2;335589002165;Conhecimento;202503;103;10;20;92;1072;74;177;1314
G2;335589002165;Execução Judicial;202503;0;0;0;0;0;0;0;2
G2;335589002165;Conhecimento;202504;85;10;18;86;1092;74;179;1301
G2;335589002165;Execução Judicial;202504;0;0;0;0;0;0;0;1
G2;335589002165;Conhecimento;202505;98;8;31;106;1109;74;196;1328
G2;335589002165;Execução Judicial;202505;0;0;0;0;0;0;0;1
G2;335589002165;Conhecimento;202506;85;3;17;78;1102;71;207;1302
G2;335589002165;Execução Judicial;202506;0;0;0;0;0;0;0;1
G2;335589002165;Conhecimento;202507;122;4;18;162;1124;71;196;1277
G2;335589002165;Execução Judicial;202507;0;0;0;0;0;0;0;1
G2;335589002165;Execução Judicial;202508;2;0;0;0;2;0;0;1
G2;335589002165;Conhecimento;202508;50;7;11;71;1109;74;186;1182
G2;335589002165;Conhecimento;202509;84;8;21;107;1113;73;185;1147
G2;335589002165;Execução Judicial;202509;0;0;0;0;2;0;0;1
G2;335589002165;Conhecimento;202510;95;6;30;120;1103;75;206;1149
G2;335589002165;Execução Judicial;202510;1;0;0;1;3;0;0;2
G2;335589002165;Execução Judicial;202511;0;0;0;0;3;0;0;2
G2;335589002165;Conhecimento;202511;107;9;25;116;1141;83;221;1191
G2;335589002165;Conhecimento;202512;129;7;25;99;1169;83;231;1200
G2;335589002165;Execução Judicial;202512;1;0;0;0;4;0;0;2
G2;335589002165;Conhecimento;202601;4;7;19;68;1137;87;241;1200
G2;335589002165;Execução Judicial;202601;0;0;0;0;4;0;0;2
G2;335589002165;Execução Judicial;202602;0;0;0;0;4;0;0;1
G2;335589002165;Conhecimento;202602;125;8;25;101;1087;87;260;1206
G2;335589002165;Conhecimento;202603;105;20;13;109;1089;97;253;1223
G2;335589002165;Execução Judicial;202603;0;0;0;0;4;0;0;1
G2;335589002165;Execução Judicial;202604;0;0;0;0;4;0;0;1
G2;335589002165;Conhecimento;202604;155;12;45;140;1159;99;280;1277
G2;335589002165;Conhecimento;202605;126;6;32;106;1187;97;281;1277
G2;335589002165;Execução Judicial;202605;0;0;0;0;4;0;0;1
G2;335589002165;Execução Judicial;202606;0;0;0;0;4;0;0;1
G2;335589002165;Conhecimento;202606;61;2;18;91;1163;96;282;1290
G2;335609002022;Conhecimento;202301;45;7;18;35;45;7;18;35
G2;335609002022;Conhecimento;202302;67;0;2;3;112;7;20;38
G2;335609002022;Conhecimento;202303;32;0;11;1;144;7;31;39
G2;335609002022;Conhecimento;202304;29;2;7;7;173;9;38;46
G2;335609002022;Conhecimento;202305;60;0;15;9;233;9;53;55
G2;335609002022;Conhecimento;202306;34;2;6;6;267;11;59;61
G2;335609002022;Conhecimento;202307;5;1;10;8;272;12;69;69
G2;335609002022;Conhecimento;202308;5;2;4;6;277;14;73;75
G2;335609002022;Conhecimento;202309;8;1;4;1;285;15;77;76
G2;335609002022;Conhecimento;202310;1;0;3;3;286;15;80;79
G2;335609002022;Conhecimento;202311;3;2;4;2;289;17;84;81
G2;335609002022;Conhecimento;202312;1;0;1;3;290;17;85;84
G2;335609002022;Conhecimento;202401;2;0;2;5;247;10;69;54
G2;335609002022;Conhecimento;202402;10;1;4;8;190;11;71;59
G2;335609002022;Conhecimento;202403;11;2;7;8;169;13;67;66
G2;335609002022;Conhecimento;202404;4;1;1;4;144;12;61;63
G2;335609002022;Conhecimento;202405;3;0;2;7;87;12;48;61
G2;335609002022;Conhecimento;202406;11;4;0;3;64;14;42;58
G2;335609002022;Conhecimento;202407;9;1;2;5;68;14;34;55
G2;335609002022;Conhecimento;202408;0;3;2;0;63;15;32;49
G2;335609002022;Conhecimento;202409;3;3;1;6;58;17;29;54
G2;335609002022;Conhecimento;202410;5;0;0;2;62;17;26;53
G2;335609002022;Conhecimento;202411;4;2;1;1;63;17;23;52
G2;335609002022;Conhecimento;202412;1;1;0;4;63;18;22;53
G2;335609002022;Conhecimento;202501;0;0;0;3;61;18;20;51
G2;335609002022;Conhecimento;202502;3;3;4;99;54;20;20;142
G2;335609002022;Conhecimento;202503;9;15;3;117;52;33;16;251
G2;335609002022;Conhecimento;202504;25;2;1;103;73;34;16;350
G2;335609002022;Conhecimento;202505;73;14;19;80;143;48;33;423
G2;335609002022;Conhecimento;202506;98;10;7;95;230;54;40;515
G2;335609002022;Conhecimento;202507;68;15;19;110;289;68;57;620
G2;335609002022;Conhecimento;202508;97;4;38;85;386;69;93;705
G2;335609002022;Conhecimento;202509;76;9;15;91;459;75;107;790
G2;335609002022;Execução Judicial;202509;0;0;0;0;0;0;0;0
G2;335609002022;Conhecimento;202510;61;1;7;107;515;76;114;895
G2;335609002022;Execução Judicial;202510;0;0;0;0;0;0;0;0
G2;335609002022;Execução Judicial;202511;0;0;0;1;0;0;0;1
G2;335609002022;Conhecimento;202511;53;9;27;75;564;83;140;969
G2;335609002022;Conhecimento;202512;38;6;21;57;601;88;161;1022
G2;335609002022;Execução Judicial;202512;0;0;0;0;0;0;0;1
G2;335609002022;Conhecimento;202601;19;6;13;49;620;94;174;1068
G2;335609002022;Execução Judicial;202601;0;0;0;1;0;0;0;2
G2;335609002022;Conhecimento;202602;105;10;20;69;722;101;190;1038
G2;335609002022;Execução Judicial;202602;0;0;0;0;0;0;0;2
G2;335609002022;Execução Judicial;202603;0;0;0;0;0;0;0;2
G2;335609002022;Conhecimento;202603;74;4;38;127;787;90;225;1048
G2;335609002022;Conhecimento;202604;46;13;34;85;808;101;258;1030
G2;335609002022;Execução Judicial;202604;0;0;0;0;0;0;0;2
G2;335609002022;Execução Judicial;202605;0;0;0;0;0;0;0;2
G2;335609002022;Conhecimento;202605;105;3;30;99;840;90;269;1049
G2;335609002022;Conhecimento;202606;29;7;20;87;771;87;282;1041
G2;335609002022;Execução Judicial;202606;0;0;0;0;0;0;0;2
G2;335619002118;Conhecimento;202301;3;34;3;13;3;34;3;13
G2;335619002118;Execução Judicial;202301;0;0;0;0;0;0;0;0
G2;335619002118;Conhecimento;202302;117;13;4;31;120;47;7;44
G2;335619002118;Execução Judicial;202302;0;0;0;0;0;0;0;0
G2;335619002118;Execução Judicial;202303;0;0;0;0;0;0;0;0
G2;335619002118;Conhecimento;202303;74;1;2;87;194;48;9;131
G2;335619002118;Conhecimento;202304;43;1;6;40;237;49;15;171
G2;335619002118;Execução Judicial;202304;0;0;0;0;0;0;0;0
G2;335619002118;Conhecimento;202305;46;5;5;86;283;54;20;257
G2;335619002118;Execução Judicial;202305;0;0;0;0;0;0;0;0
G2;335619002118;Execução Judicial;202306;0;0;0;0;0;0;0;0
G2;335619002118;Conhecimento;202306;18;3;1;72;301;57;21;329
G2;335619002118;Conhecimento;202307;51;6;7;45;352;63;28;374
G2;335619002118;Execução Judicial;202307;0;0;0;0;0;0;0;0
G2;335619002118;Execução Judicial;202308;0;0;0;0;0;0;0;0
G2;335619002118;Conhecimento;202308;57;3;7;38;409;66;35;412
G2;335619002118;Execução Judicial;202309;0;0;0;0;0;0;0;0
G2;335619002118;Conhecimento;202309;57;2;8;57;466;68;43;469
G2;335619002118;Execução Judicial;202310;0;0;0;0;0;0;0;0
G2;335619002118;Conhecimento;202310;50;3;4;58;516;71;47;527
G2;335619002118;Execução Judicial;202311;2;0;0;0;2;0;0;0
G2;335619002118;Conhecimento;202311;39;3;3;45;555;74;50;572
G2;335619002118;Execução Judicial;202312;0;0;0;0;2;0;0;0
G2;335619002118;Conhecimento;202312;55;3;33;59;610;77;83;631
G2;335619002118;Conhecimento;202401;9;9;4;58;616;52;84;676
G2;335619002118;Execução Judicial;202401;0;0;0;0;2;0;0;0
G2;335619002118;Execução Judicial;202402;2;0;0;0;4;0;0;0
G2;335619002118;Conhecimento;202402;65;5;4;63;564;44;84;708
G2;335619002118;Execução Judicial;202403;1;0;0;0;5;0;0;0
G2;335619002118;Conhecimento;202403;72;13;9;69;562;56;91;690
G2;335619002118;Conhecimento;202404;38;5;8;82;557;60;93;732
G2;335619002118;Execução Judicial;202404;1;0;0;0;6;0;0;0
G2;335619002118;Execução Judicial;202405;0;0;0;0;6;0;0;0
G2;335619002118;Conhecimento;202405;67;9;11;79;578;64;99;725
G2;335619002118;Conhecimento;202406;84;4;6;101;644;65;104;754
G2;335619002118;Execução Judicial;202406;0;0;0;0;6;0;0;0
G2;335619002118;Execução Judicial;202407;0;0;0;0;6;0;0;0
G2;335619002118;Conhecimento;202407;106;5;20;173;699;64;117;882
G2;335619002118;Conhecimento;202408;77;1;18;141;719;62;128;985
G2;335619002118;Execução Judicial;202408;0;0;0;0;6;0;0;0
G2;335619002118;Execução Judicial;202409;0;0;0;0;6;0;0;0
G2;335619002118;Conhecimento;202409;61;7;23;106;723;67;143;1034
G2;335619002118;Conhecimento;202410;18;6;9;182;691;70;148;1158
G2;335619002118;Execução Judicial;202410;0;0;0;0;6;0;0;0
G2;335619002118;Execução Judicial;202411;0;0;0;0;4;0;0;0
G2;335619002118;Conhecimento;202411;99;3;21;84;751;70;166;1197
G2;335619002118;Conhecimento;202412;55;37;9;59;751;104;142;1197
G2;335619002118;Execução Judicial;202412;0;0;0;0;4;0;0;0
G2;335619002118;Execução Judicial;202501;0;0;0;0;4;0;0;0
G2;335619002118;Conhecimento;202501;86;23;9;45;828;118;147;1184
G2;335619002118;Conhecimento;202502;191;0;4;100;954;113;147;1221
G2;335619002118;Execução Judicial;202502;0;0;0;0;2;0;0;0
G2;335619002118;Conhecimento;202503;130;11;23;91;1012;111;161;1243
G2;335619002118;Execução Judicial;202503;0;0;0;0;1;0;0;0
G2;335619002118;Execução Judicial;202504;0;0;0;0;0;0;0;0
G2;335619002118;Conhecimento;202504;104;6;26;121;1078;112;179;1282
G2;335619002118;Conhecimento;202505;100;5;27;66;1111;108;195;1269
G2;335619002118;Execução Judicial;202505;0;0;0;0;0;0;0;0
G2;335619002118;Conhecimento;202506;89;5;16;90;1116;109;205;1258
G2;335619002118;Execução Judicial;202506;0;0;0;0;0;0;0;0
G2;335619002118;Execução Judicial;202507;0;0;0;0;0;0;0;0
G2;335619002118;Conhecimento;202507;147;5;10;153;1157;109;195;1238
G2;335619002118;Execução Judicial;202508;0;0;0;0;0;0;0;0
G2;335619002118;Conhecimento;202508;80;5;38;83;1160;113;215;1180
G2;335619002118;Conhecimento;202509;86;9;22;92;1185;115;214;1166
G2;335619002118;Execução Judicial;202509;0;0;0;0;0;0;0;0
G2;335619002118;Conhecimento;202510;56;5;24;132;1223;114;229;1116
G2;335619002118;Execução Judicial;202510;0;0;0;0;0;0;0;0
G2;335619002118;Conhecimento;202511;84;5;4;83;1208;116;212;1115
G2;335619002118;Execução Judicial;202511;0;0;0;0;0;0;0;0
G2;335619002118;Execução Judicial;202512;0;0;0;0;0;0;0;0
G2;335619002118;Conhecimento;202512;39;4;22;90;1192;83;225;1146
G2;335619002118;Execução Judicial;202601;0;0;0;0;0;0;0;0
G2;335619002118;Conhecimento;202601;23;3;2;55;1129;63;218;1156
G2;335619002118;Execução Judicial;202602;0;0;0;0;0;0;0;0
G2;335619002118;Conhecimento;202602;81;7;16;73;1019;70;230;1129
G2;335619002118;Conhecimento;202603;111;13;26;152;1000;72;233;1190
G2;335619002118;Execução Judicial;202603;0;0;0;0;0;0;0;0
G2;335619002118;Execução Judicial;202604;0;0;0;1;0;0;0;1
G2;335619002118;Conhecimento;202604;147;9;27;116;1043;75;234;1185
G2;335619002118;Conhecimento;202605;146;7;44;115;1089;77;251;1234
G2;335619002118;Execução Judicial;202605;0;0;0;0;0;0;0;1
G2;335619002118;Execução Judicial;202606;0;0;0;1;0;0;0;2
G2;335619002118;Conhecimento;202606;60;4;9;91;1060;76;244;1235
G2;335629002132;Conhecimento;202301;1;0;0;5;1;0;0;5
G2;335629002132;Conhecimento;202302;1;5;3;41;2;5;3;46
G2;335629002132;Conhecimento;202303;2;3;13;94;4;8;16;140
G2;335629002132;Conhecimento;202304;7;3;4;70;11;11;20;210
G2;335629002132;Conhecimento;202305;13;4;3;88;24;15;23;298
G2;335629002132;Conhecimento;202306;11;7;4;80;35;22;27;378
G2;335629002132;Conhecimento;202307;24;1;0;27;59;23;27;405
G2;335629002132;Conhecimento;202308;9;13;4;41;68;36;31;446
G2;335629002132;Conhecimento;202309;15;5;2;53;83;41;33;499
G2;335629002132;Conhecimento;202310;54;4;5;54;137;45;38;553
G2;335629002132;Conhecimento;202311;57;4;4;57;194;49;42;610
G2;335629002132;Conhecimento;202312;41;16;7;69;235;65;49;679
G2;335629002132;Conhecimento;202401;4;6;19;56;238;71;68;730
G2;335629002132;Conhecimento;202402;55;9;0;54;292;75;65;743
G2;335629002132;Conhecimento;202403;103;14;5;76;393;86;57;725
G2;335629002132;Conhecimento;202404;78;10;8;70;464;93;61;725
G2;335629002132;Conhecimento;202405;87;5;7;80;538;94;65;717
G2;335629002132;Conhecimento;202406;100;4;6;93;627;91;67;730
G2;335629002132;Conhecimento;202407;97;6;11;169;700;96;78;872
G2;335629002132;Conhecimento;202408;78;11;18;170;769;94;92;1001
G2;335629002132;Conhecimento;202409;64;7;24;148;818;96;114;1096
G2;335629002132;Conhecimento;202410;81;2;15;123;845;94;124;1165
G2;335629002132;Conhecimento;202411;49;4;4;71;837;94;124;1179
G2;335629002132;Conhecimento;202412;84;4;13;82;880;82;130;1192
G2;335629002132;Conhecimento;202501;48;7;9;63;924;83;120;1199
G2;335629002132;Conhecimento;202502;140;6;7;91;1009;80;127;1236
G2;335629002132;Conhecimento;202503;101;14;18;97;1007;80;140;1257
G2;335629002132;Conhecimento;202504;76;4;18;80;1005;74;150;1267
G2;335629002132;Conhecimento;202505;82;2;22;92;1000;71;165;1279
G2;335629002132;Conhecimento;202506;75;4;7;86;975;71;166;1272
G2;335629002132;Conhecimento;202507;123;9;26;150;1001;74;181;1253
G2;335629002132;Conhecimento;202508;76;6;15;82;999;69;178;1165
G2;335629002132;Conhecimento;202509;121;6;23;107;1056;68;177;1124
G2;335629002132;Conhecimento;202510;76;0;26;132;1051;66;188;1133
G2;335629002132;Conhecimento;202511;56;5;16;98;1058;67;200;1160
G2;335629002132;Conhecimento;202512;108;5;20;73;1082;68;207;1151
G2;335629002132;Conhecimento;202601;18;5;16;87;1052;66;214;1175
G2;335629002132;Conhecimento;202602;92;5;21;107;1004;65;228;1191
G2;335629002132;Conhecimento;202603;89;15;16;126;992;66;226;1220
G2;335629002132;Conhecimento;202604;130;7;29;110;1046;69;237;1250
G2;335629002132;Conhecimento;202605;119;4;22;109;1083;71;237;1267
G2;335629002132;Conhecimento;202606;97;2;13;82;1105;69;243;1263
G2;335639000003;Conhecimento;202301;1;1;0;3;1;1;0;3
G2;335639000003;Execução Judicial;202301;0;0;0;0;0;0;0;0
G2;335639000003;Execução Judicial;202302;0;0;0;0;0;0;0;0
G2;335639000003;Conhecimento;202302;3;0;0;0;4;1;0;3
G2;335639000003;Conhecimento;202303;1;0;1;1;5;1;1;4
G2;335639000003;Execução Judicial;202303;0;0;0;0;0;0;0;0
G2;335639000003;Conhecimento;202304;0;1;1;2;5;2;2;6
G2;335639000003;Execução Judicial;202304;1;0;0;0;1;0;0;0
G2;335639000003;Conhecimento;202305;4;0;1;2;9;2;3;8
G2;335639000003;Execução Judicial;202305;1;0;0;0;2;0;0;0
G2;335639000003;Execução Judicial;202306;0;0;0;0;2;0;0;0
G2;335639000003;Conhecimento;202306;3;0;0;2;12;2;3;10
G2;335639000003;Conhecimento;202307;3;0;2;7;15;2;5;17
G2;335639000003;Execução Judicial;202307;0;0;0;0;2;0;0;0
G2;335639000003;Conhecimento;202308;4;7;8;4;19;9;13;21
G2;335639000003;Execução Judicial;202308;0;0;0;0;2;0;0;0
G2;335639000003;Conhecimento;202309;2;1;0;0;21;10;13;21
G2;335639000003;Execução Judicial;202309;0;0;0;0;2;0;0;0
G2;335639000003;Execução Judicial;202310;0;0;0;0;2;0;0;0
G2;335639000003;Conhecimento;202310;2;0;0;0;23;10;13;21
G2;335639000003;Execução de Título Extrajudicial;202311;1;0;0;0;1;0;0;0
G2;335639000003;Conhecimento;202311;0;0;1;1;23;10;14;22
G2;335639000003;Execução Judicial;202311;0;0;0;0;2;0;0;0
G2;335639000003;Execução Judicial;202312;0;0;0;0;2;0;0;0
G2;335639000003;Conhecimento;202312;0;0;0;2;23;10;14;24
G2;335639000003;Execução Judicial;202401;0;0;0;0;2;0;0;0
G2;335639000003;Conhecimento;202401;2;1;0;2;24;10;14;23
G2;335639000003;Execução Judicial;202402;0;0;0;0;2;0;0;0
G2;335639000003;Conhecimento;202402;3;0;0;7;24;10;14;30
G2;335639000003;Execução Judicial;202403;0;0;0;0;2;0;0;0
G2;335639000003;Conhecimento;202403;4;0;1;2;27;10;14;31
G2;335639000003;Execução Judicial;202404;0;0;0;0;1;0;0;0
G2;335639000003;Conhecimento;202404;5;0;0;3;32;9;13;32
G2;335639000003;Conhecimento;202405;1;0;0;4;29;9;12;34
G2;335639000003;Execução Judicial;202405;0;0;0;0;0;0;0;0
G2;335639000003;Conhecimento;202406;6;0;0;0;32;9;12;32
G2;335639000003;Conhecimento;202407;13;2;2;5;42;11;12;30
G2;335639000003;Conhecimento;202408;2;0;0;3;40;4;4;29
G2;335639000003;Conhecimento;202409;5;0;0;1;43;3;4;30
G2;335639000003;Conhecimento;202410;0;0;0;0;41;3;4;30
G2;335639000003;Conhecimento;202411;0;0;0;0;41;3;3;29
G2;335639000003;Conhecimento;202412;0;0;1;0;41;3;4;27
G2;335639000003;Conhecimento;202501;0;0;0;0;39;2;4;25
G2;335639000003;Conhecimento;202502;2;0;0;0;38;2;4;18
G2;335639000003;Conhecimento;202503;1;0;0;0;35;2;3;16
G2;335639000003;Conhecimento;202504;6;0;1;0;36;2;4;13
G2;335639000003;Conhecimento;202505;0;0;0;0;35;2;4;9
G2;335639000003;Conhecimento;202506;0;0;0;0;29;2;4;9
G2;335639000003;Conhecimento;202507;0;0;1;0;16;0;3;4
G2;335639000003;Conhecimento;202508;0;0;1;0;14;0;4;1
G2;335639000003;Conhecimento;202509;0;0;0;0;9;0;4;0
G2;335639000003;Conhecimento;202510;1;0;0;0;10;0;4;0
G2;335639000003;Conhecimento;202511;0;0;0;0;10;0;4;0
G2;335639000003;Conhecimento;202512;0;0;1;0;10;0;4;0
G2;335639000003;Conhecimento;202601;0;0;0;0;10;0;4;0
G2;335639000003;Conhecimento;202602;0;0;0;0;8;0;4;0
G2;335639000003;Conhecimento;202603;0;0;0;0;7;0;4;0
G2;335639000003;Conhecimento;202604;0;0;0;0;1;0;3;0
G2;335639000003;Conhecimento;202605;0;0;0;0;1;0;3;0
G2;335639000003;Conhecimento;202606;0;6;0;0;1;6;3;0
G2;742969000005;Conhecimento;202301;0;0;0;3;0;0;0;3
G2;742969000005;Conhecimento;202302;5;0;0;0;5;0;0;3
G2;742969000005;Conhecimento;202303;2;0;0;4;7;0;0;7
G2;742969000005;Conhecimento;202304;0;0;0;2;7;0;0;9
G2;742969000005;Conhecimento;202305;6;0;0;2;13;0;0;11
G2;742969000005;Conhecimento;202306;3;0;0;2;16;0;0;13
G2;742969000005;Conhecimento;202307;2;2;0;2;18;2;0;15
G2;742969000005;Conhecimento;202308;3;0;0;2;21;2;0;17
G2;742969000005;Conhecimento;202309;2;0;0;3;23;2;0;20
G2;742969000005;Conhecimento;202310;2;0;0;3;25;2;0;23
G2;742969000005;Conhecimento;202311;4;0;0;1;29;2;0;24
G2;742969000005;Conhecimento;202312;0;0;0;2;29;2;0;26
G2;742969000005;Conhecimento;202401;2;0;0;5;31;2;0;28
G2;742969000005;Conhecimento;202402;1;0;0;1;27;2;0;29
G2;742969000005;Conhecimento;202403;1;1;0;6;26;3;0;31
G2;742969000005;Conhecimento;202404;2;0;0;5;28;3;0;34
G2;742969000005;Conhecimento;202405;9;0;0;6;31;3;0;38
G2;742969000005;Conhecimento;202406;3;0;0;5;31;3;0;41
G2;742969000005;Conhecimento;202407;7;0;0;2;36;1;0;41
G2;742969000005;Conhecimento;202408;11;0;0;0;44;1;0;39
G2;742969000005;Conhecimento;202409;9;0;0;0;51;1;0;36
G2;742969000005;Conhecimento;202410;4;0;0;0;53;1;0;33
G2;742969000005;Conhecimento;202411;0;0;0;0;49;1;0;32
G2;742969000005;Conhecimento;202412;0;0;0;0;49;1;0;30
G2;742969000005;Conhecimento;202501;1;0;1;0;48;1;1;25
G2;742969000005;Conhecimento;202502;1;0;0;0;48;1;1;24
G2;742969000005;Conhecimento;202503;0;0;0;0;47;0;1;18
G2;742969000005;Conhecimento;202504;2;0;0;0;47;0;1;13
G2;742969000005;Conhecimento;202505;0;0;0;0;38;0;1;7
G2;742969000005;Conhecimento;202506;0;0;0;0;35;0;1;2
G2;742969000005;Conhecimento;202507;0;0;0;0;28;0;1;0
G2;742969000005;Conhecimento;202508;0;0;0;0;17;0;1;0
G2;742969000005;Conhecimento;202509;0;0;0;0;8;0;1;0
G2;742969000005;Conhecimento;202510;0;0;0;0;4;0;1;0
G2;742969000005;Conhecimento;202511;0;0;0;0;4;0;1;0
G2;742969000005;Conhecimento;202512;0;0;0;1;4;0;1;1
G2;742969000005;Conhecimento;202601;0;0;0;1;3;0;0;2
G2;742969000005;Conhecimento;202602;0;0;0;0;2;0;0;2
G2;742969000005;Conhecimento;202603;0;0;0;0;2;0;0;2
G2;742969000005;Conhecimento;202604;0;0;0;0;0;0;0;2
G2;742969000005;Conhecimento;202605;0;0;0;0;0;0;0;2
G2;742969000005;Conhecimento;202606;0;96;1;0;0;96;1;2
G2;755379002218;Conhecimento;202301;0;0;0;0;0;0;0;0
G2;755379002218;Conhecimento;202302;0;0;0;4;0;0;0;4
G2;755379002218;Conhecimento;202303;4;2;1;18;4;2;1;22
G2;755379002218;Conhecimento;202304;13;1;2;5;17;3;3;27
G2;755379002218;Conhecimento;202305;14;2;3;40;31;5;6;67
G2;755379002218;Conhecimento;202306;20;0;4;55;51;5;10;122
G2;755379002218;Conhecimento;202307;23;0;3;53;74;5;13;175
G2;755379002218;Conhecimento;202308;21;0;2;44;95;5;15;219
G2;755379002218;Conhecimento;202309;5;1;6;83;100;6;21;302
G2;755379002218;Conhecimento;202310;23;0;7;84;123;6;28;386
G2;755379002218;Conhecimento;202311;72;5;27;101;195;11;55;487
G2;755379002218;Conhecimento;202312;52;6;1;80;247;17;56;567
G2;755379002218;Conhecimento;202401;11;10;22;69;258;27;78;636
G2;755379002218;Conhecimento;202402;52;6;21;107;310;33;99;739
G2;755379002218;Conhecimento;202403;95;4;13;48;401;35;111;769
G2;755379002218;Conhecimento;202404;125;4;17;81;513;38;126;845
G2;755379002218;Conhecimento;202405;53;2;15;83;552;38;138;888
G2;755379002218;Conhecimento;202406;102;3;19;82;634;41;153;915
G2;755379002218;Conhecimento;202407;49;3;18;107;660;44;168;969
G2;755379002218;Conhecimento;202408;73;4;19;67;712;48;185;992
G2;755379002218;Conhecimento;202409;55;4;22;77;762;51;201;986
G2;755379002218;Execução Judicial;202409;0;0;0;0;0;0;0;0
G2;755379002218;Conhecimento;202410;61;2;20;120;800;53;214;1022
G2;755379002218;Execução Judicial;202410;0;0;0;0;0;0;0;0
G2;755379002218;Conhecimento;202411;38;0;12;82;766;48;199;1003
G2;755379002218;Execução Judicial;202411;0;0;0;0;0;0;0;0
G2;755379002218;Conhecimento;202412;51;2;10;108;765;44;208;1031
G2;755379002218;Execução Judicial;202412;0;0;0;0;0;0;0;0
G2;755379002218;Execução Judicial;202501;0;0;0;0;0;0;0;0
G2;755379002218;Conhecimento;202501;15;7;29;72;769;41;215;1034
G2;755379002218;Conhecimento;202502;81;3;27;150;798;38;221;1077
G2;755379002218;Execução Judicial;202502;0;0;0;2;0;0;0;2
G2;755379002218;Execução Judicial;202503;0;0;0;0;0;0;0;2
G2;755379002218;Conhecimento;202503;154;6;108;152;857;40;316;1181
G2;755379002218;Execução Judicial;202504;0;0;0;0;0;0;0;2
G2;755379002218;Conhecimento;202504;90;1;7;97;822;37;306;1197
G2;755379002218;Conhecimento;202505;72;2;45;123;841;37;336;1237
G2;755379002218;Execução Judicial;202505;0;0;0;0;0;0;0;2
G2;755379002218;Conhecimento;202506;75;2;38;124;814;36;355;1279
G2;755379002218;Execução Judicial;202506;1;0;0;0;1;0;0;2
G2;755379002218;Execução Judicial;202507;1;0;0;0;2;0;0;2
G2;755379002218;Conhecimento;202507;151;2;14;179;916;35;351;1351
G2;755379002218;Conhecimento;202508;84;4;40;102;927;35;372;1386
G2;755379002218;Execução Judicial;202509;0;0;0;0;2;0;0;2
G2;755379002218;Conhecimento;202509;99;1;38;110;971;32;388;1419
G2;755379002218;Execução Judicial;202510;0;0;0;1;2;0;0;3
G2;755379002218;Conhecimento;202510;113;4;29;125;1023;34;397;1424
G2;755379002218;Conhecimento;202511;72;2;22;114;1057;36;407;1456
G2;755379002218;Execução Judicial;202511;0;0;0;0;2;0;0;3
G2;755379002218;Execução Judicial;202512;0;0;0;0;2;0;0;3
G2;755379002218;Conhecimento;202512;61;3;30;105;1067;37;427;1453
G2;755379002218;Execução Judicial;202601;0;0;0;0;2;0;0;3
G2;755379002218;Conhecimento;202601;18;3;12;71;1070;33;410;1452
G2;755379002218;Conhecimento;202602;102;4;16;97;1091;34;399;1399
G2;755379002218;Execução Judicial;202602;0;0;0;0;2;0;0;1
G2;755379002218;Execução Judicial;202603;0;0;0;0;2;0;0;1
G2;755379002218;Conhecimento;202603;139;5;28;141;1076;33;319;1388
G2;755379002218;Execução Judicial;202604;1;0;0;0;3;0;0;1
G2;755379002218;Conhecimento;202604;122;7;27;119;1108;39;339;1410
G2;755379002218;Conhecimento;202605;154;2;44;128;1190;39;338;1415
G2;755379002218;Execução Judicial;202605;0;0;0;0;3;0;0;1
G2;755379002218;Execução Judicial;202606;0;0;0;0;2;0;0;1
G2;755379002218;Conhecimento;202606;66;0;10;86;1181;37;310;1377
G2;794479002232;Execução Judicial;202301;0;0;0;0;0;0;0;0
G2;794479002232;Conhecimento;202301;0;10;2;29;0;10;2;29
G2;794479002232;Execução Judicial;202302;0;0;0;0;0;0;0;0
G2;794479002232;Conhecimento;202302;73;13;4;10;73;23;6;39
G2;794479002232;Conhecimento;202303;64;57;12;13;137;80;18;52
G2;794479002232;Execução Judicial;202303;0;0;0;0;0;0;0;0
G2;794479002232;Conhecimento;202304;34;31;5;9;171;111;23;61
G2;794479002232;Execução Judicial;202304;0;0;0;0;0;0;0;0
G2;794479002232;Conhecimento;202305;76;84;13;10;247;195;36;71
G2;794479002232;Execução Judicial;202305;0;0;0;0;0;0;0;0
G2;794479002232;Execução Judicial;202306;0;0;0;0;0;0;0;0
G2;794479002232;Conhecimento;202306;54;41;7;12;301;236;43;83
G2;794479002232;Conhecimento;202307;88;59;15;11;389;295;58;94
G2;794479002232;Execução Judicial;202308;0;0;0;1;0;0;0;1
G2;794479002232;Conhecimento;202308;41;50;3;11;430;345;61;105
G2;794479002232;Conhecimento;202309;42;43;8;7;472;388;69;112
G2;794479002232;Execução Judicial;202309;0;0;0;0;0;0;0;1
G2;794479002232;Conhecimento;202310;66;54;3;7;538;442;72;119
G2;794479002232;Execução Judicial;202310;0;0;0;0;0;0;0;1
G2;794479002232;Execução Judicial;202311;0;0;0;0;0;0;0;1
G2;794479002232;Conhecimento;202311;49;104;5;5;587;546;77;124
G2;794479002232;Execução Judicial;202312;0;0;0;0;0;0;0;1
G2;794479002232;Conhecimento;202312;21;18;2;15;608;564;79;139
G2;794479002232;Conhecimento;202401;2;54;14;9;610;608;91;119
G2;794479002232;Execução Judicial;202401;0;0;0;0;0;0;0;1
G2;794479002232;Execução Judicial;202402;0;0;0;0;0;0;0;1
G2;794479002232;Conhecimento;202402;60;68;3;7;597;663;90;116
G2;794479002232;Conhecimento;202403;79;79;4;6;612;685;82;109
G2;794479002232;Execução Judicial;202403;0;0;0;0;0;0;0;1
G2;794479002232;Execução Judicial;202404;0;1;1;0;0;1;1;1
G2;794479002232;Conhecimento;202404;99;84;7;19;677;738;84;119
G2;794479002232;Conhecimento;202405;60;113;3;8;661;767;74;117
G2;794479002232;Execução Judicial;202405;0;0;0;0;0;1;1;1
G2;794479002232;Conhecimento;202406;72;99;13;5;679;825;80;110
G2;794479002232;Execução Judicial;202406;0;0;0;0;0;1;1;1
G2;794479002232;Execução Judicial;202407;0;0;0;0;0;1;1;1
G2;794479002232;Conhecimento;202407;53;169;3;8;644;935;68;107
G2;794479002232;Execução Judicial;202408;0;0;0;0;0;1;1;0
G2;794479002232;Conhecimento;202408;107;148;14;5;710;1033;79;101
G2;794479002232;Conhecimento;202409;35;154;0;6;703;1144;71;100
G2;794479002232;Execução Judicial;202409;0;0;0;0;0;1;1;0
G2;794479002232;Execução Judicial;202410;0;0;0;0;0;1;1;0
G2;794479002232;Conhecimento;202410;90;108;5;11;727;1198;73;104
G2;794479002232;Execução Judicial;202411;0;0;0;0;0;1;1;0
G2;794479002232;Conhecimento;202411;88;85;7;11;766;1179;75;110
G2;794479002232;Conhecimento;202412;62;92;9;13;807;1253;82;108
G2;794479002232;Execução Judicial;202412;0;0;0;0;0;1;1;0
G2;794479002232;Execução Judicial;202501;0;0;0;0;0;1;1;0
G2;794479002232;Conhecimento;202501;39;109;15;1;844;1308;83;100
G2;794479002232;Execução Judicial;202502;0;0;0;0;0;1;1;0
G2;794479002232;Conhecimento;202502;248;23;4;97;1032;1263;84;190
G2;794479002232;Execução Judicial;202503;0;0;0;0;0;1;1;0
G2;794479002232;Conhecimento;202503;78;12;5;107;1031;1196;85;291
G2;794479002232;Execução Judicial;202504;0;0;0;0;0;0;0;0
G2;794479002232;Conhecimento;202504;142;6;3;110;1074;1118;81;382
G2;794479002232;Conhecimento;202505;101;4;20;68;1115;1009;98;442
G2;794479002232;Execução Judicial;202505;1;0;0;0;1;0;0;0
G2;794479002232;Execução Judicial;202506;0;0;0;0;1;0;0;0
G2;794479002232;Conhecimento;202506;103;5;10;70;1146;915;95;507
G2;794479002232;Conhecimento;202507;134;7;16;160;1227;753;108;659
G2;794479002232;Conhecimento;202508;48;5;15;78;1168;610;109;732
G2;794479002232;Conhecimento;202509;63;3;23;89;1196;459;132;815
G2;794479002232;Conhecimento;202510;47;1;5;75;1153;352;132;879
G2;794479002232;Conhecimento;202511;48;2;8;99;1113;269;133;967
G2;794479002232;Execução Judicial;202512;0;1;0;0;1;1;0;0
G2;794479002232;Conhecimento;202512;15;2;3;72;1066;179;127;1026
G2;794479002232;Execução Judicial;202601;0;0;0;0;1;1;0;0
G2;794479002232;Conhecimento;202601;3;7;2;43;1030;77;114;1068
G2;794479002232;Execução Judicial;202602;0;0;0;0;1;1;0;0
G2;794479002232;Conhecimento;202602;129;3;16;81;911;57;126;1052
G2;794479002232;Execução Judicial;202603;0;0;0;0;1;1;0;0
G2;794479002232;Conhecimento;202603;64;5;60;109;897;50;181;1054
G2;794479002232;Execução Judicial;202604;0;0;0;0;1;1;0;0
G2;794479002232;Conhecimento;202604;85;8;39;112;840;52;217;1056
G2;794479002232;Conhecimento;202605;98;2;21;90;837;50;218;1078
G2;794479002232;Execução Judicial;202605;0;0;0;0;0;1;0;0
G2;794479002232;Conhecimento;202606;98;5;13;63;832;50;221;1071
G2;794479002232;Execução Judicial;202606;0;0;0;0;0;1;0;0
G2;794479011038;Conhecimento;202509;0;0;0;1;0;0;0;1
G2;794479011038;Conhecimento;202510;1;0;0;3;1;0;0;4
G2;794479011038;Conhecimento;202511;0;0;3;3;1;0;3;7
G2;794479011038;Conhecimento;202512;0;1;2;12;1;1;5;19
G2;794479011038;Conhecimento;202601;0;0;0;1;1;1;5;20
G2;794479011038;Conhecimento;202602;2;1;0;23;3;2;5;43
G2;794479011038;Conhecimento;202603;4;0;0;23;7;2;5;66
G2;794479011038;Conhecimento;202604;2;0;2;40;9;2;7;106
G2;794479011038;Execução Judicial;202604;1;0;0;1;1;0;0;1
G2;794479011038;Conhecimento;202605;3;2;0;17;12;4;7;123
G2;794479011038;Conhecimento;202606;4;0;0;45;16;4;7;168
G2;810039000004;Conhecimento;202301;0;0;0;0;0;0;0;0
G2;810039000004;Conhecimento;202302;0;0;0;0;0;0;0;0
G2;810039000004;Conhecimento;202303;0;0;0;0;0;0;0;0
G2;810039000004;Conhecimento;202304;0;0;0;0;0;0;0;0
G2;810039000004;Conhecimento;202305;0;0;0;0;0;0;0;0
G2;810039000004;Conhecimento;202306;0;0;0;0;0;0;0;0
G2;810039000004;Conhecimento;202307;0;0;0;0;0;0;0;0
G2;810039000004;Conhecimento;202308;0;0;0;0;0;0;0;0
G2;810039000004;Conhecimento;202309;0;0;0;0;0;0;0;0
G2;810039000004;Conhecimento;202310;0;0;0;0;0;0;0;0
G2;810039000004;Conhecimento;202311;0;0;0;0;0;0;0;0
G2;810039000004;Conhecimento;202312;0;0;0;0;0;0;0;0
G2;810039000004;Conhecimento;202401;0;0;0;0;0;0;0;0
G2;810039000004;Conhecimento;202402;0;0;0;0;0;0;0;0
G2;810039000004;Conhecimento;202403;0;0;0;0;0;0;0;0
G2;810039000004;Conhecimento;202404;1;0;0;0;1;0;0;0
G2;816059000040;Conhecimento;202301;0;0;0;0;0;0;0;0
G2;816059000040;Conhecimento;202302;0;0;0;0;0;0;0;0
G2;816059000040;Conhecimento;202303;0;0;0;0;0;0;0;0
G2;816059000040;Conhecimento;202304;1;0;1;0;1;0;1;0
G2;816059000040;Conhecimento;202307;0;0;0;2;1;0;1;2
G2;816059000040;Conhecimento;202308;0;0;0;4;1;0;1;6
G2;816059000040;Conhecimento;202309;0;1;0;2;1;1;1;8
G2;816059000040;Conhecimento;202310;1;0;0;2;2;1;1;10
G2;816059000040;Conhecimento;202311;0;0;0;2;2;1;1;12
G2;816059000040;Conhecimento;202312;0;0;0;1;2;1;1;13
G2;816059000040;Conhecimento;202401;0;0;0;0;2;1;1;13
G2;816059000040;Conhecimento;202402;1;0;0;1;3;1;1;14
G2;816059000040;Conhecimento;202403;1;0;0;0;4;1;1;14
G2;816059000040;Conhecimento;202404;5;0;0;1;8;1;0;15
G2;816059000040;Conhecimento;202405;0;0;1;1;8;1;1;16
G2;816059000040;Conhecimento;202406;3;0;0;0;11;1;1;16
G2;816059000040;Conhecimento;202407;0;0;0;1;11;1;1;15
G2;816059000040;Conhecimento;202408;0;0;0;0;11;1;1;11
G2;816059000040;Conhecimento;202409;2;0;1;0;13;0;2;9
G2;816059000040;Conhecimento;202410;0;0;1;1;12;0;3;8
G2;816059000040;Conhecimento;202411;1;0;0;0;13;0;3;6
G2;816059000040;Conhecimento;202412;0;0;0;0;13;0;3;5
G2;816059000040;Conhecimento;202501;0;0;0;0;13;0;3;5
G2;816059000040;Conhecimento;202502;0;0;0;0;12;0;3;4
G2;816059000040;Conhecimento;202503;0;0;0;0;11;0;3;4
G2;816059000040;Conhecimento;202504;0;0;0;0;6;0;3;3
G2;816059000040;Conhecimento;202505;0;0;0;0;6;0;2;2
G2;816059000040;Conhecimento;202506;0;0;0;0;3;0;2;2
G2;816059000040;Conhecimento;202507;2;0;0;0;5;0;2;1
G2;818369060001;Conhecimento;202301;0;0;0;0;0;0;0;0
G2;818369060001;Conhecimento;202302;0;0;0;0;0;0;0;0
G2;818369060001;Conhecimento;202303;6;0;0;0;6;0;0;0
G2;818369060001;Conhecimento;202304;2;0;0;1;8;0;0;1
G2;818369060001;Conhecimento;202305;0;0;0;0;8;0;0;1
G2;818369060001;Conhecimento;202306;2;0;0;1;10;0;0;2
G2;818369060001;Conhecimento;202307;0;0;0;0;10;0;0;2
G2;818369060001;Conhecimento;202308;0;0;1;0;10;0;1;2
G2;818369060001;Conhecimento;202309;5;0;0;1;15;0;1;3
G2;818369060001;Conhecimento;202310;0;0;0;0;15;0;1;3
G2;818369060001;Conhecimento;202311;0;0;0;0;15;0;1;3
G2;818369060001;Conhecimento;202312;0;0;0;0;15;0;1;3
G2;818369060001;Conhecimento;202401;0;0;0;0;15;0;1;3
G2;818369060001;Conhecimento;202402;3;0;0;0;18;0;1;3
G2;818369060001;Conhecimento;202403;0;0;0;0;12;0;1;3
G2;818369060001;Conhecimento;202404;2;0;0;0;12;0;1;2
G2;818369060001;Conhecimento;202405;1;0;0;0;13;0;1;2
G2;818369060001;Conhecimento;202406;0;0;0;0;11;0;1;1
G2;818369060001;Conhecimento;202407;1;0;0;0;12;0;1;1
G2;818369060001;Conhecimento;202408;0;1;0;0;12;1;0;1
G2;818369060001;Conhecimento;202409;0;0;0;0;7;1;0;0
G2;818369060001;Conhecimento;202410;0;0;0;0;7;1;0;0
G2;818369060001;Conhecimento;202411;0;0;0;0;7;1;0;0
G2;818369060001;Conhecimento;202412;0;0;0;0;7;1;0;0
G2;818369060001;Conhecimento;202501;0;1;0;0;7;2;0;0
G2;818369060001;Conhecimento;202502;0;1;0;0;4;3;0;0
G2;818369060001;Conhecimento;202503;0;0;0;0;4;3;0;0
G2;818369060001;Conhecimento;202504;0;0;0;0;2;3;0;0
G2;818369060001;Conhecimento;202505;0;2;0;0;1;5;0;0
G2;818369060001;Conhecimento;202506;0;1;0;0;1;6;0;0
G2;818369060001;Conhecimento;202507;4;0;1;0;4;6;1;0
G2;818369060001;Conhecimento;202508;0;0;0;0;4;5;1;0
G2;818369060001;Conhecimento;202509;0;0;0;0;4;5;1;0
G2;818369060001;Conhecimento;202510;0;0;0;0;4;5;1;0
G2;818369060001;Conhecimento;202511;0;0;0;0;4;5;1;0
G2;818369060001;Conhecimento;202512;2;0;0;0;6;5;1;0
G2;818369060001;Conhecimento;202601;0;0;0;0;6;4;1;0
G2;818369060001;Conhecimento;202602;0;0;0;0;6;3;1;0
G2;818369060001;Conhecimento;202603;1;0;0;0;7;3;1;0
G2;880159002272;Conhecimento;202307;0;0;0;7;0;0;0;7
G2;880159002272;Conhecimento;202308;0;0;0;6;0;0;0;13
G2;880159002272;Conhecimento;202309;0;0;0;0;0;0;0;13
G2;880159002272;Conhecimento;202310;0;0;0;0;0;0;0;13
G2;880159002272;Conhecimento;202311;0;0;0;1;0;0;0;14
G2;880159002272;Conhecimento;202312;0;7;3;60;0;7;3;74
G2;880159002272;Conhecimento;202401;0;15;3;74;0;22;6;148
G2;880159002272;Conhecimento;202402;1;7;1;66;1;29;7;214
G2;880159002272;Conhecimento;202403;19;13;7;78;20;42;14;292
G2;880159002272;Conhecimento;202404;20;4;13;72;40;46;27;364
G2;880159002272;Conhecimento;202405;35;7;4;96;75;53;31;460
G2;880159002272;Conhecimento;202406;45;5;4;99;120;58;35;559
G2;880159002272;Conhecimento;202407;74;5;18;192;194;63;53;744
G2;880159002272;Conhecimento;202408;64;9;16;166;258;72;69;904
G2;880159002272;Conhecimento;202409;85;4;18;151;343;76;87;1055
G2;880159002272;Conhecimento;202410;88;0;16;132;431;76;103;1187
G2;880159002272;Conhecimento;202411;33;4;8;78;464;80;111;1264
G2;880159002272;Conhecimento;202412;84;1;16;99;548;74;124;1303
G2;880159002272;Conhecimento;202501;68;5;23;72;616;64;144;1301
G2;880159002272;Conhecimento;202502;209;7;8;8;824;64;151;1243
G2;880159002272;Conhecimento;202503;196;14;30;8;1001;65;174;1173
G2;880159002272;Conhecimento;202504;81;1;31;4;1062;62;192;1105
G2;880159002272;Conhecimento;202505;63;0;20;1;1090;55;208;1010
G2;880159002272;Conhecimento;202506;42;1;4;2;1087;51;208;913
G2;880159002272;Conhecimento;202507;32;2;7;2;1045;48;197;723
G2;880159002272;Conhecimento;202508;17;0;4;2;998;39;185;559
G2;880159002272;Conhecimento;202509;11;2;8;9;924;37;175;417
G2;880159002272;Conhecimento;202510;8;0;2;3;844;37;161;288
G2;880159002272;Conhecimento;202511;24;1;5;1;835;34;158;211
G2;880159002272;Conhecimento;202512;6;0;3;1;757;33;145;113
G2;880159002272;Conhecimento;202601;0;1;3;3;689;29;125;44
G2;880159002272;Conhecimento;202602;5;0;0;2;485;22;117;38
G2;880159002272;Conhecimento;202603;1;0;1;3;290;8;88;33
G2;880159002272;Conhecimento;202604;4;3;2;2;213;10;59;31
G2;880159002272;Conhecimento;202605;2;0;0;4;152;10;39;34
G2;880159002272;Conhecimento;202606;3;1;2;2;113;10;37;34
G2;903359002294;Conhecimento;202301;0;0;0;0;0;0;0;0
G2;903359002294;Conhecimento;202302;0;0;0;0;0;0;0;0
G2;903359002294;Conhecimento;202303;0;0;0;0;0;0;0;0
G2;903359002294;Conhecimento;202304;0;0;0;0;0;0;0;0
G2;903359002294;Conhecimento;202305;0;0;0;0;0;0;0;0
G2;903359002294;Conhecimento;202306;0;0;0;0;0;0;0;0
G2;903359002294;Conhecimento;202307;0;0;0;0;0;0;0;0
G2;903359002294;Conhecimento;202308;0;0;0;0;0;0;0;0
G2;903359002294;Conhecimento;202309;0;0;0;0;0;0;0;0
G2;903359002294;Conhecimento;202310;0;0;0;0;0;0;0;0
G2;903359002294;Conhecimento;202311;0;0;0;0;0;0;0;0
G2;903359002294;Conhecimento;202312;0;0;0;0;0;0;0;0
G2;903359002294;Conhecimento;202401;0;0;0;0;0;0;0;0
G2;903359002294;Conhecimento;202402;0;0;0;0;0;0;0;0
G2;903359002294;Conhecimento;202403;0;0;0;0;0;0;0;0
G2;903359002294;Conhecimento;202404;0;0;0;0;0;0;0;0
G2;903359002294;Conhecimento;202405;0;0;0;0;0;0;0;0
G2;903359002294;Conhecimento;202406;0;0;0;0;0;0;0;0
G2;903359002294;Conhecimento;202407;0;0;0;0;0;0;0;0
G2;903359002294;Conhecimento;202408;0;0;0;0;0;0;0;0
G2;903359002294;Conhecimento;202409;0;0;0;8;0;0;0;8
G2;903359002294;Conhecimento;202410;0;0;0;185;0;0;0;193
G2;903359002294;Conhecimento;202411;0;4;4;217;0;4;4;410
G2;903359002294;Conhecimento;202412;9;5;6;138;9;9;10;548
G2;903359002294;Conhecimento;202501;19;5;28;63;28;14;38;611
G2;903359002294;Conhecimento;202502;46;7;3;125;74;21;41;736
G2;903359002294;Conhecimento;202503;45;10;18;99;119;31;59;835
G2;903359002294;Conhecimento;202504;68;4;26;119;187;35;85;954
G2;903359002294;Conhecimento;202505;89;8;39;104;276;43;124;1058
G2;903359002294;Conhecimento;202506;86;2;46;141;362;45;170;1199
G2;903359002294;Conhecimento;202507;126;2;32;188;488;47;202;1387
G2;903359002294;Conhecimento;202508;74;7;40;83;562;54;242;1470
G2;903359002294;Conhecimento;202509;89;8;34;116;651;62;276;1578
G2;903359002294;Conhecimento;202510;107;4;29;134;758;66;305;1527
G2;903359002294;Conhecimento;202511;89;4;4;87;847;66;305;1397
G2;903359002294;Conhecimento;202512;90;6;31;116;928;67;330;1375
G2;903359002294;Execução Judicial;202512;0;0;0;0;0;0;0;0
G2;903359002294;Execução Judicial;202601;0;0;0;0;0;0;0;0
G2;903359002294;Conhecimento;202601;30;4;14;52;939;66;316;1364
G2;903359002294;Conhecimento;202602;121;5;26;98;1014;64;339;1337
G2;903359002294;Execução Judicial;202602;0;0;0;0;0;0;0;0
G2;903359002294;Conhecimento;202603;117;26;33;137;1086;80;354;1375
G2;903359002294;Execução Judicial;202603;0;0;0;0;0;0;0;0
G2;903359002294;Conhecimento;202604;127;4;25;112;1145;80;353;1368
G2;903359002294;Execução Judicial;202604;0;0;0;0;0;0;0;0
G2;903359002294;Execução Judicial;202605;0;0;0;0;0;0;0;0
G2;903359002294;Conhecimento;202605;171;3;42;131;1227;75;356;1395
G2;903359002294;Conhecimento;202606;65;1;10;82;1206;74;320;1336
G2;903359002294;Execução Judicial;202606;0;0;0;0;0;0;0;0
JE;116740030001;Conhecimento;202304;0;0;0;1;0;0;0;1
JE;116740030001;Conhecimento;202308;0;0;1;0;0;0;1;1
JE;116740030001;Conhecimento;202406;0;0;1;1;0;0;2;1
JE;116740030001;Conhecimento;202407;0;0;0;1;0;0;2;2
JE;116740030001;Conhecimento;202408;0;1;1;0;0;1;2;2
JE;116740030003;Execução Judicial;202301;5;0;0;5;5;0;0;5
JE;116740030003;Execução de Título Extrajudicial;202301;1;0;0;7;1;0;0;7
JE;116740030003;Conhecimento;202301;8;0;0;39;8;0;0;39
JE;116740030003;Execução de Título Extrajudicial;202302;0;0;0;5;1;0;0;12
JE;116740030003;Conhecimento;202302;4;0;0;30;12;0;0;69
JE;116740030003;Execução Judicial;202302;1;0;0;4;6;0;0;9
JE;116740030003;Execução Judicial;202303;8;0;0;10;14;0;0;19
JE;116740030003;Conhecimento;202303;12;0;1;23;24;0;1;92
JE;116740030003;Execução de Título Extrajudicial;202303;0;0;0;2;1;0;0;14
JE;116740030003;Conhecimento;202304;10;0;0;11;34;0;1;103
JE;116740030003;Execução de Título Extrajudicial;202304;1;0;0;3;2;0;0;17
JE;116740030003;Execução Judicial;202304;1;0;0;4;15;0;0;23
JE;116740030003;Execução de Título Extrajudicial;202305;0;0;0;8;2;0;0;25
JE;116740030003;Conhecimento;202305;6;0;0;36;40;0;1;139
JE;116740030003;Execução Judicial;202305;3;0;0;6;18;0;0;29
JE;116740030003;Execução de Título Extrajudicial;202306;2;0;0;5;4;0;0;30
JE;116740030003;Conhecimento;202306;17;0;0;37;57;0;1;176
JE;116740030003;Execução Judicial;202306;2;0;0;4;20;0;0;33
JE;116740030003;Execução Judicial;202307;1;0;0;10;21;0;0;43
JE;116740030003;Execução de Título Extrajudicial;202307;0;0;0;5;4;0;0;35
JE;116740030003;Conhecimento;202307;17;0;0;25;74;0;1;201
JE;116740030003;Conhecimento;202308;13;1;0;26;87;1;1;227
JE;116740030003;Execução Judicial;202308;0;0;0;6;21;0;0;49
JE;116740030003;Execução de Título Extrajudicial;202308;0;0;0;0;4;0;0;35
JE;116740030003;Execução Judicial;202309;4;0;0;4;25;0;0;53
JE;116740030003;Execução de Título Extrajudicial;202309;3;0;0;2;7;0;0;37
JE;116740030003;Conhecimento;202309;15;0;0;38;102;1;1;265
JE;116740030003;Conhecimento;202310;49;0;0;25;151;1;1;290
JE;116740030003;Execução de Título Extrajudicial;202310;2;0;0;0;9;0;0;37
JE;116740030003;Execução Judicial;202310;7;0;0;9;32;0;0;62
JE;116740030003;Execução de Título Extrajudicial;202311;2;0;0;0;11;0;0;37
JE;116740030003;Execução Judicial;202311;10;0;0;13;42;0;0;75
JE;116740030003;Conhecimento;202311;46;1;2;35;197;2;3;325
JE;116740030003;Conhecimento;202312;40;1;2;21;237;3;5;346
JE;116740030003;Execução Judicial;202312;9;0;0;14;51;0;0;89
JE;116740030003;Execução de Título Extrajudicial;202312;3;0;0;0;14;0;0;37
JE;116740030003;Execução Judicial;202401;5;0;0;6;51;0;0;90
JE;116740030003;Execução de Título Extrajudicial;202401;1;0;0;1;14;0;0;31
JE;116740030003;Conhecimento;202401;21;0;0;15;250;3;5;322
JE;116740030003;Execução de Título Extrajudicial;202402;1;0;0;0;15;0;0;26
JE;116740030003;Conhecimento;202402;51;0;0;26;297;3;5;318
JE;116740030003;Execução Judicial;202402;13;0;0;6;63;0;0;92
JE;116740030003;Execução de Título Extrajudicial;202403;1;0;0;1;16;0;0;25
JE;116740030003;Conhecimento;202403;23;0;0;16;308;3;4;311
JE;116740030003;Execução Judicial;202403;8;0;0;4;63;0;0;86
JE;116740030003;Execução Judicial;202404;13;0;0;10;75;0;0;92
JE;116740030003;Execução de Título Extrajudicial;202404;4;0;0;6;19;0;0;28
JE;116740030003;Conhecimento;202404;49;1;1;41;347;4;5;341
JE;116740030003;Execução Judicial;202405;12;0;0;3;84;0;0;89
JE;116740030003;Conhecimento;202405;25;0;1;20;366;4;6;325
JE;116740030003;Execução de Título Extrajudicial;202405;5;0;0;3;24;0;0;23
JE;116740030003;Execução de Título Extrajudicial;202406;2;0;0;0;24;0;0;18
JE;116740030003;Conhecimento;202406;40;2;1;42;389;6;7;330
JE;116740030003;Execução Judicial;202406;14;0;1;12;96;0;1;97
JE;116740030003;Conhecimento;202407;53;0;0;38;425;6;7;343
JE;116740030003;Execução Judicial;202407;11;0;0;21;106;0;1;108
JE;116740030003;Execução de Título Extrajudicial;202407;5;0;0;0;29;0;0;13
JE;116740030003;Execução Judicial;202408;9;0;0;4;115;0;1;106
JE;116740030003;Conhecimento;202408;22;0;0;21;434;5;7;338
JE;116740030003;Execução de Título Extrajudicial;202408;2;0;0;0;31;0;0;13
JE;116740030003;Conhecimento;202409;39;0;0;34;458;5;7;334
JE;116740030003;Execução Judicial;202409;20;0;0;12;131;0;1;114
JE;116740030003;Execução de Título Extrajudicial;202409;4;0;0;7;32;0;0;18
JE;116740030003;Execução Judicial;202410;21;0;0;18;145;0;1;123
JE;116740030003;Conhecimento;202410;30;1;0;46;439;6;7;355
JE;116740030003;Execução de Título Extrajudicial;202410;3;0;0;2;33;0;0;20
JE;116740030003;Conhecimento;202411;29;1;0;22;422;6;5;342
JE;116740030003;Execução de Título Extrajudicial;202411;3;0;0;1;34;0;0;21
JE;116740030003;Execução Judicial;202411;11;0;0;8;146;0;1;118
JE;116740030003;Execução Judicial;202412;10;0;0;7;147;0;1;111
JE;116740030003;Execução de Título Extrajudicial;202412;0;0;0;1;31;0;0;22
JE;116740030003;Conhecimento;202412;20;0;1;24;402;5;4;345
JE;116740030003;Execução de Título Extrajudicial;202501;0;0;0;3;30;0;0;24
JE;116740030003;Conhecimento;202501;32;0;0;30;413;5;4;360
JE;116740030003;Execução Judicial;202501;8;0;0;19;150;0;1;124
JE;116740030003;Execução Judicial;202502;10;0;0;6;147;0;1;124
JE;116740030003;Conhecimento;202502;42;0;0;27;404;5;4;361
JE;116740030003;Execução de Título Extrajudicial;202502;1;0;0;1;30;0;0;25
JE;116740030003;Execução Judicial;202503;8;0;0;10;147;0;1;130
JE;116740030003;Execução de Título Extrajudicial;202503;0;0;0;0;29;0;0;24
JE;116740030003;Conhecimento;202503;29;0;0;40;410;5;4;385
JE;116740030003;Conhecimento;202504;36;0;0;29;397;4;3;373
JE;116740030003;Execução de Título Extrajudicial;202504;5;0;0;0;30;0;0;18
JE;116740030003;Execução Judicial;202504;11;0;0;10;145;0;1;130
JE;116740030003;Conhecimento;202505;37;0;0;29;409;4;2;382
JE;116740030003;Execução Judicial;202505;7;0;0;18;140;0;1;145
JE;116740030003;Execução de Título Extrajudicial;202505;0;0;0;1;25;0;0;16
JE;116740030003;Execução de Título Extrajudicial;202506;0;0;0;1;23;0;0;17
JE;116740030003;Conhecimento;202506;25;0;0;13;394;2;1;353
JE;116740030003;Execução Judicial;202506;9;0;0;8;135;0;0;141
JE;116740030003;Conhecimento;202507;24;0;0;22;365;2;1;337
JE;116740030003;Execução Judicial;202507;11;0;0;13;135;0;0;133
JE;116740030003;Execução de Título Extrajudicial;202507;5;0;0;2;23;0;0;19
JE;116740030003;Execução Judicial;202508;12;0;0;8;138;0;0;137
JE;116740030003;Conhecimento;202508;27;0;0;26;370;2;1;342
JE;116740030003;Execução de Título Extrajudicial;202508;0;0;0;0;21;0;0;19
JE;116740030003;Execução de Título Extrajudicial;202509;4;0;0;1;21;0;0;13
JE;116740030003;Conhecimento;202509;50;0;0;25;381;2;1;333
JE;116740030003;Execução Judicial;202509;15;0;0;6;133;0;0;131
JE;116740030003;Conhecimento;202510;24;0;0;24;375;1;1;311
JE;116740030003;Execução de Título Extrajudicial;202510;1;0;0;0;19;0;0;11
JE;116740030003;Execução Judicial;202510;8;0;0;1;120;0;0;114
JE;116740030003;Conhecimento;202511;39;0;0;17;385;0;1;306
JE;116740030003;Execução de Título Extrajudicial;202511;6;0;0;0;22;0;0;10
JE;116740030003;Execução Judicial;202511;38;1;1;12;147;1;1;118
JE;116740030003;Execução de Título Extrajudicial;202512;2;0;0;1;24;0;0;10
JE;116740030003;Conhecimento;202512;20;0;0;16;385;0;0;298
JE;116740030003;Execução Judicial;202512;17;0;0;4;154;1;1;115
JE;116740030003;Execução Judicial;202601;5;0;0;3;151;1;1;99
JE;116740030003;Conhecimento;202601;15;0;0;30;368;0;0;298
JE;116740030003;Execução de Título Extrajudicial;202601;2;0;0;4;26;0;0;11
JE;116740030003;Execução Judicial;202602;8;0;0;5;149;1;1;98
JE;116740030003;Conhecimento;202602;22;0;0;25;348;0;0;296
JE;116740030003;Execução de Título Extrajudicial;202602;0;0;0;0;25;0;0;10
JE;116740030003;Execução Judicial;202603;7;0;0;11;148;1;1;99
JE;116740030003;Execução de Título Extrajudicial;202603;1;0;0;7;26;0;0;17
JE;116740030003;Conhecimento;202603;37;0;0;28;356;0;0;284
JE;116740030003;Conhecimento;202604;17;1;0;21;337;1;0;276
JE;116740030003;Execução de Título Extrajudicial;202604;2;0;0;4;23;0;0;21
JE;116740030003;Execução Judicial;202604;1;0;0;4;138;1;1;93
JE;116740030003;Conhecimento;202605;22;1;0;21;322;2;0;268
JE;116740030003;Execução de Título Extrajudicial;202605;1;0;0;1;24;0;0;21
JE;116740030003;Execução Judicial;202605;7;0;0;7;138;1;1;82
JE;116740030003;Execução de Título Extrajudicial;202606;1;0;0;2;25;0;0;22
JE;116740030003;Conhecimento;202606;25;0;0;12;322;2;0;267
JE;116740030003;Execução Judicial;202606;4;0;0;10;133;1;1;84
JE;116740030007;Conhecimento;202301;0;0;0;0;0;0;0;0
JE;116740030007;Execução Judicial;202301;0;0;0;4;0;0;0;4
JE;116740030007;Conhecimento;202302;0;0;0;2;0;0;0;2
JE;116740030007;Execução Judicial;202302;0;0;0;10;0;0;0;14
JE;116740030007;Execução Judicial;202303;6;0;0;3;6;0;0;17
JE;116740030007;Conhecimento;202303;0;1;0;1;0;1;0;3
JE;116740030007;Conhecimento;202304;2;0;0;0;2;1;0;3
JE;116740030007;Execução Judicial;202304;18;0;0;1;24;0;0;18
JE;116740030007;Execução Judicial;202305;2;0;0;1;26;0;0;19
JE;116740030007;Conhecimento;202305;1;0;0;5;3;1;0;8
JE;116740030007;Conhecimento;202306;2;0;0;4;5;1;0;12
JE;116740030007;Execução Judicial;202306;4;0;0;1;30;0;0;20
JE;116740030007;Conhecimento;202307;0;0;0;4;5;1;0;16
JE;116740030007;Execução Judicial;202307;22;0;0;3;52;0;0;23
JE;116740030007;Conhecimento;202308;1;0;0;3;6;1;0;19
JE;116740030007;Execução Judicial;202308;0;0;0;2;52;0;0;25
JE;116740030007;Conhecimento;202309;2;0;0;1;8;1;0;20
JE;116740030007;Execução Judicial;202309;13;0;0;2;65;0;0;27
JE;116740030007;Execução Judicial;202310;18;0;0;4;83;0;0;31
JE;116740030007;Conhecimento;202310;2;0;0;1;10;1;0;21
JE;116740030007;Execução Judicial;202311;4;0;0;2;87;0;0;33
JE;116740030007;Conhecimento;202311;4;1;0;3;14;2;0;24
JE;116740030007;Execução Judicial;202312;10;0;0;2;97;0;0;35
JE;116740030007;Conhecimento;202312;0;1;0;2;14;3;0;26
JE;116740030007;Conhecimento;202401;1;0;0;8;15;3;0;34
JE;116740030007;Execução Judicial;202401;0;0;0;1;97;0;0;32
JE;116740030007;Conhecimento;202402;4;0;0;2;19;3;0;34
JE;116740030007;Execução Judicial;202402;1;0;0;1;98;0;0;23
JE;116740030007;Execução Judicial;202403;1;0;0;2;93;0;0;22
JE;116740030007;Conhecimento;202403;3;0;0;1;22;2;0;34
JE;116740030007;Conhecimento;202404;3;0;0;1;23;2;0;35
JE;116740030007;Execução Judicial;202404;1;0;0;4;76;0;0;25
JE;116740030007;Execução Judicial;202405;0;0;0;5;74;0;0;29
JE;116740030007;Conhecimento;202405;3;1;0;1;25;3;0;31
JE;116740030007;Execução Judicial;202406;0;1;0;1;70;1;0;29
JE;116740030007;Conhecimento;202406;3;0;0;0;26;3;0;27
JE;116740030007;Execução Judicial;202407;21;0;0;3;69;1;0;29
JE;116740030007;Conhecimento;202407;8;0;0;1;34;3;0;24
JE;116740030007;Conhecimento;202408;4;0;0;5;37;3;0;26
JE;116740030007;Execução Judicial;202408;19;0;0;4;88;1;0;31
JE;116740030007;Execução Judicial;202409;2;0;0;0;77;1;0;29
JE;116740030007;Conhecimento;202409;2;0;0;3;37;3;0;28
JE;116740030007;Execução Judicial;202410;20;0;0;2;79;1;0;27
JE;116740030007;Conhecimento;202410;4;0;1;2;39;3;1;29
JE;116740030007;Execução Judicial;202411;2;0;0;0;77;1;0;25
JE;116740030007;Conhecimento;202411;1;0;0;0;36;2;1;26
JE;116740030007;Execução Judicial;202412;7;0;0;0;74;1;0;23
JE;116740030007;Conhecimento;202412;0;0;0;0;36;1;1;24
JE;116740030007;Conhecimento;202501;0;0;0;3;35;1;1;19
JE;116740030007;Execução Judicial;202501;0;0;0;2;74;1;0;24
JE;116740030007;Execução Judicial;202502;3;0;0;0;76;1;0;23
JE;116740030007;Conhecimento;202502;6;0;0;3;37;1;1;20
JE;116740030007;Conhecimento;202503;3;0;0;0;37;1;1;19
JE;116740030007;Execução Judicial;202503;11;0;0;2;86;1;0;23
JE;116740030007;Conhecimento;202504;3;0;0;2;37;1;1;20
JE;116740030007;Execução Judicial;202504;5;0;0;0;90;1;0;19
JE;116740030007;Conhecimento;202505;0;0;0;0;34;0;1;19
JE;116740030007;Execução Judicial;202505;2;0;0;0;92;1;0;14
JE;116740030007;Conhecimento;202506;1;0;0;1;32;0;1;20
JE;116740030007;Execução Judicial;202506;1;0;0;1;93;0;0;14
JE;116740030007;Conhecimento;202507;1;0;0;1;25;0;1;20
JE;116740030007;Execução Judicial;202507;2;0;0;4;74;0;0;15
JE;116740030007;Conhecimento;202508;3;0;0;0;24;0;1;15
JE;116740030007;Execução Judicial;202508;0;0;0;1;55;0;0;12
JE;116740030007;Conhecimento;202509;3;0;0;2;25;0;1;14
JE;116740030007;Execução Judicial;202509;0;0;0;0;53;0;0;12
JE;116740030007;Conhecimento;202510;3;0;0;2;24;0;0;14
JE;116740030007;Execução Judicial;202510;0;0;0;1;33;0;0;11
JE;116740030007;Execução Judicial;202511;2;0;0;2;33;0;0;13
JE;116740030007;Conhecimento;202511;4;0;0;1;27;0;0;15
JE;116740030007;Execução Judicial;202512;0;0;0;0;26;0;0;13
JE;116740030007;Conhecimento;202512;1;0;0;3;28;0;0;18
JE;116740030007;Conhecimento;202601;3;0;0;2;31;0;0;17
JE;116740030007;Execução Judicial;202601;3;0;0;1;29;0;0;12
JE;116740030007;Conhecimento;202602;2;0;0;1;27;0;0;15
JE;116740030007;Execução Judicial;202602;1;0;0;0;27;0;0;12
JE;116740030007;Execução Judicial;202603;4;0;0;0;20;0;0;10
JE;116740030007;Conhecimento;202603;1;0;0;2;25;0;0;17
JE;116740030007;Conhecimento;202604;0;0;0;4;22;0;0;19
JE;116740030007;Execução Judicial;202604;0;0;0;1;15;0;0;11
JE;116740030007;Conhecimento;202605;3;0;0;0;25;0;0;19
JE;116740030007;Execução Judicial;202605;3;0;0;2;16;0;0;13
JE;116740030007;Conhecimento;202606;2;0;0;2;26;0;0;20
JE;116740030007;Execução Judicial;202606;0;0;0;0;15;0;0;12
JE;137300810002;Conhecimento;202302;0;0;0;1;0;0;0;1
JE;137300810002;Execução Judicial;202306;0;0;0;1;0;0;0;1
JE;137300810002;Conhecimento;202306;0;1;0;1;0;1;0;2
JE;137300810002;Conhecimento;202307;0;1;1;0;0;2;1;2
JE;137300810002;Execução Judicial;202307;0;1;1;0;0;1;1;1
JE;137300810002;Conhecimento;202403;0;1;0;0;0;3;1;1
JE;137300810002;Conhecimento;202406;1;1;1;0;1;3;2;0
JE;137300810002;Conhecimento;202409;0;2;0;1;1;4;1;1
JE;137300810002;Conhecimento;202410;0;1;1;0;1;5;2;1
JE;137300810002;Conhecimento;202411;0;0;1;0;1;5;3;1
JE;137300810002;Conhecimento;202412;1;0;0;0;2;5;3;1
JE;137300810002;Conhecimento;202501;0;0;1;0;2;5;4;1
JE;137300810002;Conhecimento;202503;0;0;1;1;2;4;5;2
JE;137300810002;Conhecimento;202504;0;1;1;0;2;5;6;2
JE;137300810002;Conhecimento;202505;0;1;1;0;2;6;7;2
JE;137300810002;Conhecimento;202506;0;1;1;1;1;6;7;3
JE;137300810002;Conhecimento;202507;0;1;1;1;1;7;8;4
JE;137300810002;Conhecimento;202512;0;0;0;1;0;4;6;4
JE;137300810002;Conhecimento;202602;0;1;1;0;0;5;6;4
JE;137340810001;Conhecimento;202312;1;0;0;1;1;0;0;1
JE;137340810001;Conhecimento;202401;0;1;1;0;1;1;1;1
JE;163170160001;Conhecimento;202306;0;0;0;1;0;0;0;1
JE;163170160001;Conhecimento;202308;0;0;1;0;0;0;1;1
JE;163170160003;Execução Judicial;202301;0;0;0;2;0;0;0;2
JE;163170160003;Conhecimento;202301;0;0;0;2;0;0;0;2
JE;163170160003;Execução Judicial;202302;0;0;0;0;0;0;0;2
JE;163170160003;Conhecimento;202302;3;0;0;4;3;0;0;6
JE;163170160003;Execução Judicial;202303;0;0;0;1;0;0;0;3
JE;163170160003;Conhecimento;202303;6;0;0;2;9;0;0;8
JE;163170160003;Conhecimento;202304;3;0;0;6;12;0;0;14
JE;163170160003;Execução Judicial;202304;0;0;0;1;0;0;0;4
JE;163170160003;Conhecimento;202305;1;0;0;11;13;0;0;25
JE;163170160003;Execução Judicial;202305;1;0;0;1;1;0;0;5
JE;163170160003;Execução Judicial;202306;1;0;0;1;2;0;0;6
JE;163170160003;Conhecimento;202306;3;0;0;5;16;0;0;30
JE;163170160003;Conhecimento;202307;6;0;0;7;22;0;0;37
JE;163170160003;Execução Judicial;202307;2;0;0;1;4;0;0;7
JE;163170160003;Execução Judicial;202308;7;0;0;9;11;0;0;16
JE;163170160003;Conhecimento;202308;5;0;0;5;27;0;0;42
JE;163170160003;Execução Judicial;202309;0;0;0;0;11;0;0;16
JE;163170160003;Conhecimento;202309;5;0;0;6;32;0;0;48
JE;163170160003;Execução Judicial;202310;3;0;0;2;14;0;0;18
JE;163170160003;Conhecimento;202310;10;0;0;5;42;0;0;53
JE;163170160003;Conhecimento;202311;9;0;0;7;51;0;0;60
JE;163170160003;Execução Judicial;202311;1;0;0;4;15;0;0;22
JE;163170160003;Execução Judicial;202312;0;0;0;2;15;0;0;24
JE;163170160003;Conhecimento;202312;1;0;0;6;52;0;0;66
JE;163170160003;Conhecimento;202401;9;0;0;11;61;0;0;75
JE;163170160003;Execução Judicial;202401;0;0;0;4;15;0;0;26
JE;163170160003;Execução Judicial;202402;0;0;0;1;15;0;0;27
JE;163170160003;Conhecimento;202402;2;0;0;5;60;0;0;76
JE;163170160003;Conhecimento;202403;20;0;0;11;74;0;0;85
JE;163170160003;Execução Judicial;202403;1;0;0;2;16;0;0;28
JE;163170160003;Conhecimento;202404;8;0;0;11;79;0;0;90
JE;163170160003;Execução Judicial;202404;4;0;0;3;20;0;0;30
JE;163170160003;Execução Judicial;202405;2;0;0;0;21;0;0;29
JE;163170160003;Conhecimento;202405;10;0;0;4;88;0;0;83
JE;163170160003;Execução Judicial;202406;5;0;0;4;25;0;0;32
JE;163170160003;Conhecimento;202406;13;0;0;10;98;0;0;88
JE;163170160003;Conhecimento;202407;12;0;0;2;104;0;0;83
JE;163170160003;Execução Judicial;202407;3;0;0;0;26;0;0;31
JE;163170160003;Execução Judicial;202408;1;0;0;4;20;0;0;26
JE;163170160003;Conhecimento;202408;1;0;0;5;100;0;0;83
JE;163170160003;Conhecimento;202409;4;0;0;4;99;0;0;81
JE;163170160003;Execução Judicial;202409;2;0;0;0;22;0;0;26
JE;163170160003;Execução Judicial;202410;1;0;0;3;20;0;0;27
JE;163170160003;Conhecimento;202410;4;0;0;4;93;0;0;80
JE;163170160003;Execução Judicial;202411;1;0;0;0;20;0;0;23
JE;163170160003;Conhecimento;202411;8;0;0;8;92;0;0;81
JE;163170160003;Execução Judicial;202412;4;0;0;0;24;0;0;21
JE;163170160003;Conhecimento;202412;6;0;0;0;97;0;0;75
JE;163170160003;Conhecimento;202501;1;0;0;6;89;0;0;70
JE;163170160003;Execução Judicial;202501;0;0;0;2;24;0;0;19
JE;163170160003;Execução Judicial;202502;0;0;0;4;24;0;0;22
JE;163170160003;Conhecimento;202502;5;0;0;4;92;0;0;69
JE;163170160003;Conhecimento;202503;2;0;0;9;74;0;0;67
JE;163170160003;Execução Judicial;202503;11;0;0;2;34;0;0;22
JE;163170160003;Conhecimento;202504;12;0;0;5;78;0;0;61
JE;163170160003;Execução Judicial;202504;3;0;0;3;33;0;0;22
JE;163170160003;Conhecimento;202505;13;0;0;7;81;0;0;64
JE;163170160003;Execução Judicial;202505;1;0;0;0;32;0;0;22
JE;163170160003;Execução Judicial;202506;1;0;0;3;28;0;0;21
JE;163170160003;Conhecimento;202506;1;0;0;2;69;0;0;56
JE;163170160003;Conhecimento;202507;5;0;0;3;62;0;0;57
JE;163170160003;Execução Judicial;202507;0;0;0;4;25;0;0;25
JE;163170160003;Execução Judicial;202508;2;0;0;0;26;0;0;21
JE;163170160003;Conhecimento;202508;3;0;0;3;64;0;0;55
JE;163170160003;Execução Judicial;202509;0;0;0;0;24;0;0;21
JE;163170160003;Conhecimento;202509;1;0;0;1;61;0;0;52
JE;163170160003;Execução Judicial;202510;2;0;0;0;25;0;0;18
JE;163170160003;Conhecimento;202510;2;0;0;4;59;0;0;52
JE;163170160003;Execução Judicial;202511;2;0;0;0;26;0;0;18
JE;163170160003;Conhecimento;202511;4;0;0;3;55;0;0;47
JE;163170160003;Conhecimento;202512;3;0;0;2;52;0;0;49
JE;163170160003;Execução Judicial;202512;1;0;0;0;23;0;0;18
JE;163170160003;Execução Judicial;202601;0;0;0;0;23;0;0;16
JE;163170160003;Execução de Título Extrajudicial;202601;0;0;0;1;0;0;0;1
JE;163170160003;Conhecimento;202601;1;0;0;1;52;0;0;44
JE;163170160003;Execução de Título Extrajudicial;202602;0;0;0;0;0;0;0;1
JE;163170160003;Conhecimento;202602;1;0;0;1;48;0;0;41
JE;163170160003;Execução Judicial;202602;1;0;0;2;24;0;0;14
JE;163170160003;Execução de Título Extrajudicial;202603;0;0;0;0;0;0;0;1
JE;163170160003;Conhecimento;202603;3;0;0;10;49;0;0;42
JE;163170160003;Execução Judicial;202603;1;0;0;2;14;0;0;14
JE;163170160003;Execução Judicial;202604;4;0;0;1;15;0;0;12
JE;163170160003;Execução de Título Extrajudicial;202604;0;0;0;1;0;0;0;2
JE;163170160003;Conhecimento;202604;0;0;0;3;37;0;0;40
JE;163170160003;Execução Judicial;202605;1;0;0;1;15;0;0;13
JE;163170160003;Execução de Título Extrajudicial;202605;0;0;0;0;0;0;0;2
JE;163170160003;Conhecimento;202605;0;0;0;6;24;0;0;39
JE;163170160003;Execução Judicial;202606;1;0;0;2;15;0;0;12
JE;163170160003;Execução de Título Extrajudicial;202606;0;0;0;1;0;0;0;3
JE;163170160003;Conhecimento;202606;5;0;0;9;28;0;0;46
JE;163170160004;Conhecimento;202301;0;0;0;0;0;0;0;0
JE;163170160004;Conhecimento;202302;0;0;0;0;0;0;0;0
JE;163170160004;Conhecimento;202303;0;0;0;1;0;0;0;1
JE;163170160004;Conhecimento;202304;0;0;0;1;0;0;0;2
JE;163170160004;Conhecimento;202305;0;0;0;0;0;0;0;2
JE;163170160004;Conhecimento;202306;0;0;0;0;0;0;0;2
JE;163170160004;Conhecimento;202307;3;0;0;6;3;0;0;8
JE;163170160004;Conhecimento;202308;0;0;0;4;3;0;0;12
JE;163170160004;Conhecimento;202309;11;0;0;4;14;0;0;16
JE;163170160004;Conhecimento;202310;0;0;0;3;14;0;0;19
JE;163170160004;Conhecimento;202311;2;0;0;0;16;0;0;19
JE;163170160004;Conhecimento;202312;2;0;0;1;18;0;0;20
JE;163170160004;Conhecimento;202401;0;0;0;2;18;0;0;22
JE;163170160004;Conhecimento;202402;1;0;0;0;19;0;0;22
JE;163170160004;Conhecimento;202403;0;0;0;0;19;0;0;21
JE;163170160004;Conhecimento;202404;0;1;0;1;19;1;0;21
JE;163170160004;Conhecimento;202405;6;0;0;14;25;1;0;35
JE;163170160004;Conhecimento;202406;2;0;0;0;27;1;0;35
JE;163170160004;Conhecimento;202407;8;0;0;0;32;1;0;29
JE;163170160004;Conhecimento;202408;0;0;0;0;32;1;0;25
JE;163170160004;Conhecimento;202409;0;0;0;0;21;1;0;21
JE;163170160004;Conhecimento;202410;6;0;0;1;27;1;0;19
JE;163170160004;Conhecimento;202411;1;0;0;2;26;1;0;21
JE;163170160004;Conhecimento;202412;7;0;0;1;31;1;0;21
JE;163170160004;Conhecimento;202501;0;0;0;0;31;1;0;19
JE;163170160004;Conhecimento;202502;3;0;0;12;33;1;0;31
JE;163170160004;Conhecimento;202503;3;0;0;4;36;1;0;35
JE;163170160004;Conhecimento;202504;2;0;0;0;38;0;0;34
JE;163170160004;Conhecimento;202505;4;0;0;1;36;0;0;21
JE;163170160004;Conhecimento;202506;5;0;0;2;39;0;0;23
JE;163170160004;Conhecimento;202507;0;0;0;0;31;0;0;23
JE;163170160004;Conhecimento;202508;4;0;0;0;35;0;0;23
JE;163170160004;Conhecimento;202509;1;0;0;1;36;0;0;24
JE;163170160004;Conhecimento;202510;0;1;0;0;30;1;0;23
JE;163170160004;Conhecimento;202511;2;0;0;0;31;1;0;21
JE;163170160004;Conhecimento;202512;0;0;0;0;24;1;0;20
JE;163170160004;Conhecimento;202601;2;0;0;0;26;1;0;20
JE;163170160004;Conhecimento;202602;0;0;0;1;23;1;0;9
JE;163170160004;Conhecimento;202603;1;0;0;1;21;1;0;6
JE;163170160004;Conhecimento;202604;1;1;0;0;20;2;0;6
JE;163170160004;Conhecimento;202605;0;0;0;0;16;2;0;5
JE;163170160004;Conhecimento;202606;0;0;0;0;11;2;0;3
JE;163170160006;Conhecimento;202301;0;0;0;0;0;0;0;0
JE;163170160006;Execução Judicial;202301;1;0;0;0;1;0;0;0
JE;163170160006;Execução de Título Extrajudicial;202301;5;0;0;0;5;0;0;0
JE;163170160006;Execução Judicial;202302;2;0;0;0;3;0;0;0
JE;163170160006;Conhecimento;202302;0;0;0;0;0;0;0;0
JE;163170160006;Execução de Título Extrajudicial;202302;0;0;0;0;5;0;0;0
JE;163170160006;Conhecimento;202303;0;0;0;0;0;0;0;0
JE;163170160006;Execução Judicial;202303;0;0;0;0;3;0;0;0
JE;163170160006;Execução de Título Extrajudicial;202303;0;0;0;0;5;0;0;0
JE;163170160006;Conhecimento;202304;0;0;0;0;0;0;0;0
JE;163170160006;Execução de Título Extrajudicial;202304;0;0;0;0;5;0;0;0
JE;163170160006;Execução Judicial;202304;1;0;0;1;4;0;0;1
JE;163170160006;Execução Judicial;202305;1;0;0;6;5;0;0;7
JE;163170160006;Execução de Título Extrajudicial;202305;4;0;0;0;9;0;0;0
JE;163170160006;Conhecimento;202305;0;0;0;0;0;0;0;0
JE;163170160006;Conhecimento;202306;0;0;0;0;0;0;0;0
JE;163170160006;Execução de Título Extrajudicial;202306;0;0;0;0;9;0;0;0
JE;163170160006;Execução Judicial;202306;0;0;0;2;5;0;0;9
JE;163170160006;Conhecimento;202307;0;0;0;0;0;0;0;0
JE;163170160006;Execução Judicial;202307;1;0;0;1;6;0;0;10
JE;163170160006;Execução de Título Extrajudicial;202307;1;0;0;0;10;0;0;0
JE;163170160006;Execução Judicial;202308;3;0;0;3;9;0;0;13
JE;163170160006;Conhecimento;202308;0;1;0;0;0;1;0;0
JE;163170160006;Execução de Título Extrajudicial;202308;0;0;0;0;10;0;0;0
JE;163170160006;Execução de Título Extrajudicial;202309;0;0;0;0;10;0;0;0
JE;163170160006;Conhecimento;202309;0;0;0;0;0;1;0;0
JE;163170160006;Execução Judicial;202309;1;0;0;1;10;0;0;14
JE;163170160006;Conhecimento;202310;0;0;0;0;0;1;0;0
JE;163170160006;Execução Judicial;202310;2;0;0;1;12;0;0;15
JE;163170160006;Execução de Título Extrajudicial;202310;1;0;0;0;11;0;0;0
JE;163170160006;Execução de Título Extrajudicial;202311;0;0;0;0;11;0;0;0
JE;163170160006;Conhecimento;202311;0;0;0;0;0;1;0;0
JE;163170160006;Execução Judicial;202311;1;0;0;3;13;0;0;18
JE;163170160006;Conhecimento;202312;0;0;0;1;0;1;0;1
JE;163170160006;Execução Judicial;202312;3;0;0;0;16;0;0;18
JE;163170160006;Conhecimento;202401;0;0;0;1;0;1;0;2
JE;163170160006;Execução Judicial;202401;0;0;0;1;15;0;0;19
JE;163170160006;Execução Judicial;202402;0;0;0;0;13;0;0;19
JE;163170160006;Conhecimento;202402;2;0;0;2;2;1;0;4
JE;163170160006;Conhecimento;202403;0;0;0;3;2;1;0;7
JE;163170160006;Execução Judicial;202403;0;0;0;3;13;0;0;22
JE;163170160006;Execução Judicial;202404;3;0;0;2;15;0;0;23
JE;163170160006;Conhecimento;202404;6;0;0;1;8;1;0;8
JE;163170160006;Conhecimento;202405;2;0;0;0;10;1;0;8
JE;163170160006;Execução Judicial;202405;3;0;0;7;17;0;0;24
JE;163170160006;Execução Judicial;202406;1;0;0;0;18;0;0;22
JE;163170160006;Conhecimento;202406;0;0;0;0;10;1;0;8
JE;163170160006;Execução Judicial;202407;0;0;0;1;17;0;0;22
JE;163170160006;Conhecimento;202407;0;0;0;0;10;1;0;8
JE;163170160006;Execução Judicial;202408;0;0;0;4;14;0;0;23
JE;163170160006;Conhecimento;202408;0;0;0;1;10;0;0;9
JE;163170160006;Conhecimento;202409;0;0;0;2;10;0;0;11
JE;163170160006;Execução Judicial;202409;5;0;0;1;18;0;0;23
JE;163170160006;Execução Judicial;202410;1;0;0;1;17;0;0;23
JE;163170160006;Conhecimento;202410;1;0;0;1;11;0;0;12
JE;163170160006;Execução Judicial;202411;2;0;0;1;18;0;0;21
JE;163170160006;Conhecimento;202411;0;0;0;2;11;0;0;14
JE;163170160006;Execução Judicial;202412;1;0;0;0;16;0;0;21
JE;163170160006;Conhecimento;202412;0;0;0;0;11;0;0;13
JE;163170160006;Execução Judicial;202501;0;0;0;0;16;0;0;20
JE;163170160006;Conhecimento;202501;0;0;0;1;11;0;0;13
JE;163170160006;Conhecimento;202502;0;0;0;0;9;0;0;11
JE;163170160006;Execução Judicial;202502;0;0;0;0;16;0;0;20
JE;163170160006;Conhecimento;202503;0;0;0;4;9;0;0;12
JE;163170160006;Execução Judicial;202503;7;0;0;0;23;0;0;17
JE;163170160006;Execução Judicial;202504;1;0;0;0;21;0;0;15
JE;163170160006;Conhecimento;202504;3;0;0;0;6;0;0;11
JE;163170160006;Execução Judicial;202505;5;0;0;0;23;0;0;8
JE;163170160006;Conhecimento;202505;0;0;0;0;4;0;0;11
JE;163170160006;Conhecimento;202506;0;0;0;0;4;0;0;11
JE;163170160006;Execução Judicial;202506;0;0;0;0;22;0;0;8
JE;163170160006;Execução Judicial;202507;0;0;0;0;22;0;0;7
JE;163170160006;Conhecimento;202507;0;0;0;0;4;0;0;11
JE;163170160006;Conhecimento;202508;0;0;0;1;4;0;0;11
JE;163170160006;Execução Judicial;202508;0;0;0;1;22;0;0;4
JE;163170160006;Conhecimento;202509;2;0;0;0;6;0;0;9
JE;163170160006;Execução Judicial;202509;0;0;0;0;17;0;0;3
JE;163170160006;Conhecimento;202510;0;0;0;3;5;0;0;11
JE;163170160006;Execução Judicial;202510;0;0;0;0;16;0;0;2
JE;163170160006;Conhecimento;202511;2;0;0;1;7;0;0;10
JE;163170160006;Execução Judicial;202511;0;0;0;0;14;0;0;1
JE;163170160006;Execução Judicial;202512;0;0;0;0;13;0;0;1
JE;163170160006;Conhecimento;202512;0;0;0;0;7;0;0;10
JE;163170160006;Conhecimento;202601;0;0;0;0;7;0;0;9
JE;163170160006;Execução Judicial;202601;0;0;0;0;13;0;0;1
JE;163170160006;Conhecimento;202602;0;0;0;0;7;0;0;9
JE;163170160006;Execução Judicial;202602;1;0;0;0;14;0;0;1
JE;163170160006;Conhecimento;202603;0;0;0;1;7;0;0;6
JE;163170160006;Execução Judicial;202603;0;0;0;0;7;0;0;1
JE;163170160006;Execução Judicial;202604;0;0;0;0;6;0;0;1
JE;163170160006;Conhecimento;202604;1;0;0;0;5;0;0;6
JE;163170160006;Conhecimento;202605;0;0;0;1;5;0;0;7
JE;163170160006;Execução Judicial;202605;0;0;0;0;1;0;0;1
JE;163170160006;Execução Judicial;202606;0;0;0;0;1;0;0;1
JE;163170160006;Conhecimento;202606;2;0;0;0;7;0;0;7
JE;164260010301;Conhecimento;202405;0;0;0;1;0;0;0;1
JE;164260010301;Conhecimento;202408;0;1;1;0;0;1;1;1
JE;164260010301;Conhecimento;202411;0;1;0;0;0;2;1;1
JE;164260010301;Conhecimento;202501;0;0;1;0;0;2;2;1
JE;164260010301;Conhecimento;202502;0;1;1;1;0;3;3;2
JE;164260010301;Conhecimento;202504;0;0;0;1;0;3;3;3
JE;164260010301;Conhecimento;202505;0;1;1;1;0;4;4;3
JE;164260010301;Conhecimento;202507;0;2;2;2;0;6;6;5
JE;164260010301;Conhecimento;202508;0;3;3;4;0;8;8;9
JE;164260010301;Conhecimento;202509;0;5;5;5;0;13;13;14
JE;164260010301;Conhecimento;202510;0;4;4;2;0;17;17;16
JE;164260010301;Conhecimento;202511;0;4;4;5;0;20;21;21
JE;164260010301;Conhecimento;202512;0;1;1;1;0;21;22;22
JE;164260010301;Conhecimento;202601;0;1;1;2;0;22;22;24
JE;164260010301;Conhecimento;202602;0;4;4;2;0;25;25;25
JE;164260010301;Conhecimento;202603;0;2;2;2;0;27;27;27
JE;164260010301;Conhecimento;202604;0;2;2;2;0;29;29;28
JE;164930020011;Conhecimento;202308;0;0;0;1;0;0;0;1
JE;164930020011;Conhecimento;202311;0;0;1;0;0;0;1;1
JE;170490040001;Conhecimento;202303;0;0;1;0;0;0;1;0
JE;170490040001;Conhecimento;202305;0;0;1;1;0;0;2;1
JE;170490040001;Conhecimento;202310;0;0;0;1;0;0;2;2
JE;170490040001;Conhecimento;202403;0;0;0;1;0;0;1;3
JE;170490040001;Conhecimento;202404;0;0;1;1;0;0;2;4
JE;170490040001;Conhecimento;202405;0;0;2;1;0;0;3;4
JE;170490040001;Conhecimento;202406;0;0;1;1;0;0;4;5
JE;170490040001;Conhecimento;202408;0;1;0;0;0;1;4;5
JE;170490040001;Execução Judicial;202408;0;0;0;1;0;0;0;1
JE;170490040001;Execução Judicial;202409;0;0;1;0;0;0;1;1
JE;170490040001;Conhecimento;202410;0;0;1;0;0;1;5;4
JE;170490040001;Conhecimento;202501;0;0;1;1;0;1;6;5
JE;170490040001;Conhecimento;202502;0;0;1;0;0;1;7;5
JE;170490040001;Conhecimento;202503;0;0;0;1;0;1;7;5
JE;170490040001;Conhecimento;202504;0;0;1;0;0;1;7;4
JE;170490040001;Conhecimento;202505;0;0;1;1;0;1;6;4
JE;170490040001;Conhecimento;202508;0;0;1;2;0;0;6;5
JE;170490040001;Conhecimento;202509;0;0;1;0;0;0;7;5
JE;170490040001;Conhecimento;202511;0;0;0;1;0;0;6;6
JE;170490040001;Execução Judicial;202512;0;0;0;1;0;0;0;1
JE;170490040001;Execução Judicial;202602;0;1;1;0;0;1;1;1
JE;170490040001;Conhecimento;202605;0;0;2;1;0;0;4;4
JE;170490040101;Conhecimento;202304;0;0;0;1;0;0;0;1
JE;170490040101;Conhecimento;202309;0;0;1;0;0;0;1;1
JE;170490040101;Conhecimento;202310;0;0;1;0;0;0;2;1
JE;170490040101;Conhecimento;202406;0;2;1;0;0;2;3;0
JE;170490040101;Conhecimento;202407;0;0;1;0;0;2;4;0
JE;170490040201;Execução Judicial;202301;6;0;0;1;6;0;0;1
JE;170490040201;Conhecimento;202301;7;0;0;28;7;0;0;28
JE;170490040201;Execução de Título Extrajudicial;202301;0;0;0;0;0;0;0;0
JE;170490040201;Execução Judicial;202302;5;0;0;7;11;0;0;8
JE;170490040201;Conhecimento;202302;19;0;0;10;26;0;0;38
JE;170490040201;Execução de Título Extrajudicial;202302;0;0;0;0;0;0;0;0
JE;170490040201;Execução de Título Extrajudicial;202303;1;0;0;1;1;0;0;1
JE;170490040201;Execução Judicial;202303;2;0;0;2;13;0;0;10
JE;170490040201;Conhecimento;202303;11;0;0;14;37;0;0;52
JE;170490040201;Execução de Título Extrajudicial;202304;0;0;0;0;1;0;0;1
JE;170490040201;Conhecimento;202304;18;0;0;13;55;0;0;65
JE;170490040201;Execução Judicial;202304;1;0;0;8;14;0;0;18
JE;170490040201;Execução Judicial;202305;6;0;0;4;20;0;0;22
JE;170490040201;Conhecimento;202305;33;0;0;27;88;0;0;92
JE;170490040201;Execução de Título Extrajudicial;202305;0;0;0;0;1;0;0;1
JE;170490040201;Conhecimento;202306;22;0;0;9;110;0;0;101
JE;170490040201;Execução de Título Extrajudicial;202306;0;0;0;0;1;0;0;1
JE;170490040201;Execução Judicial;202306;3;0;0;7;23;0;0;29
JE;170490040201;Execução Judicial;202307;3;0;1;3;26;0;1;32
JE;170490040201;Conhecimento;202307;15;0;0;8;125;0;0;109
JE;170490040201;Execução de Título Extrajudicial;202307;1;0;0;0;2;0;0;1
JE;170490040201;Execução de Título Extrajudicial;202308;0;0;0;0;2;0;0;1
JE;170490040201;Execução Judicial;202308;5;0;0;14;31;0;1;46
JE;170490040201;Conhecimento;202308;18;0;1;20;143;0;1;129
JE;170490040201;Execução Judicial;202309;3;0;0;5;34;0;1;51
JE;170490040201;Execução de Título Extrajudicial;202309;0;0;0;0;2;0;0;1
JE;170490040201;Conhecimento;202309;15;0;0;19;158;0;1;148
JE;170490040201;Execução de Título Extrajudicial;202310;0;1;0;0;2;1;0;1
JE;170490040201;Execução Judicial;202310;7;0;0;18;41;0;1;69
JE;170490040201;Conhecimento;202310;23;0;0;20;181;0;1;168
JE;170490040201;Execução Judicial;202311;10;0;0;14;51;0;1;83
JE;170490040201;Execução de Título Extrajudicial;202311;0;0;0;0;2;1;0;1
JE;170490040201;Conhecimento;202311;32;0;0;20;213;0;1;188
JE;170490040201;Conhecimento;202312;8;0;0;11;221;0;1;199
JE;170490040201;Execução Judicial;202312;5;0;0;4;56;0;1;87
JE;170490040201;Execução de Título Extrajudicial;202312;1;0;0;1;3;1;0;2
JE;170490040201;Execução de Título Extrajudicial;202401;0;0;0;0;3;1;0;2
JE;170490040201;Execução Judicial;202401;4;0;0;4;54;0;1;90
JE;170490040201;Conhecimento;202401;6;0;0;11;220;0;1;182
JE;170490040201;Execução Judicial;202402;5;0;0;3;54;0;1;86
JE;170490040201;Conhecimento;202402;18;0;0;6;219;0;1;178
JE;170490040201;Execução de Título Extrajudicial;202402;0;0;0;0;3;1;0;2
JE;170490040201;Execução Judicial;202403;3;0;0;2;55;0;1;86
JE;170490040201;Conhecimento;202403;15;0;0;15;223;0;1;179
JE;170490040201;Execução de Título Extrajudicial;202403;0;0;0;0;2;1;0;1
JE;170490040201;Execução de Título Extrajudicial;202404;1;0;0;0;3;1;0;1
JE;170490040201;Conhecimento;202404;18;1;0;21;223;1;1;187
JE;170490040201;Execução Judicial;202404;8;0;0;19;62;0;1;97
JE;170490040201;Conhecimento;202405;25;2;0;19;215;3;1;179
JE;170490040201;Execução de Título Extrajudicial;202405;1;0;0;0;4;1;0;1
JE;170490040201;Execução Judicial;202405;15;0;0;12;71;0;1;105
JE;170490040201;Execução Judicial;202406;14;0;0;13;82;0;1;111
JE;170490040201;Conhecimento;202406;32;1;0;21;225;4;1;191
JE;170490040201;Execução de Título Extrajudicial;202406;1;0;0;3;5;1;0;4
JE;170490040201;Conhecimento;202407;22;0;0;9;232;4;1;192
JE;170490040201;Execução Judicial;202407;19;0;0;10;98;0;0;118
JE;170490040201;Execução de Título Extrajudicial;202407;0;0;0;0;4;1;0;4
JE;170490040201;Conhecimento;202408;13;0;0;13;227;4;0;185
JE;170490040201;Execução de Título Extrajudicial;202408;1;0;0;0;5;1;0;4
JE;170490040201;Execução Judicial;202408;2;0;0;9;95;0;0;113
JE;170490040201;Execução de Título Extrajudicial;202409;0;0;0;0;5;1;0;4
JE;170490040201;Conhecimento;202409;13;0;1;23;225;4;1;189
JE;170490040201;Execução Judicial;202409;7;0;0;6;99;0;0;114
JE;170490040201;Conhecimento;202410;15;0;0;26;217;4;1;195
JE;170490040201;Execução Judicial;202410;8;0;0;9;100;0;0;105
JE;170490040201;Execução de Título Extrajudicial;202410;1;0;0;0;6;0;0;4
JE;170490040201;Execução Judicial;202411;3;0;0;4;93;0;0;95
JE;170490040201;Conhecimento;202411;13;0;1;20;198;4;2;195
JE;170490040201;Execução de Título Extrajudicial;202411;0;0;0;0;6;0;0;4
JE;170490040201;Execução de Título Extrajudicial;202412;0;0;0;0;5;0;0;3
JE;170490040201;Conhecimento;202412;9;0;0;5;199;4;2;189
JE;170490040201;Execução Judicial;202412;3;0;0;1;91;0;0;92
JE;170490040201;Execução de Título Extrajudicial;202501;0;0;0;9;5;0;0;12
JE;170490040201;Conhecimento;202501;15;1;0;38;208;5;2;216
JE;170490040201;Execução Judicial;202501;9;0;0;4;96;0;0;92
JE;170490040201;Execução Judicial;202502;4;0;0;9;95;0;0;98
JE;170490040201;Execução de Título Extrajudicial;202502;0;0;0;1;5;0;0;13
JE;170490040201;Conhecimento;202502;22;0;0;18;212;5;2;228
JE;170490040201;Execução de Título Extrajudicial;202503;1;0;0;1;6;0;0;14
JE;170490040201;Conhecimento;202503;24;0;0;28;221;5;2;241
JE;170490040201;Execução Judicial;202503;7;0;0;8;99;0;0;104
JE;170490040201;Execução de Título Extrajudicial;202504;1;0;0;0;6;0;0;14
JE;170490040201;Execução Judicial;202504;5;0;0;15;96;0;0;100
JE;170490040201;Conhecimento;202504;35;1;1;17;238;5;3;237
JE;170490040201;Conhecimento;202505;35;1;0;14;248;4;3;232
JE;170490040201;Execução de Título Extrajudicial;202505;1;0;0;0;6;0;0;14
JE;170490040201;Execução Judicial;202505;22;0;0;20;103;0;0;108
JE;170490040201;Conhecimento;202506;22;0;0;13;238;3;3;224
JE;170490040201;Execução Judicial;202506;12;0;0;10;101;0;0;105
JE;170490040201;Execução de Título Extrajudicial;202506;2;0;0;1;7;0;0;12
JE;170490040201;Execução Judicial;202507;26;0;0;24;108;0;0;119
JE;170490040201;Execução de Título Extrajudicial;202507;3;0;0;1;10;0;0;13
JE;170490040201;Conhecimento;202507;31;0;0;22;247;3;3;237
JE;170490040201;Execução de Título Extrajudicial;202508;0;0;0;1;9;0;0;14
JE;170490040201;Conhecimento;202508;16;1;0;23;250;4;3;247
JE;170490040201;Execução Judicial;202508;1;0;0;4;107;0;0;114
JE;170490040201;Execução Judicial;202509;8;0;0;13;108;0;0;121
JE;170490040201;Conhecimento;202509;15;1;0;10;252;5;2;234
JE;170490040201;Execução de Título Extrajudicial;202509;1;0;0;0;10;0;0;14
JE;170490040201;Conhecimento;202510;21;0;1;16;258;5;3;224
JE;170490040201;Execução Judicial;202510;19;0;0;14;119;0;0;126
JE;170490040201;Execução de Título Extrajudicial;202510;1;0;0;0;10;0;0;14
JE;170490040201;Conhecimento;202511;19;0;1;16;264;5;3;220
JE;170490040201;Execução de Título Extrajudicial;202511;2;0;0;0;12;0;0;14
JE;170490040201;Execução Judicial;202511;7;0;0;11;123;0;0;133
JE;170490040201;Conhecimento;202512;4;0;0;14;259;5;3;229
JE;170490040201;Execução de Título Extrajudicial;202512;0;0;0;2;12;0;0;16
JE;170490040201;Execução Judicial;202512;5;0;0;5;125;0;0;137
JE;170490040201;Conhecimento;202601;5;0;0;11;249;4;3;202
JE;170490040201;Execução Judicial;202601;10;0;0;4;126;0;0;137
JE;170490040201;Execução de Título Extrajudicial;202601;0;0;0;2;12;0;0;9
JE;170490040201;Execução de Título Extrajudicial;202602;0;0;0;0;12;0;0;8
JE;170490040201;Execução Judicial;202602;10;1;2;15;132;1;2;143
JE;170490040201;Conhecimento;202602;13;0;0;16;240;4;3;200
JE;170490040201;Execução Judicial;202603;5;0;0;3;130;1;2;138
JE;170490040201;Execução de Título Extrajudicial;202603;0;0;0;1;11;0;0;8
JE;170490040201;Conhecimento;202603;10;0;0;21;226;4;3;193
JE;170490040201;Conhecimento;202604;13;0;8;12;204;3;10;188
JE;170490040201;Execução de Título Extrajudicial;202604;0;0;0;0;10;0;0;8
JE;170490040201;Execução Judicial;202604;7;1;1;8;132;2;3;131
JE;170490040201;Conhecimento;202605;13;0;1;15;182;2;11;189
JE;170490040201;Execução de Título Extrajudicial;202605;0;0;0;0;9;0;0;8
JE;170490040201;Execução Judicial;202605;6;0;0;7;116;2;3;118
JE;170490040201;Execução de Título Extrajudicial;202606;2;0;0;0;9;0;0;7
JE;170490040201;Conhecimento;202606;12;0;0;12;172;2;11;188
JE;170490040201;Execução Judicial;202606;18;0;0;3;122;2;3;111
JE;170490040301;Conhecimento;202301;0;0;0;0;0;0;0;0
JE;170490040301;Conhecimento;202302;5;0;0;4;5;0;0;4
JE;170490040301;Conhecimento;202303;10;0;0;2;15;0;0;6
JE;170490040301;Conhecimento;202304;2;0;0;3;17;0;0;9
JE;170490040301;Conhecimento;202305;1;1;0;6;18;1;0;15
JE;170490040301;Conhecimento;202306;0;0;0;1;18;1;0;16
JE;170490040301;Conhecimento;202307;6;2;0;1;24;3;0;17
JE;170490040301;Conhecimento;202308;1;0;0;2;25;3;0;19
JE;170490040301;Conhecimento;202309;5;1;0;8;30;4;0;27
JE;170490040301;Conhecimento;202310;2;1;0;1;32;5;0;28
JE;170490040301;Conhecimento;202311;5;0;0;1;37;5;0;29
JE;170490040301;Conhecimento;202312;2;0;0;1;39;5;0;30
JE;170490040301;Conhecimento;202401;7;0;0;4;46;5;0;34
JE;170490040301;Conhecimento;202402;0;0;0;3;41;5;0;33
JE;170490040301;Conhecimento;202403;0;0;0;1;31;5;0;32
JE;170490040301;Conhecimento;202404;4;0;0;10;33;5;0;39
JE;170490040301;Conhecimento;202405;2;0;0;1;34;4;0;34
JE;170490040301;Conhecimento;202406;9;1;1;3;43;5;1;36
JE;170490040301;Conhecimento;202407;8;1;0;4;45;4;1;39
JE;170490040301;Conhecimento;202408;0;0;0;1;44;4;1;38
JE;170490040301;Conhecimento;202409;5;0;0;1;44;3;1;31
JE;170490040301;Conhecimento;202410;4;0;0;3;46;2;1;33
JE;170490040301;Conhecimento;202411;1;0;0;2;42;2;1;34
JE;170490040301;Conhecimento;202412;5;0;0;4;45;2;1;37
JE;170490040301;Conhecimento;202501;2;0;0;3;40;2;1;36
JE;170490040301;Conhecimento;202502;3;0;0;2;43;2;1;35
JE;170490040301;Conhecimento;202503;0;0;0;7;43;2;1;41
JE;170490040301;Conhecimento;202504;1;0;0;6;40;2;1;37
JE;170490040301;Conhecimento;202505;7;0;0;4;45;2;1;40
JE;170490040301;Conhecimento;202506;12;0;0;6;48;1;0;43
JE;170490040301;Conhecimento;202507;7;0;0;3;47;0;0;42
JE;170490040301;Conhecimento;202508;0;0;0;0;47;0;0;41
JE;170490040301;Conhecimento;202509;2;0;0;0;44;0;0;40
JE;170490040301;Conhecimento;202510;3;0;0;2;43;0;0;39
JE;170490040301;Conhecimento;202511;0;0;0;0;42;0;0;37
JE;170490040301;Conhecimento;202512;3;0;0;0;40;0;0;33
JE;170490040301;Conhecimento;202601;0;0;0;0;38;0;0;30
JE;170490040301;Conhecimento;202602;0;0;0;0;35;0;0;28
JE;170490040301;Conhecimento;202603;1;0;0;1;36;0;0;22
JE;170490040301;Conhecimento;202604;1;0;0;3;36;0;0;19
JE;170490040301;Conhecimento;202605;2;0;0;3;31;0;0;18
JE;170490040301;Conhecimento;202606;4;0;0;3;23;0;0;15
JE;170490040308;Execução de Título Extrajudicial;202301;0;0;0;0;0;0;0;0
JE;170490040308;Conhecimento;202301;0;0;0;1;0;0;0;1
JE;170490040308;Execução Judicial;202301;1;0;0;2;1;0;0;2
JE;170490040308;Execução Judicial;202302;18;0;0;2;19;0;0;4
JE;170490040308;Execução de Título Extrajudicial;202302;1;0;0;0;1;0;0;0
JE;170490040308;Conhecimento;202302;0;0;0;0;0;0;0;1
JE;170490040308;Conhecimento;202303;1;1;0;0;1;1;0;1
JE;170490040308;Execução Judicial;202303;3;0;0;1;22;0;0;5
JE;170490040308;Conhecimento;202304;2;0;0;1;3;1;0;2
JE;170490040308;Execução Judicial;202304;9;0;0;4;31;0;0;9
JE;170490040308;Conhecimento;202305;0;1;0;2;3;2;0;4
JE;170490040308;Execução Judicial;202305;10;0;0;0;41;0;0;9
JE;170490040308;Execução Judicial;202306;0;0;0;5;41;0;0;14
JE;170490040308;Conhecimento;202306;0;0;0;1;3;2;0;5
JE;170490040308;Conhecimento;202307;3;0;0;0;6;2;0;5
JE;170490040308;Execução Judicial;202307;0;1;0;3;41;1;0;17
JE;170490040308;Execução Judicial;202308;6;0;0;0;47;1;0;17
JE;170490040308;Conhecimento;202308;1;1;0;0;7;3;0;5
JE;170490040308;Conhecimento;202309;0;0;0;1;7;3;0;6
JE;170490040308;Execução Judicial;202309;0;0;0;0;47;1;0;17
JE;170490040308;Execução de Título Extrajudicial;202310;1;0;1;1;2;0;1;1
JE;170490040308;Conhecimento;202310;3;0;0;0;10;3;0;6
JE;170490040308;Execução Judicial;202310;22;0;0;9;69;1;0;26
JE;170490040308;Conhecimento;202311;1;0;0;2;11;3;0;8
JE;170490040308;Execução Judicial;202311;2;0;0;4;71;1;0;30
JE;170490040308;Conhecimento;202312;0;0;0;0;11;3;0;8
JE;170490040308;Execução Judicial;202312;0;0;0;1;71;1;0;31
JE;170490040308;Conhecimento;202401;0;0;0;4;11;3;0;11
JE;170490040308;Execução Judicial;202401;1;0;0;3;71;1;0;32
JE;170490040308;Execução Judicial;202402;1;0;0;1;54;1;0;31
JE;170490040308;Conhecimento;202402;1;0;0;3;12;3;0;14
JE;170490040308;Conhecimento;202403;1;0;0;0;12;2;0;14
JE;170490040308;Execução Judicial;202403;0;0;0;0;51;1;0;30
JE;170490040308;Execução Judicial;202404;7;0;0;3;49;1;0;29
JE;170490040308;Conhecimento;202404;0;0;0;1;10;2;0;14
JE;170490040308;Conhecimento;202405;4;0;0;1;14;1;0;13
JE;170490040308;Execução Judicial;202405;13;0;0;6;52;1;0;35
JE;170490040308;Conhecimento;202406;1;0;0;1;15;1;0;13
JE;170490040308;Execução Judicial;202406;1;0;0;3;53;1;0;33
JE;170490040308;Execução Judicial;202407;6;0;0;1;59;0;0;31
JE;170490040308;Conhecimento;202407;8;0;0;1;20;1;0;14
JE;170490040308;Execução Judicial;202408;0;0;0;1;53;0;0;32
JE;170490040308;Conhecimento;202408;2;0;0;10;21;0;0;24
JE;170490040308;Execução Judicial;202409;1;0;0;1;54;0;0;33
JE;170490040308;Conhecimento;202409;0;2;0;2;21;2;0;25
JE;170490040308;Execução Judicial;202410;0;0;0;1;32;0;0;25
JE;170490040308;Conhecimento;202410;2;1;0;1;20;3;0;26
JE;170490040308;Conhecimento;202411;0;1;0;1;19;4;0;25
JE;170490040308;Execução Judicial;202411;4;0;0;1;34;0;0;22
JE;170490040308;Execução Judicial;202412;5;0;0;0;39;0;0;21
JE;170490040308;Conhecimento;202412;0;0;0;0;19;4;0;25
JE;170490040308;Execução Judicial;202501;0;0;0;0;38;0;0;18
JE;170490040308;Conhecimento;202501;10;0;0;1;29;4;0;22
JE;170490040308;Conhecimento;202502;1;1;0;0;29;5;0;19
JE;170490040308;Execução Judicial;202502;0;0;0;20;37;0;0;37
JE;170490040308;Conhecimento;202503;0;0;0;14;28;5;0;33
JE;170490040308;Execução Judicial;202503;0;0;0;0;37;0;0;37
JE;170490040308;Execução Judicial;202504;2;0;0;10;32;0;0;44
JE;170490040308;Conhecimento;202504;3;1;0;0;31;6;0;32
JE;170490040308;Conhecimento;202505;1;0;0;0;28;6;0;31
JE;170490040308;Execução Judicial;202505;5;0;0;1;24;0;0;39
JE;170490040308;Execução Judicial;202506;2;0;0;0;25;0;0;36
JE;170490040308;Conhecimento;202506;7;0;0;17;34;6;0;47
JE;170490040308;Execução Judicial;202507;1;0;0;3;20;0;0;38
JE;170490040308;Conhecimento;202507;5;0;0;1;31;6;0;47
JE;170490040308;Conhecimento;202508;4;0;0;3;33;6;0;40
JE;170490040308;Execução Judicial;202508;2;0;0;1;22;0;0;38
JE;170490040308;Conhecimento;202509;5;0;0;1;38;4;0;39
JE;170490040308;Execução Judicial;202509;5;0;0;2;26;0;0;39
JE;170490040308;Execução Judicial;202510;15;0;0;0;41;0;0;38
JE;170490040308;Conhecimento;202510;6;1;0;0;42;4;0;38
JE;170490040308;Conhecimento;202511;2;1;0;1;44;4;0;38
JE;170490040308;Execução Judicial;202511;5;0;0;0;42;0;0;37
JE;170490040308;Conhecimento;202512;1;0;0;1;45;4;0;39
JE;170490040308;Execução Judicial;202512;0;0;0;3;37;0;0;40
JE;170490040308;Conhecimento;202601;3;0;0;0;38;4;0;38
JE;170490040308;Execução Judicial;202601;7;0;0;2;44;0;0;42
JE;170490040308;Execução Judicial;202602;6;2;0;0;50;2;0;22
JE;170490040308;Conhecimento;202602;7;0;0;0;44;3;0;38
JE;170490040308;Conhecimento;202603;2;0;0;10;46;3;0;34
JE;170490040308;Execução Judicial;202603;7;0;0;0;57;2;0;22
JE;170490040308;Execução Judicial;202604;1;0;0;0;56;2;0;12
JE;170490040308;Conhecimento;202604;1;9;0;61;44;11;0;95
JE;170490040308;Conhecimento;202605;0;2;0;12;43;13;0;107
JE;170490040308;Execução Judicial;202605;1;0;0;0;52;2;0;11
JE;170490040308;Execução Judicial;202606;2;0;0;0;52;2;0;11
JE;170490040308;Conhecimento;202606;1;0;0;1;37;13;0;91
JE;170500080001;Conhecimento;202301;0;0;1;1;0;0;1;1
JE;170500080001;Conhecimento;202305;0;0;9;9;0;0;10;10
JE;170500080001;Conhecimento;202310;0;0;0;1;0;0;10;11
JE;170500080001;Conhecimento;202311;0;0;0;1;0;0;10;12
JE;170500080001;Conhecimento;202401;0;0;1;0;0;0;10;11
JE;170500080001;Conhecimento;202403;0;0;1;0;0;0;11;11
JE;170500080001;Conhecimento;202503;0;0;2;2;0;0;2;2
JE;170500080001;Conhecimento;202505;0;0;0;1;0;0;2;3
JE;170500080001;Conhecimento;202508;0;0;0;1;0;0;2;4
JE;170500080001;Conhecimento;202509;0;0;1;0;0;0;3;4
JE;170500080001;Conhecimento;202511;0;0;1;0;0;0;4;4
JE;170500080002;Conhecimento;202307;0;0;0;1;0;0;0;1
JE;170500080002;Conhecimento;202312;0;0;0;1;0;0;0;2
JE;170500080002;Conhecimento;202401;0;0;1;0;0;0;1;2
JE;170500080002;Conhecimento;202402;0;0;1;0;0;0;2;2
JE;170500080002;Conhecimento;202403;0;0;1;0;0;0;3;2
JE;170500080003;Conhecimento;202301;3;0;1;11;3;0;1;11
JE;170500080003;Execução Judicial;202301;0;0;0;0;0;0;0;0
JE;170500080003;Execução de Título Extrajudicial;202301;0;0;0;0;0;0;0;0
JE;170500080003;Conhecimento;202302;5;0;0;4;8;0;1;15
JE;170500080003;Execução Judicial;202302;0;0;0;2;0;0;0;2
JE;170500080003;Execução de Título Extrajudicial;202302;0;0;0;0;0;0;0;0
JE;170500080003;Execução de Título Extrajudicial;202303;0;0;0;0;0;0;0;0
JE;170500080003;Execução Judicial;202303;3;0;0;3;3;0;0;5
JE;170500080003;Conhecimento;202303;15;0;0;15;23;0;1;30
JE;170500080003;Conhecimento;202304;12;0;0;12;35;0;1;42
JE;170500080003;Execução Judicial;202304;2;0;0;3;5;0;0;8
JE;170500080003;Execução de Título Extrajudicial;202304;0;0;0;0;0;0;0;0
JE;170500080003;Execução Judicial;202305;4;0;0;2;9;0;0;10
JE;170500080003;Conhecimento;202305;6;1;1;15;41;1;2;57
JE;170500080003;Execução de Título Extrajudicial;202305;0;0;0;0;0;0;0;0
JE;170500080003;Execução de Título Extrajudicial;202306;0;0;0;6;0;0;0;6
JE;170500080003;Execução Judicial;202306;1;0;0;3;10;0;0;13
JE;170500080003;Conhecimento;202306;9;0;0;14;50;1;2;71
JE;170500080003;Execução Judicial;202307;3;0;0;3;13;0;0;16
JE;170500080003;Conhecimento;202307;8;0;0;10;58;1;2;81
JE;170500080003;Execução de Título Extrajudicial;202307;0;0;0;4;0;0;0;10
JE;170500080003;Execução de Título Extrajudicial;202308;0;0;0;0;0;0;0;10
JE;170500080003;Execução Judicial;202308;4;0;0;4;17;0;0;20
JE;170500080003;Conhecimento;202308;28;0;0;14;86;1;2;95
JE;170500080003;Execução de Título Extrajudicial;202309;2;0;0;0;2;0;0;10
JE;170500080003;Execução Judicial;202309;1;0;0;0;18;0;0;20
JE;170500080003;Conhecimento;202309;12;0;0;11;98;1;2;106
JE;170500080003;Conhecimento;202310;8;0;0;16;106;1;2;122
JE;170500080003;Execução Judicial;202310;5;0;0;1;23;0;0;21
JE;170500080003;Execução de Título Extrajudicial;202310;0;0;0;0;2;0;0;10
JE;170500080003;Execução de Título Extrajudicial;202311;0;0;0;0;2;0;0;10
JE;170500080003;Execução Judicial;202311;4;0;0;1;27;0;0;22
JE;170500080003;Conhecimento;202311;10;0;0;10;116;1;2;132
JE;170500080003;Execução de Título Extrajudicial;202312;0;0;0;0;2;0;0;10
JE;170500080003;Execução Judicial;202312;0;0;0;4;27;0;0;26
JE;170500080003;Conhecimento;202312;15;1;0;7;131;2;2;139
JE;170500080003;Execução Judicial;202401;0;0;0;2;27;0;0;28
JE;170500080003;Conhecimento;202401;12;0;1;6;140;2;2;134
JE;170500080003;Execução de Título Extrajudicial;202401;0;0;0;0;2;0;0;10
JE;170500080003;Execução Judicial;202402;4;0;0;2;31;0;0;28
JE;170500080003;Execução de Título Extrajudicial;202402;1;0;0;0;3;0;0;10
JE;170500080003;Conhecimento;202402;9;0;0;13;144;2;2;143
JE;170500080003;Execução de Título Extrajudicial;202403;2;0;0;0;5;0;0;10
JE;170500080003;Execução Judicial;202403;1;0;0;5;29;0;0;30
JE;170500080003;Conhecimento;202403;17;0;0;5;146;2;2;133
JE;170500080003;Execução de Título Extrajudicial;202404;1;0;0;0;6;0;0;10
JE;170500080003;Execução Judicial;202404;0;0;0;3;27;0;0;30
JE;170500080003;Conhecimento;202404;6;0;0;14;140;2;2;135
JE;170500080003;Conhecimento;202405;12;1;0;12;146;2;1;132
JE;170500080003;Execução Judicial;202405;0;0;0;4;23;0;0;32
JE;170500080003;Execução de Título Extrajudicial;202405;1;0;0;1;7;0;0;11
JE;170500080003;Execução Judicial;202406;2;0;0;5;24;0;0;34
JE;170500080003;Conhecimento;202406;31;0;0;11;168;2;1;129
JE;170500080003;Execução de Título Extrajudicial;202406;0;0;0;0;7;0;0;5
JE;170500080003;Execução de Título Extrajudicial;202407;2;0;0;0;9;0;0;1
JE;170500080003;Conhecimento;202407;20;0;0;11;180;2;1;130
JE;170500080003;Execução Judicial;202407;2;0;0;6;23;0;0;37
JE;170500080003;Execução de Título Extrajudicial;202408;2;0;0;0;11;0;0;1
JE;170500080003;Execução Judicial;202408;3;0;0;5;22;0;0;38
JE;170500080003;Conhecimento;202408;10;0;0;9;162;2;1;125
JE;170500080003;Execução Judicial;202409;2;0;0;3;23;0;0;41
JE;170500080003;Execução de Título Extrajudicial;202409;0;0;0;1;9;0;0;2
JE;170500080003;Conhecimento;202409;14;0;0;12;164;2;1;126
JE;170500080003;Execução Judicial;202410;1;0;0;6;19;0;0;46
JE;170500080003;Execução de Título Extrajudicial;202410;0;0;0;0;9;0;0;2
JE;170500080003;Conhecimento;202410;8;0;0;10;164;2;1;120
JE;170500080003;Execução Judicial;202411;5;0;0;4;20;0;0;49
JE;170500080003;Conhecimento;202411;9;0;0;10;163;2;1;120
JE;170500080003;Execução de Título Extrajudicial;202411;0;0;0;0;9;0;0;2
JE;170500080003;Execução de Título Extrajudicial;202412;0;0;0;0;9;0;0;2
JE;170500080003;Conhecimento;202412;5;0;0;10;153;1;1;123
JE;170500080003;Execução Judicial;202412;6;0;0;0;26;0;0;45
JE;170500080003;Execução de Título Extrajudicial;202501;0;0;0;1;9;0;0;3
JE;170500080003;Execução Judicial;202501;4;0;0;3;30;0;0;46
JE;170500080003;Conhecimento;202501;4;1;0;6;145;2;0;123
JE;170500080003;Conhecimento;202502;14;0;0;6;150;2;0;116
JE;170500080003;Execução de Título Extrajudicial;202502;0;0;0;0;8;0;0;3
JE;170500080003;Execução Judicial;202502;4;0;0;2;30;0;0;46
JE;170500080003;Execução Judicial;202503;3;0;0;7;32;0;0;48
JE;170500080003;Execução de Título Extrajudicial;202503;0;0;0;0;6;0;0;3
JE;170500080003;Conhecimento;202503;9;0;0;3;142;2;0;114
JE;170500080003;Execução Judicial;202504;7;0;0;6;39;0;0;51
JE;170500080003;Execução de Título Extrajudicial;202504;0;0;0;0;5;0;0;3
JE;170500080003;Conhecimento;202504;14;0;0;10;150;2;0;110
JE;170500080003;Conhecimento;202505;17;0;0;15;155;1;0;113
JE;170500080003;Execução de Título Extrajudicial;202505;0;0;0;0;4;0;0;2
JE;170500080003;Execução Judicial;202505;9;0;0;1;48;0;0;48
JE;170500080003;Execução de Título Extrajudicial;202506;1;0;0;0;5;0;0;2
JE;170500080003;Conhecimento;202506;7;0;1;8;131;1;1;110
JE;170500080003;Execução Judicial;202506;4;0;0;5;50;0;0;48
JE;170500080003;Execução de Título Extrajudicial;202507;1;0;0;0;4;0;0;2
JE;170500080003;Conhecimento;202507;17;0;1;8;128;1;2;107
JE;170500080003;Execução Judicial;202507;6;0;0;4;54;0;0;46
JE;170500080003;Conhecimento;202508;5;0;0;9;123;1;2;107
JE;170500080003;Execução Judicial;202508;8;0;0;3;59;0;0;44
JE;170500080003;Execução de Título Extrajudicial;202508;0;0;0;0;2;0;0;2
JE;170500080003;Conhecimento;202509;14;1;0;6;123;2;2;101
JE;170500080003;Execução de Título Extrajudicial;202509;0;0;0;0;2;0;0;1
JE;170500080003;Execução Judicial;202509;7;0;0;4;64;0;0;45
JE;170500080003;Execução de Título Extrajudicial;202510;1;0;0;0;3;0;0;1
JE;170500080003;Execução Judicial;202510;1;0;0;5;64;0;0;44
JE;170500080003;Conhecimento;202510;6;0;1;20;121;2;3;111
JE;170500080003;Conhecimento;202511;11;1;0;9;123;3;3;110
JE;170500080003;Execução Judicial;202511;2;0;0;0;61;0;0;40
JE;170500080003;Execução de Título Extrajudicial;202511;0;0;0;0;3;0;0;1
JE;170500080003;Execução Judicial;202512;0;0;0;1;55;0;0;41
JE;170500080003;Conhecimento;202512;7;0;0;7;125;3;3;107
JE;170500080003;Execução de Título Extrajudicial;202512;0;0;0;0;3;0;0;1
JE;170500080003;Execução Judicial;202601;3;0;0;3;54;0;0;41
JE;170500080003;Execução de Título Extrajudicial;202601;0;0;0;1;3;0;0;1
JE;170500080003;Conhecimento;202601;4;1;0;8;125;3;3;109
JE;170500080003;Conhecimento;202602;6;0;0;3;117;3;3;106
JE;170500080003;Execução de Título Extrajudicial;202602;0;0;0;0;3;0;0;1
JE;170500080003;Execução Judicial;202602;3;0;0;1;53;0;0;40
JE;170500080003;Execução de Título Extrajudicial;202603;0;0;0;0;3;0;0;1
JE;170500080003;Execução Judicial;202603;1;0;0;2;51;0;0;35
JE;170500080003;Conhecimento;202603;8;0;0;8;116;3;3;111
JE;170500080003;Conhecimento;202604;14;0;1;8;116;3;4;109
JE;170500080003;Execução de Título Extrajudicial;202604;1;0;0;1;4;0;0;2
JE;170500080003;Execução Judicial;202604;1;0;0;5;45;0;0;34
JE;170500080003;Execução de Título Extrajudicial;202605;0;0;0;0;4;0;0;2
JE;170500080003;Conhecimento;202605;8;0;0;7;107;3;4;101
JE;170500080003;Execução Judicial;202605;2;0;0;3;38;0;0;36
JE;170500080003;Conhecimento;202606;8;0;0;14;108;3;3;107
JE;170500080003;Execução Judicial;202606;1;0;0;7;35;0;0;38
JE;170500080003;Execução de Título Extrajudicial;202606;0;0;0;0;3;0;0;2
JE;170500080004;Conhecimento;202301;0;0;0;1;0;0;0;1
JE;170500080004;Conhecimento;202302;1;0;0;0;1;0;0;1
JE;170500080004;Conhecimento;202303;0;0;0;0;1;0;0;1
JE;170500080004;Conhecimento;202304;2;0;0;1;3;0;0;2
JE;170500080004;Conhecimento;202305;2;0;0;0;5;0;0;2
JE;170500080004;Conhecimento;202306;1;0;0;0;6;0;0;2
JE;170500080004;Conhecimento;202307;0;0;0;2;6;0;0;4
JE;170500080004;Conhecimento;202308;1;0;0;3;7;0;0;7
JE;170500080004;Conhecimento;202309;3;0;0;1;10;0;0;8
JE;170500080004;Conhecimento;202310;3;1;0;1;13;1;0;9
JE;170500080004;Conhecimento;202311;1;0;0;1;14;1;0;10
JE;170500080004;Conhecimento;202312;0;0;1;0;14;1;1;10
JE;170500080004;Conhecimento;202401;3;1;0;1;17;2;1;10
JE;170500080004;Conhecimento;202402;0;1;0;0;16;3;1;10
JE;170500080004;Conhecimento;202403;0;1;0;0;16;4;1;10
JE;170500080004;Conhecimento;202404;1;0;0;1;15;4;1;10
JE;170500080004;Conhecimento;202405;0;0;0;3;13;4;1;13
JE;170500080004;Conhecimento;202406;0;0;0;2;12;4;1;15
JE;170500080004;Conhecimento;202407;1;0;0;1;13;4;1;14
JE;170500080004;Conhecimento;202408;1;0;0;1;13;4;1;12
JE;170500080004;Conhecimento;202409;0;0;0;1;10;4;1;12
JE;170500080004;Conhecimento;202410;1;0;0;1;8;3;1;12
JE;170500080004;Conhecimento;202411;4;0;0;5;11;3;1;16
JE;170500080004;Conhecimento;202412;0;0;0;0;11;3;0;16
JE;170500080004;Conhecimento;202501;0;0;0;4;8;2;0;19
JE;170500080004;Conhecimento;202502;2;0;0;4;10;1;0;23
JE;170500080004;Conhecimento;202503;0;1;0;1;10;1;0;24
JE;170500080004;Conhecimento;202504;1;0;0;0;10;1;0;23
JE;170500080004;Conhecimento;202505;2;0;0;2;12;1;0;22
JE;170500080004;Conhecimento;202506;4;0;0;0;16;1;0;20
JE;170500080004;Conhecimento;202507;4;0;0;2;19;1;0;21
JE;170500080004;Conhecimento;202508;3;0;0;0;21;1;0;20
JE;170500080004;Conhecimento;202509;1;0;0;4;22;1;0;23
JE;170500080004;Conhecimento;202510;0;0;0;3;21;1;0;25
JE;170500080004;Conhecimento;202511;3;0;0;1;20;1;0;21
JE;170500080004;Conhecimento;202512;0;0;0;0;20;1;0;21
JE;170500080004;Conhecimento;202601;0;0;0;0;20;1;0;17
JE;170500080004;Conhecimento;202602;0;0;0;1;18;1;0;14
JE;170500080004;Conhecimento;202603;0;0;0;0;18;0;0;13
JE;170500080004;Conhecimento;202604;3;0;0;1;20;0;0;14
JE;170500080004;Conhecimento;202605;1;0;0;2;19;0;0;14
JE;170500080004;Conhecimento;202606;1;0;0;4;16;0;0;18
JE;170500080005;Conhecimento;202301;1;2;0;0;1;2;0;0
JE;170500080005;Execução Judicial;202301;0;0;0;2;0;0;0;2
JE;170500080005;Conhecimento;202302;0;0;0;3;1;2;0;3
JE;170500080005;Execução Judicial;202302;1;0;0;5;1;0;0;7
JE;170500080005;Conhecimento;202303;1;0;0;1;2;2;0;4
JE;170500080005;Execução Judicial;202303;0;0;0;0;1;0;0;7
JE;170500080005;Execução Judicial;202304;0;0;0;0;1;0;0;7
JE;170500080005;Conhecimento;202304;10;0;0;4;12;2;0;8
JE;170500080005;Conhecimento;202305;0;9;0;16;12;11;0;24
JE;170500080005;Execução Judicial;202305;0;0;0;0;1;0;0;7
JE;170500080005;Execução Judicial;202306;1;0;0;7;2;0;0;14
JE;170500080005;Conhecimento;202306;6;0;0;3;18;11;0;27
JE;170500080005;Execução Judicial;202307;0;0;0;0;2;0;0;14
JE;170500080005;Execução de Título Extrajudicial;202307;0;0;0;0;0;0;0;0
JE;170500080005;Conhecimento;202307;7;0;0;0;25;11;0;27
JE;170500080005;Execução de Título Extrajudicial;202308;1;0;0;0;1;0;0;0
JE;170500080005;Execução Judicial;202308;7;0;0;2;9;0;0;16
JE;170500080005;Conhecimento;202308;4;0;0;5;29;11;0;32
JE;170500080005;Conhecimento;202309;2;0;0;6;31;11;0;38
JE;170500080005;Execução Judicial;202309;0;0;0;0;9;0;0;16
JE;170500080005;Conhecimento;202310;2;0;0;1;33;11;0;39
JE;170500080005;Execução Judicial;202310;0;0;0;1;9;0;0;17
JE;170500080005;Execução Judicial;202311;1;0;0;0;10;0;0;17
JE;170500080005;Execução de Título Extrajudicial;202311;0;0;0;0;1;0;0;0
JE;170500080005;Conhecimento;202311;3;0;0;2;36;11;0;41
JE;170500080005;Execução Judicial;202312;0;0;0;0;10;0;0;17
JE;170500080005;Conhecimento;202312;4;0;0;0;40;11;0;41
JE;170500080005;Execução de Título Extrajudicial;202312;0;0;0;0;1;0;0;0
JE;170500080005;Execução de Título Extrajudicial;202401;0;0;0;0;1;0;0;0
JE;170500080005;Conhecimento;202401;2;1;0;1;41;10;0;42
JE;170500080005;Execução Judicial;202401;9;0;0;1;19;0;0;16
JE;170500080005;Execução Judicial;202402;0;0;0;0;18;0;0;11
JE;170500080005;Conhecimento;202402;4;0;0;1;45;10;0;40
JE;170500080005;Execução de Título Extrajudicial;202402;0;0;0;0;1;0;0;0
JE;170500080005;Conhecimento;202403;9;1;0;7;53;11;0;46
JE;170500080005;Execução de Título Extrajudicial;202403;0;0;0;0;1;0;0;0
JE;170500080005;Execução Judicial;202403;0;0;0;1;18;0;0;12
JE;170500080005;Execução Judicial;202404;1;0;0;0;19;0;0;12
JE;170500080005;Conhecimento;202404;1;0;0;3;44;11;0;45
JE;170500080005;Execução Judicial;202405;3;0;0;3;22;0;0;15
JE;170500080005;Conhecimento;202405;11;0;0;1;55;2;0;30
JE;170500080005;Conhecimento;202406;5;0;0;0;54;2;0;27
JE;170500080005;Execução Judicial;202406;1;0;0;1;22;0;0;9
JE;170500080005;Conhecimento;202407;2;0;0;2;49;2;0;29
JE;170500080005;Execução Judicial;202407;0;0;0;1;22;0;0;10
JE;170500080005;Conhecimento;202408;7;0;0;2;52;2;0;26
JE;170500080005;Execução Judicial;202408;1;0;0;0;16;0;0;8
JE;170500080005;Execução de Título Extrajudicial;202408;0;0;0;0;0;0;0;0
JE;170500080005;Execução Judicial;202409;1;0;0;1;17;0;0;9
JE;170500080005;Conhecimento;202409;1;0;0;3;51;2;0;23
JE;170500080005;Conhecimento;202410;4;0;0;2;53;2;0;24
JE;170500080005;Execução Judicial;202410;0;0;0;4;17;0;0;12
JE;170500080005;Conhecimento;202411;1;0;0;2;51;2;0;24
JE;170500080005;Execução Judicial;202411;1;0;0;0;17;0;0;12
JE;170500080005;Execução Judicial;202412;0;0;0;1;17;0;0;13
JE;170500080005;Conhecimento;202412;0;1;1;3;47;3;1;27
JE;170500080005;Conhecimento;202501;0;0;0;1;45;2;1;27
JE;170500080005;Execução Judicial;202501;1;0;0;4;9;0;0;16
JE;170500080005;Execução Judicial;202502;0;0;0;1;9;0;0;17
JE;170500080005;Conhecimento;202502;3;0;0;2;44;2;1;28
JE;170500080005;Conhecimento;202503;1;2;0;2;36;3;1;23
JE;170500080005;Execução Judicial;202503;1;0;0;2;10;0;0;18
JE;170500080005;Conhecimento;202504;1;0;0;2;36;3;1;22
JE;170500080005;Execução Judicial;202504;0;0;0;0;9;0;0;18
JE;170500080005;Execução Judicial;202505;2;0;0;1;8;0;0;16
JE;170500080005;Conhecimento;202505;4;0;0;1;29;3;1;22
JE;170500080005;Conhecimento;202506;14;2;0;0;38;5;1;22
JE;170500080005;Execução Judicial;202506;1;0;0;2;8;0;0;17
JE;170500080005;Conhecimento;202507;1;1;0;3;37;6;1;23
JE;170500080005;Execução Judicial;202507;6;0;0;3;14;0;0;19
JE;170500080005;Execução Judicial;202508;0;0;0;0;13;0;0;19
JE;170500080005;Conhecimento;202508;3;0;0;5;33;6;1;26
JE;170500080005;Conhecimento;202509;3;0;0;2;35;6;1;25
JE;170500080005;Execução Judicial;202509;1;0;0;0;13;0;0;18
JE;170500080005;Conhecimento;202510;0;1;0;3;31;7;1;26
JE;170500080005;Execução Judicial;202510;0;0;0;0;13;0;0;14
JE;170500080005;Execução Judicial;202511;2;0;0;0;14;0;0;14
JE;170500080005;Conhecimento;202511;3;0;0;0;33;7;1;24
JE;170500080005;Conhecimento;202512;2;0;0;0;35;6;0;21
JE;170500080005;Execução Judicial;202512;2;0;0;0;16;0;0;13
JE;170500080005;Conhecimento;202601;0;0;0;1;35;6;0;21
JE;170500080005;Execução Judicial;202601;0;0;0;0;15;0;0;9
JE;170500080005;Execução Judicial;202602;0;0;0;4;15;0;0;12
JE;170500080005;Conhecimento;202602;1;0;0;1;33;6;0;20
JE;170500080005;Conhecimento;202603;5;0;0;2;37;4;0;20
JE;170500080005;Execução Judicial;202603;0;0;0;0;14;0;0;10
JE;170500080005;Execução Judicial;202604;2;0;0;0;16;0;0;10
JE;170500080005;Conhecimento;202604;2;0;0;1;38;4;0;19
JE;170500080005;Conhecimento;202605;2;0;0;10;36;4;0;28
JE;170500080005;Execução Judicial;202605;0;0;0;0;14;0;0;9
JE;170500080005;Conhecimento;202606;2;0;0;3;24;2;0;31
JE;170500080005;Execução Judicial;202606;0;0;0;0;13;0;0;7
JE;170510010205;Conhecimento;202301;0;1;1;0;0;1;1;0
JE;170510010205;Conhecimento;202304;0;1;1;0;0;2;2;0
JE;170510010205;Conhecimento;202312;0;0;0;1;0;2;2;1
JE;170510010205;Conhecimento;202401;0;1;1;1;0;2;2;2
JE;170510010205;Conhecimento;202402;0;0;0;2;0;2;2;4
JE;170510010205;Conhecimento;202403;0;1;1;1;0;3;3;5
JE;170510010205;Conhecimento;202404;0;2;3;2;0;4;5;7
JE;170510010205;Conhecimento;202405;0;1;1;2;0;5;6;9
JE;170510010205;Conhecimento;202406;0;1;1;1;0;6;7;10
JE;170510010205;Conhecimento;202407;0;3;3;0;0;9;10;10
JE;170510010205;Conhecimento;202408;0;1;2;3;0;10;12;13
JE;170510010205;Conhecimento;202409;0;1;2;1;0;11;14;14
JE;170510010205;Execução de Título Extrajudicial;202411;0;1;0;2;0;1;0;2
JE;170510010205;Execução de Título Extrajudicial;202412;0;0;1;0;0;1;1;2
JE;170510010205;Conhecimento;202412;0;1;0;0;0;12;14;13
JE;170510010205;Conhecimento;202501;0;0;0;2;0;11;13;14
JE;170510010205;Execução de Título Extrajudicial;202501;0;1;0;0;0;2;1;2
JE;170510010205;Conhecimento;202502;0;1;3;0;0;12;16;12
JE;170510010205;Execução de Título Extrajudicial;202502;0;0;1;0;0;2;2;2
JE;170510010205;Conhecimento;202503;0;3;4;4;0;14;19;15
JE;170510010205;Conhecimento;202504;0;1;1;1;0;13;17;14
JE;170510010205;Conhecimento;202505;0;5;5;3;0;17;21;15
JE;170510010205;Conhecimento;202506;0;4;5;5;0;20;25;19
JE;170510010205;Conhecimento;202507;0;4;4;4;0;21;26;23
JE;170510010205;Execução de Título Extrajudicial;202508;0;1;1;1;0;3;3;3
JE;170510010205;Conhecimento;202508;0;3;3;2;0;23;27;22
JE;170510010205;Conhecimento;202512;0;0;0;1;0;21;25;22
JE;170510010205;Execução Judicial;202512;0;0;0;1;0;0;0;1
JE;170510010205;Execução Judicial;202601;0;0;1;1;0;0;1;2
JE;170510010205;Conhecimento;202601;0;0;1;0;0;21;26;20
JE;170510010205;Execução Judicial;202602;0;0;1;0;0;0;2;2
JE;170510010205;Execução Judicial;202603;0;0;2;3;0;0;4;5
JE;170510010205;Execução Judicial;202604;0;0;0;2;0;0;4;7
JE;170510010205;Conhecimento;202605;0;0;1;2;0;11;14;14
JE;170510010205;Execução Judicial;202605;0;0;4;1;0;0;8;8
JE;170510010205;Conhecimento;202606;0;0;1;0;0;7;10;9
JE;170520010919;Execução de Título Extrajudicial;202301;0;1;0;0;0;1;0;0
JE;170520010919;Conhecimento;202303;0;2;2;0;0;2;2;0
JE;170520010919;Execução Judicial;202403;0;0;0;1;0;0;0;1
JE;170520010919;Conhecimento;202502;0;1;0;0;0;1;0;0
JE;170520010919;Conhecimento;202503;0;0;1;0;0;1;1;0
JE;170520010919;Execução de Título Extrajudicial;202506;0;0;1;0;0;0;1;0
JE;170520010919;Conhecimento;202507;0;0;1;0;0;1;2;0
JE;170520010919;Execução Judicial;202508;0;1;1;0;0;1;1;0
JE;170520010919;Conhecimento;202509;0;0;0;1;0;1;2;1
JE;170520010919;Conhecimento;202510;0;0;1;0;0;1;3;1
JE;170520010919;Conhecimento;202604;0;0;0;1;0;0;2;2
JE;170520010919;Conhecimento;202605;0;0;1;0;0;0;3;2
JE;170530700015;Conhecimento;202301;54;18;2;42;54;18;2;42
JE;170530700015;Execução de Título Extrajudicial;202301;2;1;0;0;2;1;0;0
JE;170530700015;Execução Judicial;202301;44;0;0;52;44;0;0;52
JE;170530700015;Execução Judicial;202302;24;0;0;60;68;0;0;112
JE;170530700015;Execução de Título Extrajudicial;202302;0;0;0;0;2;1;0;0
JE;170530700015;Conhecimento;202302;111;34;0;58;165;52;2;100
JE;170530700015;Execução de Título Extrajudicial;202303;3;0;0;0;5;1;0;0
JE;170530700015;Conhecimento;202303;106;10;2;81;271;62;4;181
JE;170530700015;Execução Judicial;202303;50;0;0;32;118;0;0;144
JE;170530700015;Execução Judicial;202304;74;1;1;40;192;1;1;184
JE;170530700015;Execução de Título Extrajudicial;202304;3;0;0;0;8;1;0;0
JE;170530700015;Conhecimento;202304;106;5;0;85;377;67;4;266
JE;170530700015;Execução Judicial;202305;60;1;0;43;252;2;1;227
JE;170530700015;Conhecimento;202305;122;7;0;141;499;74;4;407
JE;170530700015;Execução de Título Extrajudicial;202305;5;0;0;0;13;1;0;0
JE;170530700015;Execução de Título Extrajudicial;202306;3;0;0;0;16;1;0;0
JE;170530700015;Execução Judicial;202306;246;0;0;25;498;2;1;252
JE;170530700015;Conhecimento;202306;150;11;1;155;649;85;5;562
JE;170530700015;Execução Judicial;202307;187;1;2;21;685;3;3;273
JE;170530700015;Conhecimento;202307;232;11;2;109;881;96;7;671
JE;170530700015;Execução de Título Extrajudicial;202307;0;0;0;0;16;1;0;0
JE;170530700015;Execução de Título Extrajudicial;202308;0;0;0;0;16;1;0;0
JE;170530700015;Execução Judicial;202308;182;0;0;20;867;3;3;293
JE;170530700015;Conhecimento;202308;228;15;0;91;1109;111;7;762
JE;170530700015;Conhecimento;202309;190;9;3;81;1299;120;10;843
JE;170530700015;Execução Judicial;202309;102;0;0;14;969;3;3;307
JE;170530700015;Execução de Título Extrajudicial;202309;0;0;0;0;16;1;0;0
JE;170530700015;Execução de Título Extrajudicial;202310;1;0;0;0;17;1;0;0
JE;170530700015;Execução Judicial;202310;107;0;0;16;1076;3;3;323
JE;170530700015;Conhecimento;202310;129;12;2;89;1428;132;12;932
JE;170530700015;Execução de Título Extrajudicial;202311;0;0;0;0;17;1;0;0
JE;170530700015;Conhecimento;202311;102;7;0;54;1530;139;12;986
JE;170530700015;Execução Judicial;202311;101;0;0;43;1177;3;3;366
JE;170530700015;Conhecimento;202312;98;7;0;55;1628;146;12;1041
JE;170530700015;Execução de Título Extrajudicial;202312;0;0;0;0;17;1;0;0
JE;170530700015;Execução Judicial;202312;108;0;0;25;1285;3;3;391
JE;170530700015;Execução de Título Extrajudicial;202401;0;0;0;0;15;0;0;0
JE;170530700015;Conhecimento;202401;52;16;2;58;1626;144;12;1057
JE;170530700015;Execução Judicial;202401;47;0;0;17;1288;3;3;356
JE;170530700015;Execução Judicial;202402;75;0;0;22;1339;3;3;318
JE;170530700015;Conhecimento;202402;122;15;1;71;1637;125;13;1070
JE;170530700015;Execução de Título Extrajudicial;202402;0;1;0;0;15;1;0;0
JE;170530700015;Execução Judicial;202403;68;0;0;17;1357;3;3;303
JE;170530700015;Execução de Título Extrajudicial;202403;0;0;0;0;12;1;0;0
JE;170530700015;Conhecimento;202403;115;19;4;67;1646;134;15;1056
JE;170530700015;Conhecimento;202404;150;19;0;111;1690;148;15;1082
JE;170530700015;Execução Judicial;202404;72;0;0;35;1355;2;2;298
JE;170530700015;Execução de Título Extrajudicial;202404;0;0;0;0;9;1;0;0
JE;170530700015;Execução de Título Extrajudicial;202405;0;1;0;0;4;2;0;0
JE;170530700015;Conhecimento;202405;116;13;0;84;1684;154;15;1025
JE;170530700015;Execução Judicial;202405;74;1;0;24;1369;2;2;279
JE;170530700015;Execução Judicial;202406;91;0;0;79;1214;2;2;333
JE;170530700015;Execução de Título Extrajudicial;202406;1;0;0;0;2;2;0;0
JE;170530700015;Conhecimento;202406;124;26;2;146;1658;169;16;1016
JE;170530700015;Execução de Título Extrajudicial;202407;0;0;0;0;2;2;0;0
JE;170530700015;Execução Judicial;202407;77;0;0;72;1104;1;0;384
JE;170530700015;Conhecimento;202407;108;24;1;209;1534;182;15;1116
JE;170530700015;Conhecimento;202408;73;16;0;88;1379;183;15;1113
JE;170530700015;Execução Judicial;202408;60;1;0;67;982;2;0;431
JE;170530700015;Execução de Título Extrajudicial;202408;0;0;0;0;2;2;0;0
JE;170530700015;Conhecimento;202409;125;13;3;103;1314;187;15;1135
JE;170530700015;Execução de Título Extrajudicial;202409;0;0;0;0;2;2;0;0
JE;170530700015;Execução Judicial;202409;104;1;0;48;984;3;0;465
JE;170530700015;Execução de Título Extrajudicial;202410;0;0;0;0;1;2;0;0
JE;170530700015;Execução Judicial;202410;61;0;0;57;938;3;0;506
JE;170530700015;Conhecimento;202410;129;25;1;230;1314;200;14;1276
JE;170530700015;Conhecimento;202411;105;17;2;151;1317;210;16;1373
JE;170530700015;Execução de Título Extrajudicial;202411;0;0;0;0;1;2;0;0
JE;170530700015;Execução Judicial;202411;80;0;0;58;917;3;0;521
JE;170530700015;Conhecimento;202412;71;21;0;108;1290;224;16;1426
JE;170530700015;Execução Judicial;202412;64;0;0;30;873;3;0;526
JE;170530700015;Execução de Título Extrajudicial;202412;0;0;0;0;1;2;0;0
JE;170530700015;Execução de Título Extrajudicial;202501;0;0;0;0;1;2;0;0
JE;170530700015;Execução Judicial;202501;57;1;0;31;883;4;0;540
JE;170530700015;Conhecimento;202501;76;14;1;118;1314;222;15;1486
JE;170530700015;Execução Judicial;202502;31;0;0;69;839;4;0;587
JE;170530700015;Conhecimento;202502;143;35;6;210;1335;242;20;1625
JE;170530700015;Execução de Título Extrajudicial;202502;0;0;0;0;1;1;0;0
JE;170530700015;Conhecimento;202503;114;24;3;183;1334;247;19;1741
JE;170530700015;Execução de Título Extrajudicial;202503;0;0;0;0;1;1;0;0
JE;170530700015;Execução Judicial;202503;37;1;0;69;808;5;0;639
JE;170530700015;Conhecimento;202504;361;11;0;198;1545;239;19;1828
JE;170530700015;Execução de Título Extrajudicial;202504;0;0;0;0;1;1;0;0
JE;170530700015;Execução Judicial;202504;56;0;1;34;792;5;1;638
JE;170530700015;Execução de Título Extrajudicial;202505;0;0;0;0;1;0;0;0
JE;170530700015;Conhecimento;202505;193;19;1;88;1622;245;20;1832
JE;170530700015;Execução Judicial;202505;149;0;0;49;867;4;1;663
JE;170530700015;Execução Judicial;202506;95;0;0;62;871;4;1;646
JE;170530700015;Conhecimento;202506;142;21;2;130;1640;240;20;1816
JE;170530700015;Execução Judicial;202507;45;1;0;45;839;5;1;619
JE;170530700015;Conhecimento;202507;346;27;0;89;1878;243;19;1696
JE;170530700015;Conhecimento;202508;199;9;0;69;2004;236;19;1677
JE;170530700015;Execução Judicial;202508;39;0;0;64;818;4;1;616
JE;170530700015;Execução Judicial;202509;73;0;0;103;787;3;1;671
JE;170530700015;Conhecimento;202509;199;3;0;65;2078;226;16;1639
JE;170530700015;Conhecimento;202510;131;8;0;112;2080;209;15;1521
JE;170530700015;Execução Judicial;202510;61;0;0;65;787;3;1;679
JE;170530700015;Conhecimento;202511;112;7;0;79;2087;199;13;1449
JE;170530700015;Execução Judicial;202511;74;2;0;34;781;5;1;655
JE;170530700015;Conhecimento;202512;100;6;0;56;2116;184;13;1397
JE;170530700015;Execução Judicial;202512;42;5;0;41;759;10;1;666
JE;170530700015;Execução Judicial;202601;74;2;0;46;776;11;1;681
JE;170530700015;Conhecimento;202601;74;6;0;75;2114;176;12;1354
JE;170530700015;Execução Judicial;202602;29;7;0;49;774;18;1;661
JE;170530700015;Conhecimento;202602;134;12;0;105;2105;153;6;1249
JE;170530700015;Execução Judicial;202603;101;10;1;101;838;27;2;693
JE;170530700015;Conhecimento;202603;121;15;1;176;2112;144;4;1242
JE;170530700015;Conhecimento;202604;139;8;2;122;1890;141;6;1166
JE;170530700015;Execução Judicial;202604;32;8;1;80;814;35;2;739
JE;170530700015;Conhecimento;202605;103;13;0;270;1800;135;5;1348
JE;170530700015;Execução Judicial;202605;69;9;2;80;734;44;4;770
JE;170530700015;Execução Judicial;202606;36;5;1;47;675;49;5;755
JE;170530700015;Conhecimento;202606;196;6;0;178;1854;120;3;1396
JE;170540070001;Conhecimento;202304;1;0;1;1;1;0;1;1
JE;170540070001;Conhecimento;202306;3;0;1;0;4;0;2;1
JE;170540070001;Conhecimento;202307;2;0;0;0;6;0;2;1
JE;170540070001;Conhecimento;202308;0;1;1;0;6;1;3;1
JE;170540070001;Conhecimento;202312;0;0;1;0;6;1;4;1
JE;170540070001;Conhecimento;202401;0;0;1;0;6;1;5;1
JE;170540070001;Conhecimento;202403;0;0;4;0;6;1;9;1
JE;170540070001;Conhecimento;202406;0;0;1;1;2;1;8;1
JE;170540070001;Execução Judicial;202408;0;0;1;1;0;0;1;1
JE;170540070001;Conhecimento;202409;1;0;1;1;1;0;8;2
JE;170540070001;Conhecimento;202502;0;0;1;0;1;0;7;2
JE;170540070001;Execução Judicial;202503;0;0;0;1;0;0;1;2
JE;170540070001;Execução Judicial;202504;0;0;1;0;0;0;2;2
JE;170540070002;Conhecimento;202407;0;0;0;1;0;0;0;1
JE;170540070002;Conhecimento;202408;0;0;1;0;0;0;1;1
JE;170540070003;Execução de Título Extrajudicial;202301;0;0;0;0;0;0;0;0
JE;170540070003;Conhecimento;202301;3;2;0;15;3;2;0;15
JE;170540070003;Execução Judicial;202301;0;0;0;1;0;0;0;1
JE;170540070003;Execução de Título Extrajudicial;202302;1;0;0;1;1;0;0;1
JE;170540070003;Conhecimento;202302;52;2;0;30;55;4;0;45
JE;170540070003;Execução Judicial;202302;3;0;0;1;3;0;0;2
JE;170540070003;Conhecimento;202303;33;1;0;35;88;5;0;80
JE;170540070003;Execução Judicial;202303;0;0;0;0;3;0;0;2
JE;170540070003;Execução de Título Extrajudicial;202303;0;0;0;1;1;0;0;2
JE;170540070003;Conhecimento;202304;50;1;1;24;138;6;1;104
JE;170540070003;Execução Judicial;202304;1;0;0;1;4;0;0;3
JE;170540070003;Execução de Título Extrajudicial;202304;1;0;0;0;2;0;0;2
JE;170540070003;Execução de Título Extrajudicial;202305;0;0;0;2;2;0;0;4
JE;170540070003;Conhecimento;202305;53;8;1;27;191;14;2;131
JE;170540070003;Execução Judicial;202305;1;0;0;1;5;0;0;4
JE;170540070003;Execução Judicial;202306;0;0;0;0;5;0;0;4
JE;170540070003;Conhecimento;202306;8;0;0;26;199;14;2;157
JE;170540070003;Execução de Título Extrajudicial;202306;0;0;0;0;2;0;0;4
JE;170540070003;Execução Judicial;202307;4;0;0;1;9;0;0;5
JE;170540070003;Execução de Título Extrajudicial;202307;0;0;0;0;2;0;0;4
JE;170540070003;Conhecimento;202307;53;2;0;23;252;16;2;180
JE;170540070003;Conhecimento;202308;12;2;0;20;264;18;2;200
JE;170540070003;Execução de Título Extrajudicial;202308;1;0;0;1;3;0;0;5
JE;170540070003;Execução Judicial;202308;1;0;0;0;10;0;0;5
JE;170540070003;Conhecimento;202309;41;12;0;16;305;30;2;216
JE;170540070003;Execução de Título Extrajudicial;202309;1;0;1;1;4;0;1;6
JE;170540070003;Execução Judicial;202309;3;0;1;1;13;0;1;6
JE;170540070003;Execução de Título Extrajudicial;202310;3;0;0;0;7;0;1;6
JE;170540070003;Conhecimento;202310;67;3;0;11;372;33;2;227
JE;170540070003;Execução Judicial;202310;9;0;0;55;22;0;1;61
JE;170540070003;Execução de Título Extrajudicial;202311;0;0;0;0;7;0;1;6
JE;170540070003;Execução Judicial;202311;17;0;0;11;39;0;1;72
JE;170540070003;Conhecimento;202311;32;7;1;22;404;40;3;249
JE;170540070003;Conhecimento;202312;36;5;0;11;440;45;3;260
JE;170540070003;Execução de Título Extrajudicial;202312;1;0;0;0;8;0;1;6
JE;170540070003;Execução Judicial;202312;14;0;0;0;53;0;1;72
JE;170540070003;Execução Judicial;202401;1;0;0;4;54;0;1;75
JE;170540070003;Conhecimento;202401;16;0;0;14;453;43;3;259
JE;170540070003;Execução de Título Extrajudicial;202401;0;0;0;1;8;0;1;7
JE;170540070003;Conhecimento;202402;24;0;0;13;425;41;3;242
JE;170540070003;Execução Judicial;202402;1;0;0;3;52;0;1;77
JE;170540070003;Execução de Título Extrajudicial;202402;0;0;0;1;7;0;1;7
JE;170540070003;Execução Judicial;202403;15;0;0;2;67;0;1;79
JE;170540070003;Conhecimento;202403;24;2;2;10;416;42;5;217
JE;170540070003;Execução de Título Extrajudicial;202403;1;0;0;1;8;0;1;7
JE;170540070003;Execução de Título Extrajudicial;202404;4;0;0;1;11;0;1;8
JE;170540070003;Execução Judicial;202404;8;0;0;13;74;0;1;91
JE;170540070003;Conhecimento;202404;22;0;0;17;388;41;4;210
JE;170540070003;Execução Judicial;202405;8;1;0;1;81;1;1;91
JE;170540070003;Conhecimento;202405;25;22;0;22;360;55;3;205
JE;170540070003;Execução de Título Extrajudicial;202405;3;0;0;0;14;0;1;6
JE;170540070003;Execução de Título Extrajudicial;202406;1;0;0;0;15;0;1;6
JE;170540070003;Conhecimento;202406;25;1;0;4;377;56;3;183
JE;170540070003;Execução Judicial;202406;4;0;0;2;85;1;1;93
JE;170540070003;Conhecimento;202407;40;8;0;15;364;62;3;175
JE;170540070003;Execução Judicial;202407;12;1;0;5;93;2;1;97
JE;170540070003;Execução de Título Extrajudicial;202407;3;0;0;2;18;0;1;8
JE;170540070003;Conhecimento;202408;20;3;0;8;372;63;3;163
JE;170540070003;Execução Judicial;202408;7;0;0;4;99;2;1;101
JE;170540070003;Execução de Título Extrajudicial;202408;2;0;0;0;19;0;1;7
JE;170540070003;Execução Judicial;202409;2;0;0;5;98;2;0;105
JE;170540070003;Execução de Título Extrajudicial;202409;1;0;0;1;19;0;0;7
JE;170540070003;Conhecimento;202409;17;12;0;8;348;63;3;155
JE;170540070003;Execução de Título Extrajudicial;202410;1;0;0;0;17;0;0;7
JE;170540070003;Conhecimento;202410;31;12;0;16;312;72;3;160
JE;170540070003;Execução Judicial;202410;8;1;0;8;97;3;0;58
JE;170540070003;Execução de Título Extrajudicial;202411;0;0;0;1;17;0;0;8
JE;170540070003;Execução Judicial;202411;10;0;2;10;90;3;2;57
JE;170540070003;Conhecimento;202411;14;0;0;19;294;65;2;157
JE;170540070003;Execução Judicial;202412;8;0;0;0;84;3;2;57
JE;170540070003;Execução de Título Extrajudicial;202412;1;0;0;1;17;0;0;9
JE;170540070003;Conhecimento;202412;15;6;0;12;273;66;2;158
JE;170540070003;Execução Judicial;202501;1;0;0;13;84;3;2;66
JE;170540070003;Execução de Título Extrajudicial;202501;0;0;0;0;17;0;0;8
JE;170540070003;Conhecimento;202501;6;0;0;20;263;66;2;164
JE;170540070003;Conhecimento;202502;27;0;0;23;266;66;2;174
JE;170540070003;Execução de Título Extrajudicial;202502;0;0;0;0;17;0;0;7
JE;170540070003;Execução Judicial;202502;5;0;1;6;88;3;3;69
JE;170540070003;Execução de Título Extrajudicial;202503;3;0;0;2;19;0;0;8
JE;170540070003;Execução Judicial;202503;9;1;0;2;82;4;3;69
JE;170540070003;Conhecimento;202503;29;1;0;36;271;65;0;200
JE;170540070003;Execução Judicial;202504;4;0;0;8;78;4;3;64
JE;170540070003;Execução de Título Extrajudicial;202504;0;0;0;0;15;0;0;7
JE;170540070003;Conhecimento;202504;27;0;1;18;276;65;1;201
JE;170540070003;Execução de Título Extrajudicial;202505;0;0;0;0;12;0;0;7
JE;170540070003;Conhecimento;202505;22;1;0;21;273;44;1;200
JE;170540070003;Execução Judicial;202505;12;0;0;28;82;3;3;91
JE;170540070003;Execução Judicial;202506;3;0;0;3;81;3;3;92
JE;170540070003;Execução de Título Extrajudicial;202506;0;0;0;0;11;0;0;7
JE;170540070003;Conhecimento;202506;20;0;0;21;268;43;1;217
JE;170540070003;Conhecimento;202507;39;0;0;27;267;35;1;229
JE;170540070003;Execução Judicial;202507;20;0;1;13;89;2;4;100
JE;170540070003;Execução de Título Extrajudicial;202507;0;0;0;1;8;0;0;6
JE;170540070003;Conhecimento;202508;12;0;0;28;259;32;1;249
JE;170540070003;Execução Judicial;202508;6;0;0;0;88;2;4;96
JE;170540070003;Execução de Título Extrajudicial;202508;0;0;0;0;6;0;0;6
JE;170540070003;Execução de Título Extrajudicial;202509;0;0;0;1;5;0;0;6
JE;170540070003;Execução Judicial;202509;6;0;1;3;92;2;5;94
JE;170540070003;Conhecimento;202509;20;0;0;13;262;20;1;254
JE;170540070003;Execução de Título Extrajudicial;202510;0;0;0;0;4;0;0;6
JE;170540070003;Conhecimento;202510;37;1;0;25;268;9;1;263
JE;170540070003;Execução Judicial;202510;5;0;0;14;89;1;5;100
JE;170540070003;Execução de Título Extrajudicial;202511;1;0;0;0;5;0;0;5
JE;170540070003;Conhecimento;202511;19;0;0;19;273;9;1;263
JE;170540070003;Execução Judicial;202511;13;0;0;6;92;1;3;96
JE;170540070003;Conhecimento;202512;9;0;0;10;267;3;1;261
JE;170540070003;Execução de Título Extrajudicial;202512;0;0;0;2;4;0;0;6
JE;170540070003;Execução Judicial;202512;4;0;0;10;88;1;3;106
JE;170540070003;Conhecimento;202601;6;0;0;9;267;3;1;250
JE;170540070003;Execução de Título Extrajudicial;202601;1;0;0;0;5;0;0;6
JE;170540070003;Execução Judicial;202601;1;0;0;0;88;1;3;93
JE;170540070003;Execução de Título Extrajudicial;202602;0;0;0;1;5;0;0;7
JE;170540070003;Execução Judicial;202602;8;0;0;2;91;1;2;89
JE;170540070003;Conhecimento;202602;20;1;0;20;260;4;1;247
JE;170540070003;Execução Judicial;202603;9;0;0;7;91;0;2;94
JE;170540070003;Conhecimento;202603;15;0;0;31;246;3;1;242
JE;170540070003;Execução de Título Extrajudicial;202603;0;0;0;1;2;0;0;6
JE;170540070003;Execução de Título Extrajudicial;202604;0;0;0;0;2;0;0;6
JE;170540070003;Conhecimento;202604;3;0;0;24;222;3;0;248
JE;170540070003;Execução Judicial;202604;6;1;0;4;93;1;2;90
JE;170540070003;Conhecimento;202605;5;0;0;18;205;2;0;245
JE;170540070003;Execução de Título Extrajudicial;202605;0;0;0;1;2;0;0;7
JE;170540070003;Execução Judicial;202605;5;0;0;6;86;1;2;68
JE;170540070003;Execução de Título Extrajudicial;202606;0;0;0;0;2;0;0;7
JE;170540070003;Conhecimento;202606;8;0;0;14;193;2;0;238
JE;170540070003;Execução Judicial;202606;2;0;0;1;85;1;2;66
JE;170540070004;Conhecimento;202301;0;0;0;0;0;0;0;0
JE;170540070004;Conhecimento;202302;0;0;0;13;0;0;0;13
JE;170540070004;Conhecimento;202303;0;0;0;10;0;0;0;23
JE;170540070004;Conhecimento;202304;2;0;0;1;2;0;0;24
JE;170540070004;Conhecimento;202305;1;0;0;4;3;0;0;28
JE;170540070004;Conhecimento;202306;11;0;0;8;14;0;0;36
JE;170540070004;Conhecimento;202307;0;0;0;13;14;0;0;49
JE;170540070004;Conhecimento;202308;0;0;0;9;14;0;0;58
JE;170540070004;Conhecimento;202309;0;0;0;2;14;0;0;60
JE;170540070004;Conhecimento;202310;15;0;0;7;29;0;0;67
JE;170540070004;Conhecimento;202311;6;0;0;7;35;0;0;74
JE;170540070004;Conhecimento;202312;3;1;0;5;38;1;0;79
JE;170540070004;Conhecimento;202401;0;0;0;5;38;1;0;84
JE;170540070004;Conhecimento;202402;8;0;0;6;46;1;0;77
JE;170540070004;Conhecimento;202403;2;0;0;0;48;1;0;67
JE;170540070004;Conhecimento;202404;7;0;0;16;53;1;0;82
JE;170540070004;Conhecimento;202405;13;0;0;0;65;1;0;78
JE;170540070004;Conhecimento;202406;34;0;0;1;88;1;0;71
JE;170540070004;Conhecimento;202407;31;2;0;2;119;3;0;60
JE;170540070004;Conhecimento;202408;1;0;1;5;120;3;1;56
JE;170540070004;Conhecimento;202409;4;0;0;0;124;3;1;54
JE;170540070004;Conhecimento;202410;3;0;0;0;112;3;1;47
JE;170540070004;Conhecimento;202411;6;0;0;8;112;3;1;48
JE;170540070004;Conhecimento;202412;0;0;0;0;109;2;1;43
JE;170540070004;Conhecimento;202501;8;0;0;1;117;2;1;39
JE;170540070004;Conhecimento;202502;1;0;0;1;110;2;1;34
JE;170540070004;Conhecimento;202503;0;0;0;0;108;2;1;34
JE;170540070004;Conhecimento;202504;1;0;0;8;102;2;1;26
JE;170540070004;Conhecimento;202505;2;0;0;1;91;2;1;27
JE;170540070004;Conhecimento;202506;4;0;0;2;61;2;1;28
JE;170540070004;Conhecimento;202507;13;0;0;0;43;0;1;26
JE;170540070004;Conhecimento;202508;3;0;0;4;45;0;0;25
JE;170540070004;Conhecimento;202509;2;0;0;0;43;0;0;25
JE;170540070004;Conhecimento;202510;3;0;0;1;43;0;0;26
JE;170540070004;Conhecimento;202511;0;0;0;1;37;0;0;19
JE;170540070004;Conhecimento;202512;4;0;0;3;41;0;0;22
JE;170540070004;Conhecimento;202601;0;0;0;0;33;0;0;21
JE;170540070004;Conhecimento;202602;0;0;0;2;32;0;0;22
JE;170540070004;Conhecimento;202603;2;0;0;2;34;0;0;24
JE;170540070004;Conhecimento;202604;0;0;0;4;33;0;0;20
JE;170540070004;Conhecimento;202605;4;0;0;0;35;0;0;19
JE;170540070004;Conhecimento;202606;1;0;0;0;32;0;0;17
JE;170540070012;Execução Judicial;202301;31;0;0;42;31;0;0;42
JE;170540070012;Conhecimento;202301;0;0;0;0;0;0;0;0
JE;170540070012;Conhecimento;202302;4;0;0;1;4;0;0;1
JE;170540070012;Execução Judicial;202302;86;0;0;38;117;0;0;80
JE;170540070012;Conhecimento;202303;0;0;0;2;4;0;0;3
JE;170540070012;Execução Judicial;202303;10;0;0;56;127;0;0;136
JE;170540070012;Execução Judicial;202304;1;0;0;23;128;0;0;159
JE;170540070012;Conhecimento;202304;3;1;0;2;7;1;0;5
JE;170540070012;Execução Judicial;202305;84;0;0;10;212;0;0;169
JE;170540070012;Conhecimento;202305;3;1;1;1;10;2;1;6
JE;170540070012;Conhecimento;202306;3;1;0;0;13;3;1;6
JE;170540070012;Execução Judicial;202306;18;0;0;33;230;0;0;202
JE;170540070012;Conhecimento;202307;5;0;0;2;18;3;1;8
JE;170540070012;Execução Judicial;202307;4;0;0;3;234;0;0;205
JE;170540070012;Conhecimento;202308;1;0;0;4;19;3;1;12
JE;170540070012;Execução Judicial;202308;51;0;0;17;285;0;0;222
JE;170540070012;Execução de Título Extrajudicial;202308;0;0;0;0;0;0;0;0
JE;170540070012;Execução de Título Extrajudicial;202309;0;1;0;0;0;1;0;0
JE;170540070012;Conhecimento;202309;2;0;0;0;21;3;1;12
JE;170540070012;Execução Judicial;202309;69;1;0;10;354;1;0;232
JE;170540070012;Conhecimento;202310;0;0;0;2;21;3;1;14
JE;170540070012;Execução Judicial;202310;32;1;1;13;386;2;1;245
JE;170540070012;Execução Judicial;202311;40;0;0;12;426;2;1;257
JE;170540070012;Conhecimento;202311;1;1;0;5;22;4;1;19
JE;170540070012;Conhecimento;202312;3;1;0;0;25;5;1;19
JE;170540070012;Execução Judicial;202312;41;0;0;7;467;2;1;264
JE;170540070012;Execução Judicial;202401;14;0;0;26;450;2;1;248
JE;170540070012;Conhecimento;202401;4;1;0;1;29;6;1;20
JE;170540070012;Conhecimento;202402;2;0;0;2;27;6;1;21
JE;170540070012;Execução Judicial;202402;19;0;0;3;383;2;1;213
JE;170540070012;Execução Judicial;202403;2;0;0;14;375;2;1;171
JE;170540070012;Conhecimento;202403;0;4;0;1;27;10;1;20
JE;170540070012;Conhecimento;202404;7;0;0;1;31;9;1;19
JE;170540070012;Execução Judicial;202404;20;0;0;13;394;2;1;161
JE;170540070012;Conhecimento;202405;4;0;0;1;32;8;0;19
JE;170540070012;Execução Judicial;202405;1;0;0;5;311;2;1;156
JE;170540070012;Execução Judicial;202406;24;0;0;23;317;2;1;146
JE;170540070012;Conhecimento;202406;5;0;0;0;34;7;0;19
JE;170540070012;Conhecimento;202407;5;0;0;0;34;7;0;17
JE;170540070012;Execução Judicial;202407;24;0;0;11;337;2;1;154
JE;170540070012;Execução Judicial;202408;15;1;0;9;301;3;1;146
JE;170540070012;Conhecimento;202408;1;0;0;1;34;7;0;14
JE;170540070012;Conhecimento;202409;1;0;0;0;33;7;0;14
JE;170540070012;Execução Judicial;202409;26;0;0;13;258;2;1;149
JE;170540070012;Execução Judicial;202410;10;0;0;8;236;1;0;144
JE;170540070012;Conhecimento;202410;1;0;0;0;34;7;0;12
JE;170540070012;Execução Judicial;202411;25;2;0;63;221;3;0;195
JE;170540070012;Conhecimento;202411;2;0;0;0;35;6;0;7
JE;170540070012;Conhecimento;202412;0;0;0;4;32;5;0;11
JE;170540070012;Execução Judicial;202412;12;0;0;21;192;3;0;209
JE;170540070012;Conhecimento;202501;0;0;0;0;28;4;0;10
JE;170540070012;Execução Judicial;202501;0;0;0;11;178;3;0;194
JE;170540070012;Conhecimento;202502;0;1;0;0;26;5;0;8
JE;170540070012;Execução Judicial;202502;30;1;0;11;189;4;0;202
JE;170540070012;Conhecimento;202503;0;0;0;12;26;1;0;19
JE;170540070012;Execução Judicial;202503;48;0;0;15;235;4;0;203
JE;170540070012;Execução Judicial;202504;19;0;0;22;234;4;0;212
JE;170540070012;Conhecimento;202504;4;1;0;9;23;2;0;27
JE;170540070012;Execução Judicial;202505;7;0;0;6;240;4;0;213
JE;170540070012;Conhecimento;202505;0;0;0;1;19;2;0;27
JE;170540070012;Conhecimento;202506;6;0;0;16;20;2;0;43
JE;170540070012;Execução Judicial;202506;19;0;0;39;235;4;0;229
JE;170540070012;Conhecimento;202507;18;0;0;2;33;2;0;45
JE;170540070012;Execução Judicial;202507;15;1;0;12;226;5;0;230
JE;170540070012;Conhecimento;202508;0;0;0;2;32;2;0;46
JE;170540070012;Execução Judicial;202508;16;0;0;2;227;4;0;223
JE;170540070012;Conhecimento;202509;12;0;0;3;43;2;0;49
JE;170540070012;Execução Judicial;202509;21;1;0;19;222;5;0;229
JE;170540070012;Conhecimento;202510;5;0;0;5;47;2;0;54
JE;170540070012;Execução Judicial;202510;12;0;0;8;224;5;0;229
JE;170540070012;Conhecimento;202511;0;0;0;1;45;2;0;55
JE;170540070012;Execução Judicial;202511;10;0;0;3;209;3;0;169
JE;170540070012;Execução Judicial;202512;5;0;0;10;202;3;0;158
JE;170540070012;Conhecimento;202512;2;0;0;0;47;2;0;51
JE;170540070012;Conhecimento;202601;3;0;0;3;50;2;0;54
JE;170540070012;Execução Judicial;202601;31;0;0;0;233;3;0;147
JE;170540070012;Conhecimento;202602;1;0;0;3;51;1;0;57
JE;170540070012;Execução Judicial;202602;10;0;0;9;213;2;0;145
JE;170540070012;Conhecimento;202603;3;0;0;2;54;1;0;47
JE;170540070012;Execução Judicial;202603;5;0;0;3;170;2;0;133
JE;170540070012;Execução Judicial;202604;1;0;1;5;152;2;1;116
JE;170540070012;Conhecimento;202604;0;0;0;9;50;0;0;47
JE;170540070012;Conhecimento;202605;1;0;0;3;51;0;0;49
JE;170540070012;Execução Judicial;202605;5;0;0;2;150;2;1;112
JE;170540070012;Conhecimento;202606;2;0;0;4;47;0;0;37
JE;170540070012;Execução Judicial;202606;7;0;0;1;138;2;1;74
JE;335470170001;Conhecimento;202303;0;0;1;1;0;0;1;1
JE;335470170001;Conhecimento;202406;0;0;2;0;0;0;2;0
JE;335470170001;Conhecimento;202407;0;2;2;0;0;2;4;0
JE;335470170001;Conhecimento;202502;0;0;0;1;0;2;4;1
JE;335470170001;Conhecimento;202507;0;0;1;0;0;0;1;1
JE;335470170001;Conhecimento;202509;0;0;1;1;0;0;2;2
JE;335470170001;Conhecimento;202510;0;0;0;1;0;0;2;3
JE;335470170001;Conhecimento;202511;0;0;0;1;0;0;2;4
JE;335470170001;Conhecimento;202512;0;0;0;1;0;0;2;5
JE;335470170001;Conhecimento;202601;0;1;0;1;0;1;2;6
JE;335470170001;Conhecimento;202602;0;0;3;0;0;1;5;5
JE;335470170001;Execução Judicial;202602;0;0;1;1;0;0;1;1
JE;335470170001;Conhecimento;202603;0;0;2;1;0;1;7;6
JE;335470170002;Conhecimento;202507;0;0;0;1;0;0;0;1
JE;335470170002;Conhecimento;202508;0;0;1;0;0;0;1;1
JE;335470170002;Conhecimento;202510;0;0;0;1;0;0;1;2
JE;335470170002;Conhecimento;202512;0;0;0;1;0;0;1;3
JE;335470170002;Conhecimento;202601;0;0;1;0;0;0;2;3
JE;335470170002;Conhecimento;202602;0;0;1;0;0;0;3;3
JE;335470170002;Conhecimento;202605;0;0;0;1;0;0;3;4
JE;335470170002;Conhecimento;202606;0;0;1;0;0;0;4;4
JE;335470170003;Execução Judicial;202301;0;0;0;0;0;0;0;0
JE;335470170003;Conhecimento;202301;0;0;0;3;0;0;0;3
JE;335470170003;Conhecimento;202302;0;0;0;7;0;0;0;10
JE;335470170003;Execução Judicial;202302;0;0;0;0;0;0;0;0
JE;335470170003;Conhecimento;202303;8;1;0;11;8;1;0;21
JE;335470170003;Execução Judicial;202303;1;0;0;2;1;0;0;2
JE;335470170003;Conhecimento;202304;2;0;0;3;10;1;0;24
JE;335470170003;Execução Judicial;202304;2;0;0;0;3;0;0;2
JE;335470170003;Execução Judicial;202305;4;0;0;0;7;0;0;2
JE;335470170003;Conhecimento;202305;4;0;0;8;14;1;0;32
JE;335470170003;Execução Judicial;202306;1;0;0;1;8;0;0;3
JE;335470170003;Conhecimento;202306;19;0;0;18;33;1;0;50
JE;335470170003;Execução Judicial;202307;0;0;0;2;8;0;0;5
JE;335470170003;Conhecimento;202307;5;0;0;1;38;1;0;51
JE;335470170003;Execução Judicial;202308;1;0;0;1;9;0;0;6
JE;335470170003;Conhecimento;202308;20;0;0;4;58;1;0;55
JE;335470170003;Execução Judicial;202309;1;0;0;2;10;0;0;8
JE;335470170003;Execução de Título Extrajudicial;202309;1;0;0;0;1;0;0;0
JE;335470170003;Conhecimento;202309;10;0;0;13;68;1;0;68
JE;335470170003;Conhecimento;202310;15;0;0;5;83;1;0;73
JE;335470170003;Execução Judicial;202310;5;0;0;1;15;0;0;9
JE;335470170003;Conhecimento;202311;5;0;0;4;88;1;0;77
JE;335470170003;Execução Judicial;202311;2;0;0;1;17;0;0;10
JE;335470170003;Conhecimento;202312;22;0;0;5;110;1;0;82
JE;335470170003;Execução Judicial;202312;3;0;0;2;20;0;0;12
JE;335470170003;Conhecimento;202401;3;0;0;6;113;1;0;85
JE;335470170003;Execução Judicial;202401;0;0;0;1;20;0;0;13
JE;335470170003;Execução de Título Extrajudicial;202402;0;0;0;1;1;0;0;1
JE;335470170003;Conhecimento;202402;8;0;0;2;121;1;0;80
JE;335470170003;Execução Judicial;202402;0;0;0;1;20;0;0;14
JE;335470170003;Conhecimento;202403;12;0;0;2;125;0;0;71
JE;335470170003;Execução de Título Extrajudicial;202403;1;0;0;0;2;0;0;1
JE;335470170003;Execução Judicial;202403;3;0;0;1;22;0;0;13
JE;335470170003;Execução de Título Extrajudicial;202404;0;0;0;0;2;0;0;1
JE;335470170003;Execução Judicial;202404;4;0;0;4;24;0;0;17
JE;335470170003;Conhecimento;202404;22;0;0;4;145;0;0;72
JE;335470170003;Execução Judicial;202405;1;0;0;0;21;0;0;17
JE;335470170003;Conhecimento;202405;11;0;0;10;152;0;0;74
JE;335470170003;Execução de Título Extrajudicial;202405;0;0;0;0;2;0;0;1
JE;335470170003;Execução Judicial;202406;2;0;0;0;22;0;0;16
JE;335470170003;Conhecimento;202406;13;0;0;10;146;0;0;66
JE;335470170003;Execução Judicial;202407;5;0;0;3;27;0;0;17
JE;335470170003;Conhecimento;202407;17;0;0;8;158;0;0;73
JE;335470170003;Execução de Título Extrajudicial;202407;1;0;0;0;3;0;0;1
JE;335470170003;Execução Judicial;202408;1;0;0;3;27;0;0;19
JE;335470170003;Conhecimento;202408;5;0;0;8;143;0;0;77
JE;335470170003;Execução Judicial;202409;2;0;0;0;28;0;0;17
JE;335470170003;Conhecimento;202409;5;0;0;7;138;0;0;71
JE;335470170003;Conhecimento;202410;7;0;0;4;130;0;0;70
JE;335470170003;Execução Judicial;202410;5;0;0;0;28;0;0;16
JE;335470170003;Execução de Título Extrajudicial;202411;0;0;0;1;2;0;0;2
JE;335470170003;Conhecimento;202411;3;0;0;3;128;0;0;69
JE;335470170003;Execução Judicial;202411;0;0;0;1;26;0;0;16
JE;335470170003;Execução de Título Extrajudicial;202412;0;0;0;0;2;0;0;2
JE;335470170003;Execução Judicial;202412;0;0;0;0;23;0;0;14
JE;335470170003;Conhecimento;202412;0;0;0;4;106;0;0;68
JE;335470170003;Execução Judicial;202501;0;0;0;0;23;0;0;13
JE;335470170003;Execução de Título Extrajudicial;202501;0;0;0;0;2;0;0;2
JE;335470170003;Conhecimento;202501;9;0;0;4;112;0;0;66
JE;335470170003;Execução Judicial;202502;2;0;0;1;25;0;0;13
JE;335470170003;Execução de Título Extrajudicial;202502;0;0;0;0;2;0;0;1
JE;335470170003;Conhecimento;202502;9;0;0;12;113;0;0;76
JE;335470170003;Execução de Título Extrajudicial;202503;0;0;0;0;1;0;0;1
JE;335470170003;Conhecimento;202503;8;0;0;8;109;0;0;82
JE;335470170003;Execução Judicial;202503;2;0;0;0;24;0;0;12
JE;335470170003;Execução de Título Extrajudicial;202504;0;0;0;0;1;0;0;1
JE;335470170003;Execução Judicial;202504;1;0;0;2;21;0;0;10
JE;335470170003;Conhecimento;202504;6;0;0;3;93;0;0;81
JE;335470170003;Conhecimento;202505;4;0;0;8;86;0;0;79
JE;335470170003;Execução Judicial;202505;1;0;0;0;21;0;0;10
JE;335470170003;Execução de Título Extrajudicial;202505;0;0;0;1;1;0;0;2
JE;335470170003;Execução de Título Extrajudicial;202506;0;0;0;0;1;0;0;2
JE;335470170003;Conhecimento;202506;7;0;0;5;80;0;0;74
JE;335470170003;Execução Judicial;202506;0;0;0;1;19;0;0;11
JE;335470170003;Execução Judicial;202507;1;0;0;4;15;0;0;12
JE;335470170003;Execução de Título Extrajudicial;202507;0;0;0;0;0;0;0;2
JE;335470170003;Conhecimento;202507;6;1;0;6;69;1;0;72
JE;335470170003;Execução Judicial;202508;1;0;0;1;15;0;0;10
JE;335470170003;Execução de Título Extrajudicial;202508;0;0;0;0;0;0;0;2
JE;335470170003;Conhecimento;202508;8;0;0;9;72;1;0;73
JE;335470170003;Conhecimento;202509;13;0;0;7;80;1;0;73
JE;335470170003;Execução de Título Extrajudicial;202509;2;0;0;0;2;0;0;2
JE;335470170003;Execução Judicial;202509;1;0;0;1;14;0;0;11
JE;335470170003;Conhecimento;202510;7;0;0;4;80;1;0;73
JE;335470170003;Execução Judicial;202510;1;0;0;1;10;0;0;12
JE;335470170003;Conhecimento;202511;6;0;0;2;83;1;0;72
JE;335470170003;Execução Judicial;202511;1;0;0;0;11;0;0;11
JE;335470170003;Conhecimento;202512;6;0;0;2;89;1;0;70
JE;335470170003;Execução Judicial;202512;0;0;0;0;11;0;0;11
JE;335470170003;Execução de Título Extrajudicial;202512;0;0;0;1;2;0;0;2
JE;335470170003;Execução de Título Extrajudicial;202601;0;0;0;1;2;0;0;3
JE;335470170003;Execução Judicial;202601;1;0;0;0;12;0;0;11
JE;335470170003;Conhecimento;202601;3;0;0;9;83;1;0;75
JE;335470170003;Execução de Título Extrajudicial;202602;0;0;0;0;2;0;0;3
JE;335470170003;Conhecimento;202602;5;0;0;6;79;1;0;69
JE;335470170003;Execução Judicial;202602;2;0;0;0;12;0;0;10
JE;335470170003;Conhecimento;202603;13;0;0;9;84;1;0;70
JE;335470170003;Execução Judicial;202603;1;0;0;3;11;0;0;13
JE;335470170003;Execução de Título Extrajudicial;202603;1;0;0;0;3;0;0;3
JE;335470170003;Execução Judicial;202604;1;0;0;2;11;0;0;13
JE;335470170003;Execução de Título Extrajudicial;202604;0;0;0;0;3;0;0;3
JE;335470170003;Conhecimento;202604;4;0;0;5;82;1;0;72
JE;335470170003;Execução de Título Extrajudicial;202605;0;0;0;0;3;0;0;2
JE;335470170003;Conhecimento;202605;5;0;0;4;83;1;0;68
JE;335470170003;Execução Judicial;202605;1;0;0;2;11;0;0;15
JE;335470170003;Conhecimento;202606;12;0;0;5;88;1;0;68
JE;335470170003;Execução Judicial;202606;2;0;0;0;13;0;0;14
JE;335470170003;Execução de Título Extrajudicial;202606;0;0;0;2;3;0;0;4
JE;335470170004;Conhecimento;202301;0;0;0;0;0;0;0;0
JE;335470170004;Conhecimento;202302;2;0;0;4;2;0;0;4
JE;335470170004;Conhecimento;202303;1;0;0;0;3;0;0;4
JE;335470170004;Conhecimento;202304;0;0;0;0;3;0;0;4
JE;335470170004;Conhecimento;202305;9;0;0;4;12;0;0;8
JE;335470170004;Conhecimento;202306;3;0;0;0;15;0;0;8
JE;335470170004;Conhecimento;202307;4;0;0;9;19;0;0;17
JE;335470170004;Conhecimento;202308;2;0;0;0;21;0;0;17
JE;335470170004;Conhecimento;202309;5;0;0;0;26;0;0;17
JE;335470170004;Conhecimento;202310;2;0;0;0;28;0;0;17
JE;335470170004;Conhecimento;202311;4;1;0;17;32;1;0;34
JE;335470170004;Conhecimento;202312;10;0;0;1;42;1;0;35
JE;335470170004;Conhecimento;202401;1;0;0;0;43;1;0;35
JE;335470170004;Conhecimento;202402;7;0;0;0;48;1;0;31
JE;335470170004;Conhecimento;202403;5;0;0;5;52;1;0;36
JE;335470170004;Conhecimento;202404;1;0;0;3;53;1;0;39
JE;335470170004;Conhecimento;202405;6;0;0;0;50;1;0;35
JE;335470170004;Conhecimento;202406;2;0;0;7;49;1;0;42
JE;335470170004;Conhecimento;202407;2;0;0;2;47;1;0;35
JE;335470170004;Conhecimento;202408;1;0;0;0;46;1;0;35
JE;335470170004;Conhecimento;202409;5;0;0;2;46;1;0;37
JE;335470170004;Conhecimento;202410;0;0;0;1;44;1;0;38
JE;335470170004;Conhecimento;202411;2;0;0;0;42;0;0;21
JE;335470170004;Conhecimento;202412;2;1;0;1;34;1;0;21
JE;335470170004;Conhecimento;202501;0;0;0;1;33;1;0;22
JE;335470170004;Conhecimento;202502;1;0;0;3;27;1;0;25
JE;335470170004;Conhecimento;202503;8;0;0;1;30;1;0;21
JE;335470170004;Conhecimento;202504;0;0;0;3;29;1;0;21
JE;335470170004;Conhecimento;202505;1;0;0;1;24;1;0;22
JE;335470170004;Conhecimento;202506;0;0;0;2;22;1;0;17
JE;335470170004;Conhecimento;202507;6;0;0;2;26;1;0;17
JE;335470170004;Conhecimento;202508;1;1;0;1;26;2;0;18
JE;335470170004;Conhecimento;202509;2;1;1;2;23;3;1;18
JE;335470170004;Conhecimento;202510;1;0;0;1;24;3;1;18
JE;335470170004;Conhecimento;202511;4;0;0;5;26;3;1;23
JE;335470170004;Conhecimento;202512;4;1;0;0;28;3;1;22
JE;335470170004;Conhecimento;202601;2;1;0;1;30;4;1;22
JE;335470170004;Conhecimento;202602;2;1;0;4;31;5;1;23
JE;335470170004;Conhecimento;202603;6;1;0;0;29;6;1;22
JE;335470170004;Conhecimento;202604;1;2;0;1;30;8;1;20
JE;335470170004;Conhecimento;202605;1;0;2;1;30;8;3;20
JE;335470170004;Conhecimento;202606;1;0;0;4;31;8;3;22
JE;335470170006;Conhecimento;202301;0;0;0;2;0;0;0;2
JE;335470170006;Execução Judicial;202301;0;0;0;1;0;0;0;1
JE;335470170006;Execução de Título Extrajudicial;202301;0;0;0;0;0;0;0;0
JE;335470170006;Conhecimento;202302;0;0;0;0;0;0;0;2
JE;335470170006;Execução Judicial;202302;0;0;0;0;0;0;0;1
JE;335470170006;Execução de Título Extrajudicial;202302;0;0;0;0;0;0;0;0
JE;335470170006;Execução Judicial;202303;0;0;0;0;0;0;0;1
JE;335470170006;Conhecimento;202303;0;0;0;0;0;0;0;2
JE;335470170006;Execução de Título Extrajudicial;202303;0;0;0;0;0;0;0;0
JE;335470170006;Execução de Título Extrajudicial;202304;0;0;0;0;0;0;0;0
JE;335470170006;Conhecimento;202304;0;0;0;2;0;0;0;4
JE;335470170006;Execução Judicial;202304;2;0;0;0;2;0;0;1
JE;335470170006;Conhecimento;202305;1;0;0;0;1;0;0;4
JE;335470170006;Execução de Título Extrajudicial;202305;0;0;0;0;0;0;0;0
JE;335470170006;Execução Judicial;202305;2;0;0;0;4;0;0;1
JE;335470170006;Execução de Título Extrajudicial;202306;0;0;0;0;0;0;0;0
JE;335470170006;Execução Judicial;202306;0;0;0;0;4;0;0;1
JE;335470170006;Conhecimento;202306;0;0;0;0;1;0;0;4
JE;335470170006;Execução de Título Extrajudicial;202307;0;0;0;0;0;0;0;0
JE;335470170006;Conhecimento;202307;0;0;0;1;1;0;0;5
JE;335470170006;Execução Judicial;202307;2;0;0;0;6;0;0;1
JE;335470170006;Execução Judicial;202308;0;0;0;0;6;0;0;1
JE;335470170006;Conhecimento;202308;1;0;0;1;2;0;0;6
JE;335470170006;Execução de Título Extrajudicial;202308;0;0;0;0;0;0;0;0
JE;335470170006;Execução de Título Extrajudicial;202309;0;0;0;0;0;0;0;0
JE;335470170006;Conhecimento;202309;1;0;0;0;3;0;0;6
JE;335470170006;Execução Judicial;202309;0;0;0;1;6;0;0;2
JE;335470170006;Execução Judicial;202310;1;0;0;1;7;0;0;3
JE;335470170006;Conhecimento;202310;3;0;0;1;6;0;0;7
JE;335470170006;Execução de Título Extrajudicial;202310;0;0;0;0;0;0;0;0
JE;335470170006;Execução Judicial;202311;1;0;0;0;8;0;0;3
JE;335470170006;Execução de Título Extrajudicial;202311;0;0;0;0;0;0;0;0
JE;335470170006;Conhecimento;202311;0;0;0;0;6;0;0;7
JE;335470170006;Conhecimento;202312;5;0;0;1;11;0;0;8
JE;335470170006;Execução Judicial;202312;3;0;0;1;11;0;0;4
JE;335470170006;Execução de Título Extrajudicial;202312;0;0;0;0;0;0;0;0
JE;335470170006;Execução Judicial;202401;0;0;0;1;11;0;0;4
JE;335470170006;Conhecimento;202401;1;0;0;1;12;0;0;7
JE;335470170006;Execução de Título Extrajudicial;202401;0;0;0;0;0;0;0;0
JE;335470170006;Execução Judicial;202402;0;0;0;0;11;0;0;4
JE;335470170006;Execução de Título Extrajudicial;202402;0;0;0;0;0;0;0;0
JE;335470170006;Conhecimento;202402;0;0;0;0;12;0;0;7
JE;335470170006;Execução de Título Extrajudicial;202403;1;0;0;0;1;0;0;0
JE;335470170006;Conhecimento;202403;1;0;0;0;13;0;0;7
JE;335470170006;Execução Judicial;202403;2;0;0;1;13;0;0;5
JE;335470170006;Execução Judicial;202404;2;0;0;0;13;0;0;5
JE;335470170006;Conhecimento;202404;1;0;0;0;14;0;0;5
JE;335470170006;Execução de Título Extrajudicial;202404;0;0;0;0;1;0;0;0
JE;335470170006;Execução Judicial;202405;4;0;0;0;15;0;0;5
JE;335470170006;Execução de Título Extrajudicial;202405;0;0;0;0;1;0;0;0
JE;335470170006;Conhecimento;202405;1;1;0;0;14;1;0;5
JE;335470170006;Execução de Título Extrajudicial;202406;0;0;0;0;1;0;0;0
JE;335470170006;Execução Judicial;202406;1;0;0;1;16;0;0;6
JE;335470170006;Conhecimento;202406;2;2;0;0;16;3;0;5
JE;335470170006;Execução Judicial;202407;7;0;0;2;21;0;0;8
JE;335470170006;Conhecimento;202407;3;2;0;1;19;5;0;5
JE;335470170006;Conhecimento;202408;1;0;0;0;19;5;0;4
JE;335470170006;Execução Judicial;202408;0;0;0;0;21;0;0;8
JE;335470170006;Conhecimento;202409;3;0;0;0;21;5;0;4
JE;335470170006;Execução Judicial;202409;1;0;0;1;22;0;0;8
JE;335470170006;Execução Judicial;202410;2;0;0;6;23;0;0;13
JE;335470170006;Execução de Título Extrajudicial;202410;1;0;0;0;2;0;0;0
JE;335470170006;Conhecimento;202410;2;0;0;0;20;5;0;3
JE;335470170006;Execução Judicial;202411;0;0;0;2;22;0;0;15
JE;335470170006;Conhecimento;202411;0;0;0;0;20;5;0;3
JE;335470170006;Execução Judicial;202412;1;0;0;0;20;0;0;14
JE;335470170006;Conhecimento;202412;0;0;0;4;15;5;0;6
JE;335470170006;Execução Judicial;202501;1;0;0;1;21;0;0;14
JE;335470170006;Conhecimento;202501;0;0;0;0;14;5;0;5
JE;335470170006;Conhecimento;202502;0;0;0;0;14;5;0;5
JE;335470170006;Execução Judicial;202502;0;0;0;1;21;0;0;15
JE;335470170006;Conhecimento;202503;0;0;0;1;13;5;0;6
JE;335470170006;Execução Judicial;202503;1;0;0;0;20;0;0;14
JE;335470170006;Execução Judicial;202504;0;0;0;0;18;0;0;14
JE;335470170006;Conhecimento;202504;0;0;0;1;12;5;0;7
JE;335470170006;Conhecimento;202505;0;0;0;7;11;4;0;14
JE;335470170006;Execução Judicial;202505;0;0;0;0;14;0;0;14
JE;335470170006;Execução Judicial;202506;0;0;0;0;13;0;0;13
JE;335470170006;Conhecimento;202506;1;0;0;3;10;2;0;17
JE;335470170006;Execução Judicial;202507;0;0;0;0;6;0;0;11
JE;335470170006;Conhecimento;202507;1;0;0;1;8;0;0;17
JE;335470170006;Execução Judicial;202508;0;0;0;2;6;0;0;13
JE;335470170006;Conhecimento;202508;0;0;0;0;7;0;0;17
JE;335470170006;Execução Judicial;202509;2;0;0;1;7;0;0;13
JE;335470170006;Conhecimento;202509;2;1;0;5;6;1;0;22
JE;335470170006;Conhecimento;202510;4;0;0;0;8;1;0;22
JE;335470170006;Execução Judicial;202510;1;0;0;2;6;0;0;9
JE;335470170006;Conhecimento;202511;0;0;0;0;8;1;0;22
JE;335470170006;Execução Judicial;202511;0;0;0;0;6;0;0;7
JE;335470170006;Execução Judicial;202512;3;0;0;0;8;0;0;7
JE;335470170006;Conhecimento;202512;2;0;0;1;10;1;0;19
JE;335470170006;Conhecimento;202601;2;0;0;3;12;1;0;22
JE;335470170006;Execução Judicial;202601;0;0;0;0;7;0;0;6
JE;335470170006;Execução Judicial;202602;1;1;0;0;8;1;0;5
JE;335470170006;Conhecimento;202602;4;3;0;4;16;4;0;26
JE;335470170006;Execução Judicial;202603;1;0;0;0;8;1;0;5
JE;335470170006;Conhecimento;202603;6;2;0;1;22;6;0;26
JE;335470170006;Conhecimento;202604;2;0;0;0;24;6;0;25
JE;335470170006;Execução Judicial;202604;0;0;0;0;8;1;0;5
JE;335470170006;Conhecimento;202605;5;0;0;1;29;6;0;19
JE;335470170006;Execução de Título Extrajudicial;202605;0;0;0;1;0;0;0;1
JE;335470170006;Execução Judicial;202605;0;0;0;3;8;1;0;8
JE;335470170006;Conhecimento;202606;4;0;0;1;32;6;0;17
JE;335470170006;Execução de Título Extrajudicial;202606;0;0;0;0;0;0;0;1
JE;335470170006;Execução Judicial;202606;0;0;0;1;8;1;0;9
JE;35880030002;Conhecimento;202406;0;1;1;0;0;1;1;0
JE;35880030002;Conhecimento;202412;0;1;0;0;0;2;1;0
JE;35880030002;Conhecimento;202501;0;0;1;0;0;2;2;0
JE;35880030004;Conhecimento;202301;0;0;0;0;0;0;0;0
JE;35880030004;Conhecimento;202302;1;0;0;2;1;0;0;2
JE;35880030004;Conhecimento;202303;9;0;0;1;10;0;0;3
JE;35880030004;Conhecimento;202304;0;0;0;4;10;0;0;7
JE;35880030004;Conhecimento;202305;5;0;1;10;15;0;1;17
JE;35880030004;Conhecimento;202306;3;0;0;7;18;0;1;24
JE;35880030004;Conhecimento;202307;4;0;0;12;22;0;1;36
JE;35880030004;Conhecimento;202308;16;0;0;9;38;0;1;45
JE;35880030004;Conhecimento;202309;13;0;0;7;51;0;1;52
JE;35880030004;Conhecimento;202310;19;0;0;4;70;0;1;56
JE;35880030004;Conhecimento;202311;13;0;0;9;83;0;1;65
JE;35880030004;Conhecimento;202312;6;0;0;3;89;0;1;68
JE;35880030004;Conhecimento;202401;1;0;0;1;90;0;1;69
JE;35880030004;Conhecimento;202402;1;0;0;15;90;0;1;82
JE;35880030004;Conhecimento;202403;31;0;0;0;112;0;1;81
JE;35880030004;Conhecimento;202404;9;0;0;4;121;0;1;81
JE;35880030004;Conhecimento;202405;7;1;0;8;123;1;0;79
JE;35880030004;Conhecimento;202406;10;1;0;7;130;2;0;79
JE;35880030004;Conhecimento;202407;6;0;0;0;132;2;0;67
JE;35880030004;Conhecimento;202408;0;1;1;5;116;3;1;63
JE;35880030004;Conhecimento;202409;3;0;0;3;106;3;1;59
JE;35880030004;Conhecimento;202410;2;0;0;3;89;3;1;58
JE;35880030004;Conhecimento;202411;4;0;0;3;80;3;1;52
JE;35880030004;Conhecimento;202412;7;0;1;6;81;3;2;55
JE;35880030004;Conhecimento;202501;1;1;0;3;81;4;2;57
JE;35880030004;Conhecimento;202502;3;0;0;0;83;4;2;42
JE;35880030004;Conhecimento;202503;5;0;0;6;57;4;2;48
JE;35880030004;Conhecimento;202504;0;0;0;4;48;4;2;48
JE;35880030004;Conhecimento;202505;10;0;0;6;51;3;2;46
JE;35880030004;Conhecimento;202506;6;0;0;4;47;2;2;43
JE;35880030004;Conhecimento;202507;1;1;0;2;42;3;2;45
JE;35880030004;Conhecimento;202508;3;0;0;6;45;2;1;46
JE;35880030004;Conhecimento;202509;5;0;0;0;47;2;1;43
JE;35880030004;Conhecimento;202510;0;0;0;1;45;2;1;41
JE;35880030004;Conhecimento;202511;3;0;0;3;44;2;1;41
JE;35880030004;Conhecimento;202512;2;0;0;1;39;2;0;36
JE;35880030004;Conhecimento;202601;0;0;0;2;38;1;0;35
JE;35880030004;Conhecimento;202602;3;0;0;5;38;1;0;40
JE;35880030004;Conhecimento;202603;2;0;0;12;35;1;0;46
JE;35880030004;Conhecimento;202604;1;0;0;6;36;1;0;48
JE;35880030004;Conhecimento;202605;7;0;0;1;33;1;0;43
JE;35880030004;Conhecimento;202606;5;0;0;0;32;1;0;39
JE;36040090001;Execução Judicial;202302;0;0;1;0;0;0;1;0
JE;36040090001;Conhecimento;202302;0;0;2;0;0;0;2;0
JE;36040090001;Conhecimento;202303;0;0;1;4;0;0;3;4
JE;36040090001;Conhecimento;202304;0;1;9;4;0;1;12;8
JE;36040090001;Conhecimento;202305;0;0;9;1;0;1;21;9
JE;36040090001;Conhecimento;202306;0;5;0;0;0;6;21;9
JE;36040090001;Conhecimento;202308;0;0;5;2;0;6;26;11
JE;36040090001;Execução Judicial;202308;0;0;0;1;0;0;1;1
JE;36040090001;Conhecimento;202309;0;0;0;1;0;6;26;12
JE;36040090001;Conhecimento;202310;0;0;2;0;0;6;28;12
JE;36040090001;Conhecimento;202311;0;0;0;1;0;6;28;13
JE;36040090001;Conhecimento;202312;0;0;1;5;0;6;29;18
JE;36040090001;Execução Judicial;202312;0;0;0;2;0;0;1;3
JE;36040090001;Conhecimento;202401;0;0;2;2;0;6;31;20
JE;36040090001;Execução Judicial;202401;0;0;1;0;0;0;2;3
JE;36040090001;Conhecimento;202402;0;0;8;18;0;6;37;38
JE;36040090001;Execução Judicial;202402;0;0;2;0;0;0;3;3
JE;36040090001;Conhecimento;202403;0;1;17;3;0;7;53;37
JE;36040090001;Conhecimento;202404;0;2;4;8;0;8;48;41
JE;36040090001;Conhecimento;202405;0;0;11;7;0;8;50;47
JE;36040090001;Conhecimento;202406;0;0;0;2;0;3;50;49
JE;36040090001;Conhecimento;202407;0;0;7;4;0;3;57;53
JE;36040090001;Conhecimento;202408;0;1;2;0;0;4;54;51
JE;36040090001;Conhecimento;202410;0;0;2;1;0;4;54;51
JE;36040090001;Conhecimento;202411;0;1;1;1;0;5;55;51
JE;36040090001;Conhecimento;202412;0;0;5;2;0;5;59;48
JE;36040090001;Conhecimento;202501;0;0;0;7;0;5;57;53
JE;36040090001;Conhecimento;202502;0;0;9;1;0;5;58;36
JE;36040090001;Conhecimento;202503;0;0;1;0;0;4;42;33
JE;36040090001;Conhecimento;202504;0;0;0;1;0;2;38;26
JE;36040090001;Conhecimento;202505;0;0;1;0;0;2;28;19
JE;36040090001;Conhecimento;202506;0;0;1;5;0;2;29;22
JE;36040090001;Execução Judicial;202507;0;0;1;1;0;0;1;1
JE;36040090001;Conhecimento;202507;0;0;5;2;0;2;27;20
JE;36040090001;Conhecimento;202508;0;0;3;3;0;1;28;23
JE;36040090001;Conhecimento;202509;0;0;2;2;0;1;30;25
JE;36040090001;Conhecimento;202510;0;0;1;0;0;1;29;24
JE;36040090001;Conhecimento;202512;0;0;0;2;0;0;23;23
JE;36040090001;Conhecimento;202602;0;0;2;0;0;0;16;15
JE;36040090001;Conhecimento;202603;0;1;2;1;0;1;17;16
JE;36040090001;Execução Judicial;202604;0;0;2;7;0;0;3;8
JE;36040090001;Execução Judicial;202605;0;0;6;4;0;0;9;12
JE;36040090001;Execução Judicial;202606;0;0;6;3;0;0;15;15
JE;36040090003;Execução Judicial;202301;1;0;0;0;1;0;0;0
JE;36040090003;Execução de Título Extrajudicial;202301;0;0;0;13;0;0;0;13
JE;36040090003;Conhecimento;202301;15;1;0;10;15;1;0;10
JE;36040090003;Execução Judicial;202302;2;0;0;4;3;0;0;4
JE;36040090003;Conhecimento;202302;13;0;1;8;28;1;1;18
JE;36040090003;Execução de Título Extrajudicial;202302;0;0;0;0;0;0;0;13
JE;36040090003;Execução Judicial;202303;1;0;0;1;4;0;0;5
JE;36040090003;Conhecimento;202303;25;0;1;8;53;1;2;26
JE;36040090003;Execução de Título Extrajudicial;202303;0;0;0;4;0;0;0;17
JE;36040090003;Execução de Título Extrajudicial;202304;0;0;0;5;0;0;0;22
JE;36040090003;Conhecimento;202304;19;0;0;9;72;1;2;35
JE;36040090003;Execução Judicial;202304;1;0;0;0;5;0;0;5
JE;36040090003;Execução de Título Extrajudicial;202305;1;0;0;2;1;0;0;24
JE;36040090003;Conhecimento;202305;35;0;0;10;107;1;2;45
JE;36040090003;Execução Judicial;202305;0;0;0;0;5;0;0;5
JE;36040090003;Execução Judicial;202306;0;0;0;0;5;0;0;5
JE;36040090003;Conhecimento;202306;39;0;0;11;146;1;2;56
JE;36040090003;Execução de Título Extrajudicial;202306;2;0;0;2;3;0;0;26
JE;36040090003;Execução Judicial;202307;2;0;0;2;7;0;0;7
JE;36040090003;Conhecimento;202307;12;3;0;10;158;4;2;66
JE;36040090003;Execução de Título Extrajudicial;202307;1;0;0;2;4;0;0;28
JE;36040090003;Execução Judicial;202308;0;0;0;2;7;0;0;9
JE;36040090003;Conhecimento;202308;31;3;3;24;189;7;5;90
JE;36040090003;Execução de Título Extrajudicial;202308;2;0;0;1;6;0;0;29
JE;36040090003;Execução de Título Extrajudicial;202309;2;0;0;0;8;0;0;29
JE;36040090003;Conhecimento;202309;33;0;0;16;222;7;5;106
JE;36040090003;Execução Judicial;202309;2;0;0;3;9;0;0;12
JE;36040090003;Execução de Título Extrajudicial;202310;0;0;0;0;8;0;0;29
JE;36040090003;Conhecimento;202310;34;3;1;13;256;10;6;119
JE;36040090003;Execução Judicial;202310;0;0;0;4;9;0;0;16
JE;36040090003;Execução de Título Extrajudicial;202311;4;0;0;0;12;0;0;29
JE;36040090003;Conhecimento;202311;52;0;0;11;308;10;6;130
JE;36040090003;Execução Judicial;202311;3;0;0;8;12;0;0;24
JE;36040090003;Conhecimento;202312;23;0;0;9;331;10;6;139
JE;36040090003;Execução de Título Extrajudicial;202312;1;0;0;0;13;0;0;29
JE;36040090003;Execução Judicial;202312;3;0;0;3;15;0;0;27
JE;36040090003;Execução de Título Extrajudicial;202401;0;0;0;1;13;0;0;17
JE;36040090003;Execução Judicial;202401;0;0;0;10;14;0;0;37
JE;36040090003;Conhecimento;202401;20;0;0;15;336;9;6;144
JE;36040090003;Conhecimento;202402;25;0;1;12;348;9;6;148
JE;36040090003;Execução de Título Extrajudicial;202402;1;0;0;0;14;0;0;17
JE;36040090003;Execução Judicial;202402;2;0;0;10;14;0;0;43
JE;36040090003;Execução Judicial;202403;4;0;0;4;17;0;0;46
JE;36040090003;Execução de Título Extrajudicial;202403;1;0;0;0;15;0;0;13
JE;36040090003;Conhecimento;202403;18;15;15;6;341;24;20;146
JE;36040090003;Conhecimento;202404;48;3;2;15;370;27;22;152
JE;36040090003;Execução de Título Extrajudicial;202404;0;0;0;1;15;0;0;9
JE;36040090003;Execução Judicial;202404;3;0;0;6;19;0;0;52
JE;36040090003;Conhecimento;202405;29;0;0;18;364;27;22;160
JE;36040090003;Execução de Título Extrajudicial;202405;2;0;0;0;16;0;0;7
JE;36040090003;Execução Judicial;202405;2;0;0;6;21;0;0;58
JE;36040090003;Execução Judicial;202406;9;0;1;5;30;0;1;63
JE;36040090003;Conhecimento;202406;29;0;0;9;354;27;22;158
JE;36040090003;Execução de Título Extrajudicial;202406;1;0;0;0;15;0;0;5
JE;36040090003;Execução Judicial;202407;5;0;0;3;33;0;1;64
JE;36040090003;Execução de Título Extrajudicial;202407;1;0;0;0;15;0;0;3
JE;36040090003;Conhecimento;202407;15;1;0;11;357;25;22;159
JE;36040090003;Execução Judicial;202408;1;0;0;4;34;0;1;66
JE;36040090003;Conhecimento;202408;19;1;1;17;345;23;20;152
JE;36040090003;Execução de Título Extrajudicial;202408;2;0;0;2;15;0;0;4
JE;36040090003;Conhecimento;202409;23;0;0;10;335;23;20;146
JE;36040090003;Execução Judicial;202409;4;0;0;5;36;0;1;68
JE;36040090003;Execução de Título Extrajudicial;202409;0;0;0;3;13;0;0;7
JE;36040090003;Execução de Título Extrajudicial;202410;0;0;0;3;13;0;0;10
JE;36040090003;Conhecimento;202410;17;0;0;14;318;20;19;147
JE;36040090003;Execução Judicial;202410;10;0;0;6;46;0;1;70
JE;36040090003;Execução Judicial;202411;6;0;0;5;49;0;1;67
JE;36040090003;Execução de Título Extrajudicial;202411;2;0;0;1;11;0;0;11
JE;36040090003;Conhecimento;202411;14;0;0;11;280;20;19;147
JE;36040090003;Execução de Título Extrajudicial;202412;4;0;0;0;14;0;0;11
JE;36040090003;Conhecimento;202412;15;1;0;6;272;21;19;144
JE;36040090003;Execução Judicial;202412;5;0;0;3;51;0;1;67
JE;36040090003;Execução de Título Extrajudicial;202501;0;0;0;7;14;0;0;17
JE;36040090003;Conhecimento;202501;7;1;0;12;259;22;19;141
JE;36040090003;Execução Judicial;202501;1;0;0;7;52;0;1;64
JE;36040090003;Execução de Título Extrajudicial;202502;3;0;0;1;16;0;0;18
JE;36040090003;Execução Judicial;202502;6;0;0;2;56;0;1;56
JE;36040090003;Conhecimento;202502;14;0;0;13;248;22;18;142
JE;36040090003;Conhecimento;202503;13;0;0;8;243;7;3;144
JE;36040090003;Execução de Título Extrajudicial;202503;1;0;0;1;16;0;0;19
JE;36040090003;Execução Judicial;202503;7;0;0;7;59;0;1;59
JE;36040090003;Execução de Título Extrajudicial;202504;8;0;0;32;24;0;0;50
JE;36040090003;Conhecimento;202504;16;0;0;19;211;4;1;148
JE;36040090003;Execução Judicial;202504;3;0;0;10;59;0;1;63
JE;36040090003;Conhecimento;202505;9;1;1;22;191;5;2;152
JE;36040090003;Execução Judicial;202505;8;0;0;6;65;0;1;63
JE;36040090003;Execução de Título Extrajudicial;202505;24;0;0;15;46;0;0;65
JE;36040090003;Execução Judicial;202506;14;0;0;8;70;0;0;66
JE;36040090003;Execução de Título Extrajudicial;202506;16;0;0;3;61;0;0;68
JE;36040090003;Conhecimento;202506;18;0;0;23;180;5;2;166
JE;36040090003;Execução de Título Extrajudicial;202507;3;0;0;0;63;0;0;68
JE;36040090003;Conhecimento;202507;28;1;2;12;193;5;4;167
JE;36040090003;Execução Judicial;202507;13;1;0;10;78;1;0;73
JE;36040090003;Execução de Título Extrajudicial;202508;4;0;0;12;65;0;0;78
JE;36040090003;Conhecimento;202508;13;0;1;13;187;4;4;163
JE;36040090003;Execução Judicial;202508;6;0;0;8;83;1;0;77
JE;36040090003;Execução de Título Extrajudicial;202509;9;0;0;0;74;0;0;75
JE;36040090003;Execução Judicial;202509;7;0;0;18;86;1;0;90
JE;36040090003;Conhecimento;202509;24;0;0;12;188;4;4;165
JE;36040090003;Conhecimento;202510;18;0;0;18;189;4;4;169
JE;36040090003;Execução de Título Extrajudicial;202510;0;0;0;0;74;0;0;72
JE;36040090003;Execução Judicial;202510;8;0;0;3;84;1;0;87
JE;36040090003;Execução de Título Extrajudicial;202511;5;0;0;4;77;0;0;75
JE;36040090003;Conhecimento;202511;18;0;1;14;193;4;5;172
JE;36040090003;Execução Judicial;202511;8;0;0;3;86;1;0;85
JE;36040090003;Execução Judicial;202512;6;0;0;3;87;1;0;85
JE;36040090003;Conhecimento;202512;10;0;0;10;188;3;5;176
JE;36040090003;Execução de Título Extrajudicial;202512;3;0;0;2;76;0;0;77
JE;36040090003;Execução Judicial;202601;5;0;0;3;91;1;0;81
JE;36040090003;Conhecimento;202601;9;0;0;7;190;2;5;171
JE;36040090003;Execução de Título Extrajudicial;202601;5;0;0;8;81;0;0;78
JE;36040090003;Conhecimento;202602;19;0;0;5;195;2;5;163
JE;36040090003;Execução de Título Extrajudicial;202602;2;0;0;0;80;0;0;77
JE;36040090003;Execução Judicial;202602;4;0;0;10;89;1;0;89
JE;36040090003;Execução Judicial;202603;6;0;0;8;88;1;0;90
JE;36040090003;Conhecimento;202603;7;2;0;8;189;4;5;163
JE;36040090003;Execução de Título Extrajudicial;202603;3;0;0;0;82;0;0;76
JE;36040090003;Execução Judicial;202604;7;0;0;9;92;1;0;89
JE;36040090003;Execução de Título Extrajudicial;202604;2;0;0;0;76;0;0;44
JE;36040090003;Conhecimento;202604;9;0;0;17;182;4;5;161
JE;36040090003;Conhecimento;202605;11;0;0;17;184;3;4;156
JE;36040090003;Execução de Título Extrajudicial;202605;0;0;0;0;52;0;0;29
JE;36040090003;Execução Judicial;202605;4;1;0;8;88;2;0;91
JE;36040090003;Conhecimento;202606;5;0;0;11;171;3;4;144
JE;36040090003;Execução de Título Extrajudicial;202606;4;0;0;1;40;0;0;27
JE;36040090003;Execução Judicial;202606;8;1;0;2;82;3;0;85
JE;36040090005;Conhecimento;202301;2;0;1;4;2;0;1;4
JE;36040090005;Execução Judicial;202301;1;0;0;0;1;0;0;0
JE;36040090005;Execução de Título Extrajudicial;202301;0;0;0;0;0;0;0;0
JE;36040090005;Execução Judicial;202302;0;1;0;1;1;1;0;1
JE;36040090005;Execução de Título Extrajudicial;202302;0;0;0;0;0;0;0;0
JE;36040090005;Conhecimento;202302;3;3;0;0;5;3;1;4
JE;36040090005;Conhecimento;202303;3;2;0;2;8;5;1;6
JE;36040090005;Execução de Título Extrajudicial;202303;1;0;0;0;1;0;0;0
JE;36040090005;Execução Judicial;202303;6;0;0;2;7;1;0;3
JE;36040090005;Execução Judicial;202304;0;0;0;1;7;1;0;4
JE;36040090005;Execução de Título Extrajudicial;202304;0;0;0;0;1;0;0;0
JE;36040090005;Conhecimento;202304;7;9;1;6;15;14;2;12
JE;36040090005;Execução Judicial;202305;1;0;0;3;8;1;0;7
JE;36040090005;Execução de Título Extrajudicial;202305;0;0;0;0;1;0;0;0
JE;36040090005;Conhecimento;202305;17;9;0;19;32;23;2;31
JE;36040090005;Execução de Título Extrajudicial;202306;0;0;0;0;1;0;0;0
JE;36040090005;Conhecimento;202306;51;0;5;2;83;23;7;33
JE;36040090005;Execução Judicial;202306;4;0;0;0;12;1;0;7
JE;36040090005;Conhecimento;202307;3;0;0;0;86;23;7;33
JE;36040090005;Execução Judicial;202307;0;0;0;0;12;1;0;7
JE;36040090005;Execução de Título Extrajudicial;202307;0;0;0;0;1;0;0;0
JE;36040090005;Execução de Título Extrajudicial;202308;0;0;0;0;1;0;0;0
JE;36040090005;Execução Judicial;202308;0;0;0;0;12;1;0;7
JE;36040090005;Conhecimento;202308;8;5;0;3;94;28;7;36
JE;36040090005;Execução de Título Extrajudicial;202309;0;0;0;0;1;0;0;0
JE;36040090005;Execução Judicial;202309;4;0;0;2;16;1;0;9
JE;36040090005;Conhecimento;202309;53;0;0;0;147;28;7;36
JE;36040090005;Conhecimento;202310;48;0;0;2;195;28;7;38
JE;36040090005;Execução Judicial;202310;0;0;0;4;16;1;0;13
JE;36040090005;Execução de Título Extrajudicial;202310;0;0;0;0;1;0;0;0
JE;36040090005;Conhecimento;202311;7;0;0;3;202;28;7;41
JE;36040090005;Execução de Título Extrajudicial;202311;0;0;0;0;1;0;0;0
JE;36040090005;Execução Judicial;202311;0;0;0;1;16;1;0;14
JE;36040090005;Conhecimento;202312;6;1;0;0;208;29;7;41
JE;36040090005;Execução Judicial;202312;3;0;0;6;19;1;0;20
JE;36040090005;Execução de Título Extrajudicial;202312;2;0;0;0;3;0;0;0
JE;36040090005;Execução de Título Extrajudicial;202401;0;0;0;0;3;0;0;0
JE;36040090005;Execução Judicial;202401;0;0;0;10;18;1;0;30
JE;36040090005;Conhecimento;202401;1;3;0;2;207;32;6;39
JE;36040090005;Execução de Título Extrajudicial;202402;1;0;0;0;4;0;0;0
JE;36040090005;Conhecimento;202402;5;9;0;25;209;38;6;64
JE;36040090005;Execução Judicial;202402;0;2;0;2;18;2;0;31
JE;36040090005;Conhecimento;202403;13;18;1;19;219;54;7;81
JE;36040090005;Execução Judicial;202403;0;0;0;13;12;2;0;42
JE;36040090005;Execução de Título Extrajudicial;202403;1;0;0;0;4;0;0;0
JE;36040090005;Execução Judicial;202404;0;0;0;0;12;2;0;41
JE;36040090005;Execução de Título Extrajudicial;202404;0;0;0;0;4;0;0;0
JE;36040090005;Conhecimento;202404;23;4;0;12;235;49;6;87
JE;36040090005;Conhecimento;202405;10;11;0;21;228;51;6;89
JE;36040090005;Execução de Título Extrajudicial;202405;0;0;0;0;4;0;0;0
JE;36040090005;Execução Judicial;202405;4;0;0;2;15;2;0;40
JE;36040090005;Execução de Título Extrajudicial;202406;0;0;0;0;4;0;0;0
JE;36040090005;Conhecimento;202406;12;0;0;1;189;51;1;88
JE;36040090005;Execução Judicial;202406;5;0;0;0;16;2;0;40
JE;36040090005;Conhecimento;202407;5;7;0;10;191;58;1;98
JE;36040090005;Execução de Título Extrajudicial;202407;0;0;0;0;4;0;0;0
JE;36040090005;Execução Judicial;202407;3;0;0;1;19;2;0;41
JE;36040090005;Execução de Título Extrajudicial;202408;0;0;0;0;4;0;0;0
JE;36040090005;Conhecimento;202408;40;3;0;14;223;56;1;109
JE;36040090005;Execução Judicial;202408;5;0;0;3;24;2;0;44
JE;36040090005;Conhecimento;202409;16;0;0;4;186;56;1;113
JE;36040090005;Execução Judicial;202409;0;0;0;8;20;2;0;50
JE;36040090005;Execução de Título Extrajudicial;202409;0;0;0;0;4;0;0;0
JE;36040090005;Execução de Título Extrajudicial;202410;0;0;0;0;4;0;0;0
JE;36040090005;Execução Judicial;202410;1;0;0;4;21;2;0;50
JE;36040090005;Conhecimento;202410;26;2;0;2;164;58;1;113
JE;36040090005;Execução de Título Extrajudicial;202411;0;0;0;0;4;0;0;0
JE;36040090005;Conhecimento;202411;32;2;1;1;189;60;2;111
JE;36040090005;Execução Judicial;202411;5;0;0;9;26;2;0;58
JE;36040090005;Execução de Título Extrajudicial;202412;0;0;0;0;2;0;0;0
JE;36040090005;Execução Judicial;202412;10;0;0;0;33;2;0;52
JE;36040090005;Conhecimento;202412;2;4;0;9;185;63;2;120
JE;36040090005;Execução de Título Extrajudicial;202501;0;0;0;0;2;0;0;0
JE;36040090005;Execução Judicial;202501;2;0;0;3;35;2;0;45
JE;36040090005;Conhecimento;202501;1;0;0;3;185;60;2;121
JE;36040090005;Conhecimento;202502;25;9;0;5;205;60;2;101
JE;36040090005;Execução de Título Extrajudicial;202502;0;0;0;0;1;0;0;0
JE;36040090005;Execução Judicial;202502;0;0;0;4;35;0;0;47
JE;36040090005;Execução de Título Extrajudicial;202503;0;0;0;0;0;0;0;0
JE;36040090005;Execução Judicial;202503;9;0;0;10;44;0;0;44
JE;36040090005;Conhecimento;202503;17;1;0;2;209;43;1;84
JE;36040090005;Execução Judicial;202504;3;0;0;5;47;0;0;49
JE;36040090005;Execução de Título Extrajudicial;202504;0;0;0;0;0;0;0;0
JE;36040090005;Conhecimento;202504;4;0;0;17;190;39;1;89
JE;36040090005;Execução de Título Extrajudicial;202505;0;0;0;0;0;0;0;0
JE;36040090005;Conhecimento;202505;6;1;0;7;186;29;1;75
JE;36040090005;Execução Judicial;202505;3;0;0;2;46;0;0;49
JE;36040090005;Execução Judicial;202506;8;0;0;75;49;0;0;124
JE;36040090005;Execução de Título Extrajudicial;202506;0;0;0;0;0;0;0;0
JE;36040090005;Conhecimento;202506;18;1;0;8;192;30;1;82
JE;36040090005;Conhecimento;202507;13;7;1;13;200;30;2;85
JE;36040090005;Execução Judicial;202507;6;1;1;18;52;1;1;141
JE;36040090005;Execução de Título Extrajudicial;202507;0;0;0;0;0;0;0;0
JE;36040090005;Conhecimento;202508;11;3;0;4;171;30;2;75
JE;36040090005;Execução Judicial;202508;10;1;0;16;57;2;1;154
JE;36040090005;Execução de Título Extrajudicial;202508;0;0;0;1;0;0;0;1
JE;36040090005;Execução de Título Extrajudicial;202509;1;0;0;0;1;0;0;1
JE;36040090005;Execução Judicial;202509;9;0;0;16;66;2;1;162
JE;36040090005;Conhecimento;202509;17;2;0;3;172;32;2;74
JE;36040090005;Execução de Título Extrajudicial;202510;0;0;0;0;1;0;0;1
JE;36040090005;Conhecimento;202510;9;1;0;1;155;31;2;73
JE;36040090005;Execução Judicial;202510;11;0;0;17;76;2;1;175
JE;36040090005;Execução de Título Extrajudicial;202511;0;0;0;0;1;0;0;1
JE;36040090005;Conhecimento;202511;6;1;0;1;129;30;1;73
JE;36040090005;Execução Judicial;202511;15;0;0;6;86;2;1;172
JE;36040090005;Execução de Título Extrajudicial;202512;0;0;0;0;1;0;0;1
JE;36040090005;Conhecimento;202512;5;0;0;1;132;26;1;65
JE;36040090005;Execução Judicial;202512;5;0;0;7;81;2;1;179
JE;36040090005;Execução Judicial;202601;8;0;0;1;87;2;1;177
JE;36040090005;Conhecimento;202601;0;0;0;10;131;26;1;72
JE;36040090005;Execução de Título Extrajudicial;202601;0;0;0;0;1;0;0;1
JE;36040090005;Execução Judicial;202602;12;0;0;1;99;2;1;174
JE;36040090005;Conhecimento;202602;13;2;0;17;119;19;1;84
JE;36040090005;Execução de Título Extrajudicial;202602;0;0;0;0;1;0;0;1
JE;36040090005;Conhecimento;202603;15;1;0;8;117;19;1;90
JE;36040090005;Execução Judicial;202603;8;0;0;13;98;2;1;177
JE;36040090005;Execução de Título Extrajudicial;202603;0;0;0;0;1;0;0;1
JE;36040090005;Execução Judicial;202604;32;2;1;2;127;4;2;174
JE;36040090005;Execução de Título Extrajudicial;202604;0;0;0;1;1;0;0;2
JE;36040090005;Conhecimento;202604;2;0;0;6;115;19;1;79
JE;36040090005;Conhecimento;202605;3;0;0;3;112;18;1;75
JE;36040090005;Execução de Título Extrajudicial;202605;0;0;0;0;1;0;0;2
JE;36040090005;Execução Judicial;202605;24;5;0;1;148;9;2;173
JE;36040090005;Execução de Título Extrajudicial;202606;0;0;0;0;1;0;0;2
JE;36040090005;Execução Judicial;202606;9;9;4;6;149;18;6;104
JE;36040090005;Conhecimento;202606;15;1;1;2;109;18;2;69
JE;36050090002;Conhecimento;202507;0;0;0;1;0;0;0;1
JE;36050090002;Conhecimento;202508;0;0;0;0;0;0;0;1
JE;36050090002;Conhecimento;202509;0;0;0;0;0;0;0;1
JE;36050090002;Conhecimento;202510;0;0;0;1;0;0;0;2
JE;36050090002;Conhecimento;202511;0;0;1;0;0;0;1;2
JE;36050090004;Conhecimento;202301;0;0;0;0;0;0;0;0
JE;36050090004;Conhecimento;202302;17;0;0;6;17;0;0;6
JE;36050090004;Conhecimento;202303;6;0;0;9;23;0;0;15
JE;36050090004;Conhecimento;202304;9;0;0;1;32;0;0;16
JE;36050090004;Conhecimento;202305;4;0;0;8;36;0;0;24
JE;36050090004;Conhecimento;202306;6;0;0;9;42;0;0;33
JE;36050090004;Conhecimento;202307;15;0;0;14;57;0;0;47
JE;36050090004;Conhecimento;202308;7;0;0;15;64;0;0;62
JE;36050090004;Conhecimento;202309;5;0;0;6;69;0;0;68
JE;36050090004;Conhecimento;202310;8;1;0;10;77;1;0;78
JE;36050090004;Conhecimento;202311;13;0;0;3;90;1;0;81
JE;36050090004;Conhecimento;202312;14;0;1;3;104;1;1;84
JE;36050090004;Conhecimento;202401;10;0;0;11;114;1;1;95
JE;36050090004;Conhecimento;202402;10;0;0;11;107;1;1;100
JE;36050090004;Conhecimento;202403;1;0;0;10;102;1;1;101
JE;36050090004;Conhecimento;202404;16;0;0;3;109;1;1;103
JE;36050090004;Conhecimento;202405;21;0;0;2;126;1;1;97
JE;36050090004;Conhecimento;202406;9;0;0;7;129;1;1;95
JE;36050090004;Conhecimento;202407;12;0;0;11;126;1;1;92
JE;36050090004;Conhecimento;202408;8;0;0;7;127;1;1;84
JE;36050090004;Conhecimento;202409;1;0;0;11;123;1;1;89
JE;36050090004;Conhecimento;202410;7;1;0;4;122;1;1;83
JE;36050090004;Conhecimento;202411;12;0;0;8;121;1;1;88
JE;36050090004;Conhecimento;202412;4;0;0;8;111;1;0;93
JE;36050090004;Conhecimento;202501;0;0;0;7;101;1;0;89
JE;36050090004;Conhecimento;202502;5;1;0;15;96;2;0;93
JE;36050090004;Conhecimento;202503;4;0;1;12;99;2;1;95
JE;36050090004;Conhecimento;202504;9;0;0;5;92;2;1;97
JE;36050090004;Conhecimento;202505;15;1;0;7;86;3;1;102
JE;36050090004;Conhecimento;202506;34;0;0;11;111;3;1;106
JE;36050090004;Conhecimento;202507;23;0;0;3;122;3;1;98
JE;36050090004;Conhecimento;202508;4;0;0;8;118;3;1;99
JE;36050090004;Conhecimento;202509;3;0;0;6;120;3;1;94
JE;36050090004;Conhecimento;202510;8;0;1;8;121;2;2;98
JE;36050090004;Conhecimento;202511;3;1;0;15;112;3;2;105
JE;36050090004;Conhecimento;202512;19;0;0;8;127;3;2;105
JE;36050090004;Conhecimento;202601;0;0;0;11;127;3;2;109
JE;36050090004;Conhecimento;202602;1;0;0;15;123;2;2;109
JE;36050090004;Conhecimento;202603;13;0;0;10;132;2;1;107
JE;36050090004;Conhecimento;202604;17;0;0;3;140;2;1;105
JE;36050090004;Conhecimento;202605;13;0;0;11;138;1;1;109
JE;36050090004;Conhecimento;202606;5;0;0;11;109;1;1;109
JE;36080110001;Execução Judicial;202307;0;0;1;0;0;0;1;0
JE;36080110001;Conhecimento;202308;0;0;1;0;0;0;1;0
JE;36080110001;Conhecimento;202309;0;0;0;1;0;0;1;1
JE;36080110001;Conhecimento;202310;0;0;1;0;0;0;2;1
JE;36080110001;Conhecimento;202402;0;2;0;0;0;2;2;1
JE;36080110001;Conhecimento;202404;0;0;2;0;0;2;4;1
JE;36080110001;Conhecimento;202405;0;0;1;1;0;2;5;2
JE;36080110001;Conhecimento;202410;0;0;0;1;0;2;3;2
JE;36080110001;Conhecimento;202411;0;0;0;1;0;2;3;3
JE;36080110001;Conhecimento;202501;0;1;2;0;0;3;5;3
JE;36080110001;Conhecimento;202504;0;0;2;2;0;1;5;5
JE;36080110001;Conhecimento;202512;0;0;1;1;0;1;5;3
JE;36080110001;Conhecimento;202602;0;0;0;1;0;0;3;4
JE;36080110001;Conhecimento;202603;0;0;1;0;0;0;4;4
JE;36080110003;Conhecimento;202301;18;0;0;26;18;0;0;26
JE;36080110003;Execução Judicial;202301;3;1;0;5;3;1;0;5
JE;36080110003;Execução de Título Extrajudicial;202301;0;0;0;1;0;0;0;1
JE;36080110003;Execução de Título Extrajudicial;202302;0;0;0;0;0;0;0;1
JE;36080110003;Conhecimento;202302;3;0;0;23;21;0;0;49
JE;36080110003;Execução Judicial;202302;0;0;0;0;3;1;0;5
JE;36080110003;Conhecimento;202303;7;0;0;47;28;0;0;96
JE;36080110003;Execução Judicial;202303;0;0;0;0;3;1;0;5
JE;36080110003;Execução de Título Extrajudicial;202303;0;0;0;0;0;0;0;1
JE;36080110003;Execução de Título Extrajudicial;202304;1;0;0;0;1;0;0;1
JE;36080110003;Execução Judicial;202304;2;0;0;5;5;1;0;10
JE;36080110003;Conhecimento;202304;38;0;0;42;66;0;0;138
JE;36080110003;Conhecimento;202305;6;1;0;36;72;1;0;174
JE;36080110003;Execução Judicial;202305;0;0;0;1;5;1;0;11
JE;36080110003;Execução de Título Extrajudicial;202305;0;0;0;0;1;0;0;1
JE;36080110003;Execução de Título Extrajudicial;202306;0;0;0;1;1;0;0;2
JE;36080110003;Execução Judicial;202306;0;0;0;6;5;1;0;17
JE;36080110003;Conhecimento;202306;7;1;1;44;79;2;1;218
JE;36080110003;Execução de Título Extrajudicial;202307;0;0;0;0;1;0;0;2
JE;36080110003;Conhecimento;202307;54;0;1;44;133;2;2;262
JE;36080110003;Execução Judicial;202307;0;1;0;3;5;2;0;20
JE;36080110003;Execução de Título Extrajudicial;202308;1;0;0;0;2;0;0;2
JE;36080110003;Conhecimento;202308;53;1;0;27;186;3;2;289
JE;36080110003;Execução Judicial;202308;0;0;0;7;5;2;0;27
JE;36080110003;Execução Judicial;202309;1;0;0;3;6;2;0;30
JE;36080110003;Execução de Título Extrajudicial;202309;2;0;0;0;4;0;0;2
JE;36080110003;Conhecimento;202309;55;0;0;34;241;3;2;323
JE;36080110003;Execução de Título Extrajudicial;202310;3;0;0;0;7;0;0;2
JE;36080110003;Execução Judicial;202310;4;0;1;14;10;2;1;44
JE;36080110003;Conhecimento;202310;67;0;1;33;308;3;3;356
JE;36080110003;Execução Judicial;202311;1;0;0;7;11;2;1;51
JE;36080110003;Conhecimento;202311;43;0;2;32;351;3;5;388
JE;36080110003;Execução de Título Extrajudicial;202311;3;0;0;0;10;0;0;2
JE;36080110003;Execução de Título Extrajudicial;202312;0;0;0;1;10;0;0;3
JE;36080110003;Execução Judicial;202312;6;0;0;2;17;2;1;53
JE;36080110003;Conhecimento;202312;59;1;1;25;410;4;6;413
JE;36080110003;Execução de Título Extrajudicial;202401;0;0;0;0;10;0;0;2
JE;36080110003;Execução Judicial;202401;0;0;0;7;14;1;1;55
JE;36080110003;Conhecimento;202401;20;0;0;46;412;4;6;433
JE;36080110003;Execução de Título Extrajudicial;202402;0;0;0;0;10;0;0;2
JE;36080110003;Execução Judicial;202402;5;0;0;17;19;1;1;72
JE;36080110003;Conhecimento;202402;66;0;0;27;475;4;6;437
JE;36080110003;Execução de Título Extrajudicial;202403;0;0;0;0;10;0;0;2
JE;36080110003;Conhecimento;202403;51;0;2;34;519;4;8;424
JE;36080110003;Execução Judicial;202403;3;0;0;8;22;1;1;80
JE;36080110003;Execução de Título Extrajudicial;202404;0;0;0;1;9;0;0;3
JE;36080110003;Conhecimento;202404;69;0;0;53;550;4;8;435
JE;36080110003;Execução Judicial;202404;5;0;0;14;25;1;1;89
JE;36080110003;Execução Judicial;202405;6;0;0;9;31;1;1;97
JE;36080110003;Conhecimento;202405;55;2;0;68;599;5;8;467
JE;36080110003;Execução de Título Extrajudicial;202405;3;0;0;0;12;0;0;3
JE;36080110003;Execução de Título Extrajudicial;202406;0;0;0;1;12;0;0;3
JE;36080110003;Execução Judicial;202406;14;0;0;7;45;1;1;98
JE;36080110003;Conhecimento;202406;87;0;0;65;679;4;7;488
JE;36080110003;Conhecimento;202407;69;0;0;45;694;4;6;489
JE;36080110003;Execução Judicial;202407;7;0;1;12;52;0;2;107
JE;36080110003;Execução de Título Extrajudicial;202407;0;0;0;0;12;0;0;3
JE;36080110003;Execução Judicial;202408;9;0;0;13;61;0;2;113
JE;36080110003;Conhecimento;202408;48;0;0;32;689;3;6;494
JE;36080110003;Execução de Título Extrajudicial;202408;0;0;0;1;11;0;0;4
JE;36080110003;Conhecimento;202409;78;0;0;35;712;3;6;495
JE;36080110003;Execução Judicial;202409;3;0;0;6;63;0;2;116
JE;36080110003;Execução de Título Extrajudicial;202409;0;0;0;0;9;0;0;4
JE;36080110003;Execução de Título Extrajudicial;202410;2;0;0;3;8;0;0;7
JE;36080110003;Execução Judicial;202410;8;0;0;8;67;0;1;110
JE;36080110003;Conhecimento;202410;50;0;2;39;695;3;7;501
JE;36080110003;Execução de Título Extrajudicial;202411;0;0;0;0;5;0;0;7
JE;36080110003;Conhecimento;202411;50;0;0;35;702;3;5;504
JE;36080110003;Execução Judicial;202411;4;0;0;12;70;0;1;115
JE;36080110003;Execução de Título Extrajudicial;202412;1;0;0;0;6;0;0;6
JE;36080110003;Conhecimento;202412;27;0;0;18;670;2;4;497
JE;36080110003;Execução Judicial;202412;9;0;0;3;73;0;1;116
JE;36080110003;Execução de Título Extrajudicial;202501;0;0;0;1;6;0;0;7
JE;36080110003;Execução Judicial;202501;6;1;0;7;79;1;1;116
JE;36080110003;Conhecimento;202501;30;0;0;30;680;2;4;481
JE;36080110003;Conhecimento;202502;44;0;2;16;658;2;6;470
JE;36080110003;Execução de Título Extrajudicial;202502;0;0;0;0;6;0;0;7
JE;36080110003;Execução Judicial;202502;7;1;0;3;81;2;1;102
JE;36080110003;Conhecimento;202503;51;1;0;28;658;3;4;464
JE;36080110003;Execução de Título Extrajudicial;202503;0;0;0;1;6;0;0;8
JE;36080110003;Execução Judicial;202503;3;0;0;2;81;2;1;96
JE;36080110003;Conhecimento;202504;25;9;0;37;614;12;4;448
JE;36080110003;Execução de Título Extrajudicial;202504;1;0;0;3;7;0;0;10
JE;36080110003;Execução Judicial;202504;10;1;1;6;86;3;2;88
JE;36080110003;Conhecimento;202505;4;3;0;43;563;13;4;423
JE;36080110003;Execução Judicial;202505;2;0;0;1;82;3;2;80
JE;36080110003;Execução de Título Extrajudicial;202505;0;0;0;0;4;0;0;10
JE;36080110003;Execução Judicial;202506;9;1;0;8;77;4;2;81
JE;36080110003;Execução de Título Extrajudicial;202506;1;0;0;0;5;0;0;9
JE;36080110003;Conhecimento;202506;66;4;0;42;542;17;4;400
JE;36080110003;Execução Judicial;202507;12;0;0;2;82;4;1;71
JE;36080110003;Execução de Título Extrajudicial;202507;1;0;0;0;6;0;0;9
JE;36080110003;Conhecimento;202507;48;9;4;37;521;26;8;392
JE;36080110003;Conhecimento;202508;28;0;3;52;501;26;11;412
JE;36080110003;Execução Judicial;202508;2;0;0;4;75;4;1;62
JE;36080110003;Execução de Título Extrajudicial;202508;0;0;0;0;6;0;0;8
JE;36080110003;Execução de Título Extrajudicial;202509;0;0;0;1;6;0;0;9
JE;36080110003;Execução Judicial;202509;8;0;0;2;80;4;1;58
JE;36080110003;Conhecimento;202509;57;0;0;54;480;26;11;431
JE;36080110003;Execução Judicial;202510;13;0;0;0;85;4;1;50
JE;36080110003;Execução de Título Extrajudicial;202510;1;0;1;0;5;0;1;6
JE;36080110003;Conhecimento;202510;132;0;0;50;562;26;9;442
JE;36080110003;Execução Judicial;202511;2;0;0;3;83;4;1;41
JE;36080110003;Execução de Título Extrajudicial;202511;1;0;0;1;6;0;1;7
JE;36080110003;Conhecimento;202511;54;0;0;31;566;26;9;438
JE;36080110003;Execução Judicial;202512;4;0;0;8;78;4;1;46
JE;36080110003;Execução de Título Extrajudicial;202512;1;0;0;5;6;0;1;12
JE;36080110003;Conhecimento;202512;55;0;1;19;594;26;10;439
JE;36080110003;Execução Judicial;202601;2;0;0;7;74;3;1;46
JE;36080110003;Conhecimento;202601;20;1;0;45;584;27;10;454
JE;36080110003;Execução de Título Extrajudicial;202601;1;0;0;2;7;0;1;13
JE;36080110003;Conhecimento;202602;58;0;0;40;598;27;8;478
JE;36080110003;Execução Judicial;202602;4;0;0;15;71;2;1;58
JE;36080110003;Execução de Título Extrajudicial;202602;1;0;0;0;8;0;1;13
JE;36080110003;Conhecimento;202603;55;0;0;50;602;26;8;500
JE;36080110003;Execução de Título Extrajudicial;202603;1;0;0;5;9;0;1;17
JE;36080110003;Execução Judicial;202603;8;0;0;18;76;2;1;74
JE;36080110003;Execução de Título Extrajudicial;202604;1;0;0;5;9;0;1;19
JE;36080110003;Conhecimento;202604;57;0;0;36;634;17;8;499
JE;36080110003;Execução Judicial;202604;5;0;0;14;71;1;0;82
JE;36080110003;Execução de Título Extrajudicial;202605;1;0;0;0;10;0;1;19
JE;36080110003;Execução Judicial;202605;8;0;0;21;77;1;0;102
JE;36080110003;Conhecimento;202605;41;0;0;36;671;14;8;492
JE;36080110003;Execução de Título Extrajudicial;202606;0;0;0;3;9;0;1;22
JE;36080110003;Conhecimento;202606;56;0;0;28;661;10;8;478
JE;36080110003;Execução Judicial;202606;6;0;0;13;74;0;0;107
JE;36080110005;Execução de Título Extrajudicial;202301;0;0;0;0;0;0;0;0
JE;36080110005;Execução Judicial;202301;0;0;0;3;0;0;0;3
JE;36080110005;Conhecimento;202301;0;0;0;2;0;0;0;2
JE;36080110005;Execução de Título Extrajudicial;202302;0;0;0;0;0;0;0;0
JE;36080110005;Conhecimento;202302;0;0;0;0;0;0;0;2
JE;36080110005;Execução Judicial;202302;0;0;0;6;0;0;0;9
JE;36080110005;Execução Judicial;202303;14;0;0;4;14;0;0;13
JE;36080110005;Execução de Título Extrajudicial;202303;1;0;0;0;1;0;0;0
JE;36080110005;Conhecimento;202303;1;0;0;2;1;0;0;4
JE;36080110005;Execução Judicial;202304;5;0;0;2;19;0;0;15
JE;36080110005;Conhecimento;202304;3;0;0;3;4;0;0;7
JE;36080110005;Execução de Título Extrajudicial;202304;1;0;0;0;2;0;0;0
JE;36080110005;Conhecimento;202305;0;0;1;3;4;0;1;10
JE;36080110005;Execução Judicial;202305;5;0;0;3;24;0;0;18
JE;36080110005;Execução de Título Extrajudicial;202305;0;0;0;0;2;0;0;0
JE;36080110005;Execução de Título Extrajudicial;202306;1;0;0;0;3;0;0;0
JE;36080110005;Conhecimento;202306;9;2;2;4;13;2;3;14
JE;36080110005;Execução Judicial;202306;10;0;0;1;34;0;0;19
JE;36080110005;Execução de Título Extrajudicial;202307;0;0;0;0;3;0;0;0
JE;36080110005;Conhecimento;202307;1;1;0;2;14;3;3;16
JE;36080110005;Execução Judicial;202307;0;0;0;2;34;0;0;21
JE;36080110005;Execução de Título Extrajudicial;202308;0;0;0;0;3;0;0;0
JE;36080110005;Conhecimento;202308;1;0;0;2;15;3;3;18
JE;36080110005;Execução Judicial;202308;5;0;0;3;39;0;0;24
JE;36080110005;Execução Judicial;202309;3;0;0;0;42;0;0;24
JE;36080110005;Execução de Título Extrajudicial;202309;0;0;0;0;3;0;0;0
JE;36080110005;Conhecimento;202309;6;0;0;4;21;3;3;22
JE;36080110005;Execução Judicial;202310;9;2;0;4;51;2;0;28
JE;36080110005;Conhecimento;202310;7;2;0;2;28;5;3;24
JE;36080110005;Execução de Título Extrajudicial;202310;0;0;0;0;3;0;0;0
JE;36080110005;Conhecimento;202311;2;2;0;5;30;7;3;29
JE;36080110005;Execução de Título Extrajudicial;202311;0;0;0;0;3;0;0;0
JE;36080110005;Execução Judicial;202311;5;0;0;11;56;2;0;39
JE;36080110005;Execução Judicial;202312;7;0;0;5;63;2;0;44
JE;36080110005;Execução de Título Extrajudicial;202312;0;0;0;0;3;0;0;0
JE;36080110005;Conhecimento;202312;6;1;0;1;36;8;3;30
JE;36080110005;Execução de Título Extrajudicial;202401;3;0;0;0;6;0;0;0
JE;36080110005;Execução Judicial;202401;4;0;0;1;67;2;0;42
JE;36080110005;Conhecimento;202401;4;0;0;1;40;8;3;29
JE;36080110005;Execução de Título Extrajudicial;202402;1;0;0;0;7;0;0;0
JE;36080110005;Execução Judicial;202402;38;0;0;4;105;2;0;40
JE;36080110005;Conhecimento;202402;10;0;2;5;50;8;5;34
JE;36080110005;Execução Judicial;202403;10;0;0;7;101;2;0;43
JE;36080110005;Execução de Título Extrajudicial;202403;0;0;0;0;6;0;0;0
JE;36080110005;Conhecimento;202403;6;2;0;2;55;10;5;34
JE;36080110005;Execução de Título Extrajudicial;202404;1;0;0;0;6;0;0;0
JE;36080110005;Conhecimento;202404;4;0;0;1;56;10;5;32
JE;36080110005;Execução Judicial;202404;16;0;0;10;112;2;0;51
JE;36080110005;Conhecimento;202405;8;1;1;2;64;11;5;31
JE;36080110005;Execução Judicial;202405;3;0;0;1;110;2;0;49
JE;36080110005;Execução de Título Extrajudicial;202405;2;0;0;0;8;0;0;0
JE;36080110005;Execução de Título Extrajudicial;202406;0;0;0;0;7;0;0;0
JE;36080110005;Execução Judicial;202406;16;0;0;3;116;2;0;51
JE;36080110005;Conhecimento;202406;8;0;0;4;63;9;3;31
JE;36080110005;Execução Judicial;202407;9;1;0;5;125;3;0;54
JE;36080110005;Conhecimento;202407;5;1;0;4;67;9;3;33
JE;36080110005;Execução de Título Extrajudicial;202407;1;0;0;0;8;0;0;0
JE;36080110005;Execução Judicial;202408;2;0;0;6;122;3;0;57
JE;36080110005;Execução de Título Extrajudicial;202408;0;0;0;0;8;0;0;0
JE;36080110005;Conhecimento;202408;4;0;1;3;70;9;4;34
JE;36080110005;Conhecimento;202409;5;1;0;1;69;10;4;31
JE;36080110005;Execução Judicial;202409;8;0;0;0;127;3;0;57
JE;36080110005;Execução de Título Extrajudicial;202409;0;0;0;0;8;0;0;0
JE;36080110005;Execução de Título Extrajudicial;202410;1;0;0;0;9;0;0;0
JE;36080110005;Conhecimento;202410;7;2;0;4;69;10;4;33
JE;36080110005;Execução Judicial;202410;23;0;0;6;141;1;0;59
JE;36080110005;Execução de Título Extrajudicial;202411;0;0;0;0;9;0;0;0
JE;36080110005;Execução Judicial;202411;5;0;0;0;141;1;0;48
JE;36080110005;Conhecimento;202411;3;0;0;3;70;8;4;31
JE;36080110005;Execução Judicial;202412;8;0;0;0;142;1;0;43
JE;36080110005;Conhecimento;202412;3;0;0;6;67;7;4;36
JE;36080110005;Execução de Título Extrajudicial;202412;1;0;0;0;10;0;0;0
JE;36080110005;Conhecimento;202501;1;0;0;17;64;7;4;52
JE;36080110005;Execução de Título Extrajudicial;202501;0;0;0;0;7;0;0;0
JE;36080110005;Execução Judicial;202501;2;0;0;3;140;1;0;45
JE;36080110005;Conhecimento;202502;1;2;0;13;55;9;2;60
JE;36080110005;Execução Judicial;202502;2;0;0;1;104;1;0;42
JE;36080110005;Execução de Título Extrajudicial;202502;0;0;0;0;6;0;0;0
JE;36080110005;Conhecimento;202503;7;0;0;15;56;7;2;73
JE;36080110005;Execução de Título Extrajudicial;202503;0;0;0;0;6;0;0;0
JE;36080110005;Execução Judicial;202503;5;0;0;4;99;1;0;39
JE;36080110005;Execução Judicial;202504;7;1;0;1;90;2;0;30
JE;36080110005;Conhecimento;202504;4;1;0;17;56;8;2;89
JE;36080110005;Execução de Título Extrajudicial;202504;0;0;0;0;5;0;0;0
JE;36080110005;Execução Judicial;202505;2;0;0;1;89;2;0;30
JE;36080110005;Conhecimento;202505;2;0;0;10;50;7;1;97
JE;36080110005;Execução de Título Extrajudicial;202505;0;0;0;0;3;0;0;0
JE;36080110005;Execução de Título Extrajudicial;202506;0;0;0;0;3;0;0;0
JE;36080110005;Execução Judicial;202506;1;0;0;1;74;2;0;28
JE;36080110005;Conhecimento;202506;5;0;0;2;47;7;1;95
JE;36080110005;Conhecimento;202507;4;4;0;16;46;10;1;107
JE;36080110005;Execução Judicial;202507;2;0;0;2;67;1;0;25
JE;36080110005;Execução de Título Extrajudicial;202507;1;0;0;0;3;0;0;0
JE;36080110005;Execução de Título Extrajudicial;202508;0;0;0;0;3;0;0;0
JE;36080110005;Execução Judicial;202508;0;0;0;2;65;1;0;21
JE;36080110005;Conhecimento;202508;3;3;0;5;45;13;0;109
JE;36080110005;Execução Judicial;202509;7;0;0;1;64;1;0;22
JE;36080110005;Execução de Título Extrajudicial;202509;1;0;0;0;4;0;0;0
JE;36080110005;Conhecimento;202509;14;0;0;3;54;12;0;111
JE;36080110005;Execução Judicial;202510;8;1;0;0;49;2;0;16
JE;36080110005;Conhecimento;202510;23;0;0;8;70;10;0;115
JE;36080110005;Conhecimento;202511;25;0;0;2;92;10;0;114
JE;36080110005;Execução Judicial;202511;0;0;0;0;44;2;0;16
JE;36080110005;Conhecimento;202512;21;2;0;3;110;12;0;111
JE;36080110005;Execução Judicial;202512;0;0;0;3;36;2;0;19
JE;36080110005;Execução Judicial;202601;6;0;0;2;40;2;0;18
JE;36080110005;Conhecimento;202601;5;0;0;0;114;12;0;94
JE;36080110005;Execução Judicial;202602;1;0;0;0;39;2;0;17
JE;36080110005;Conhecimento;202602;12;0;0;2;125;10;0;83
JE;36080110005;Conhecimento;202603;17;1;0;2;135;11;0;70
JE;36080110005;Execução Judicial;202603;17;0;0;3;51;2;0;16
JE;36080110005;Execução Judicial;202604;5;0;0;5;49;1;0;20
JE;36080110005;Conhecimento;202604;9;0;0;2;140;10;0;55
JE;36080110005;Execução de Título Extrajudicial;202604;1;0;0;0;3;0;0;0
JE;36080110005;Execução Judicial;202605;4;0;0;2;51;1;0;21
JE;36080110005;Conhecimento;202605;4;0;0;3;142;10;0;48
JE;36080110005;Execução Judicial;202606;2;0;0;1;52;1;0;21
JE;36080110005;Conhecimento;202606;0;0;0;1;137;10;0;47
JE;36090110002;Conhecimento;202302;0;0;0;2;0;0;0;2
JE;36090110002;Conhecimento;202303;1;0;0;0;1;0;0;2
JE;36090110002;Conhecimento;202305;1;0;2;1;2;0;2;3
JE;36090110002;Conhecimento;202306;0;0;1;0;2;0;3;3
JE;36090110002;Conhecimento;202402;0;0;0;1;2;0;3;2
JE;36090110002;Conhecimento;202403;0;1;0;0;1;1;3;2
JE;36090110002;Conhecimento;202404;0;0;1;0;1;1;4;2
JE;36090110002;Conhecimento;202406;0;0;0;1;0;1;1;2
JE;36090110002;Conhecimento;202410;0;0;1;1;0;1;2;3
JE;36090110002;Conhecimento;202411;0;0;0;0;0;1;2;3
JE;36090110002;Conhecimento;202412;2;1;1;0;2;2;3;3
JE;36090110002;Conhecimento;202502;0;0;1;1;2;2;4;3
JE;36090110002;Conhecimento;202503;0;0;1;0;2;1;5;3
JE;36090110002;Conhecimento;202504;0;0;1;0;2;1;5;3
JE;36090110002;Conhecimento;202506;0;0;1;2;2;1;6;4
JE;36090110002;Conhecimento;202509;0;0;1;0;2;1;7;4
JE;36090110002;Conhecimento;202510;0;0;1;0;2;1;7;3
JE;36090110004;Conhecimento;202301;3;0;0;8;3;0;0;8
JE;36090110004;Conhecimento;202302;10;0;0;16;13;0;0;24
JE;36090110004;Conhecimento;202303;21;0;0;0;34;0;0;24
JE;36090110004;Conhecimento;202304;18;0;0;1;52;0;0;25
JE;36090110004;Conhecimento;202305;14;2;0;3;66;2;0;28
JE;36090110004;Conhecimento;202306;7;2;1;0;73;4;1;28
JE;36090110004;Conhecimento;202307;13;0;0;2;86;4;1;30
JE;36090110004;Conhecimento;202308;14;0;0;9;100;4;1;39
JE;36090110004;Conhecimento;202309;9;0;0;3;109;4;1;42
JE;36090110004;Conhecimento;202310;17;0;0;1;126;4;1;43
JE;36090110004;Conhecimento;202311;1;0;0;9;127;4;1;52
JE;36090110004;Conhecimento;202312;11;0;0;0;138;4;1;52
JE;36090110004;Conhecimento;202401;5;0;0;1;140;4;1;45
JE;36090110004;Conhecimento;202402;9;0;0;29;139;4;1;58
JE;36090110004;Conhecimento;202403;5;0;1;0;123;4;2;58
JE;36090110004;Conhecimento;202404;4;1;0;5;109;5;2;62
JE;36090110004;Conhecimento;202405;2;0;0;5;97;3;2;64
JE;36090110004;Conhecimento;202406;4;0;0;17;94;1;1;81
JE;36090110004;Conhecimento;202407;15;0;0;6;96;1;1;85
JE;36090110004;Conhecimento;202408;15;0;0;5;97;1;1;81
JE;36090110004;Conhecimento;202409;0;0;0;3;88;1;1;81
JE;36090110004;Conhecimento;202410;11;0;0;7;82;1;1;87
JE;36090110004;Conhecimento;202411;17;0;0;2;98;1;1;80
JE;36090110004;Conhecimento;202412;11;1;0;4;98;2;1;84
JE;36090110004;Conhecimento;202501;3;0;0;3;96;2;1;86
JE;36090110004;Conhecimento;202502;8;1;0;2;95;3;1;59
JE;36090110004;Conhecimento;202503;5;1;0;7;95;4;0;66
JE;36090110004;Conhecimento;202504;8;1;0;12;99;4;0;73
JE;36090110004;Conhecimento;202505;13;0;0;4;110;4;0;72
JE;36090110004;Conhecimento;202506;10;1;0;6;116;5;0;61
JE;36090110004;Conhecimento;202507;3;0;0;6;104;5;0;61
JE;36090110004;Conhecimento;202508;16;0;0;4;105;5;0;60
JE;36090110004;Conhecimento;202509;0;1;0;8;105;6;0;65
JE;36090110004;Conhecimento;202510;11;1;0;1;105;7;0;59
JE;36090110004;Conhecimento;202511;3;0;0;7;91;7;0;64
JE;36090110004;Conhecimento;202512;4;0;1;5;84;6;1;65
JE;36090110004;Conhecimento;202601;0;0;1;4;81;6;2;66
JE;36090110004;Conhecimento;202602;1;0;0;3;74;5;2;67
JE;36090110004;Conhecimento;202603;6;0;0;5;75;4;2;65
JE;36090110004;Conhecimento;202604;9;2;0;6;76;5;2;59
JE;36090110004;Conhecimento;202605;8;0;0;4;71;5;2;59
JE;36090110004;Conhecimento;202606;3;0;0;4;64;4;2;57
JE;36120020001;Conhecimento;202307;0;0;0;1;0;0;0;1
JE;36120020001;Conhecimento;202308;0;0;1;0;0;0;1;1
JE;36120020001;Conhecimento;202405;0;0;1;3;0;0;2;4
JE;36120020001;Conhecimento;202406;0;0;1;0;0;0;3;4
JE;36120020001;Conhecimento;202407;0;0;1;0;0;0;4;3
JE;36120020001;Conhecimento;202411;0;0;0;1;0;0;3;4
JE;36120020001;Conhecimento;202412;0;0;1;0;0;0;4;4
JE;36120020001;Conhecimento;202501;0;0;1;1;0;0;5;5
JE;36120020001;Conhecimento;202504;0;0;0;1;0;0;5;6
JE;36120020001;Conhecimento;202505;0;0;3;4;0;0;7;7
JE;36120020001;Conhecimento;202506;0;0;4;3;0;0;10;10
JE;36120020001;Execução Judicial;202507;0;0;0;1;0;0;0;1
JE;36120020001;Conhecimento;202507;0;0;1;1;0;0;10;11
JE;36120020001;Conhecimento;202509;0;0;1;0;0;0;11;11
JE;36120020001;Execução Judicial;202510;0;0;1;0;0;0;1;1
JE;36120020001;Execução Judicial;202601;0;0;0;1;0;0;1;2
JE;36120020001;Execução Judicial;202602;0;0;1;0;0;0;2;2
JE;36120020001;Conhecimento;202605;0;1;0;0;0;1;6;4
JE;36120020001;Conhecimento;202606;0;0;1;0;0;1;3;1
JE;36130020002;Conhecimento;202301;0;0;13;1;0;0;13;1
JE;36130020002;Conhecimento;202302;0;0;0;2;0;0;13;3
JE;36130020002;Conhecimento;202303;0;0;2;1;0;0;15;4
JE;36130020002;Conhecimento;202304;0;0;1;1;0;0;16;5
JE;36130020002;Conhecimento;202305;0;0;3;3;0;0;19;8
JE;36130020002;Conhecimento;202306;0;0;1;1;0;0;20;9
JE;36130020002;Conhecimento;202307;0;1;1;2;0;1;21;11
JE;36130020002;Conhecimento;202308;0;0;1;0;0;1;22;11
JE;36130020002;Conhecimento;202309;0;0;0;7;0;1;22;18
JE;36130020002;Conhecimento;202310;0;0;10;1;0;1;32;19
JE;36130020002;Conhecimento;202311;0;0;0;2;0;1;32;21
JE;36130020002;Conhecimento;202312;0;0;2;3;0;1;34;24
JE;36130020002;Conhecimento;202401;0;0;2;1;0;1;23;24
JE;36130020002;Conhecimento;202402;0;0;4;37;0;1;27;59
JE;36130020002;Conhecimento;202403;0;0;10;0;0;1;35;58
JE;36130020002;Conhecimento;202404;0;1;1;14;0;2;35;71
JE;36130020002;Conhecimento;202405;0;1;47;12;0;3;79;80
JE;36130020002;Conhecimento;202406;1;1;8;4;1;4;86;83
JE;36130020002;Conhecimento;202407;0;0;3;1;1;3;88;82
JE;36130020002;Conhecimento;202409;0;0;0;4;1;3;87;79
JE;36130020002;Conhecimento;202410;0;0;0;5;1;3;77;83
JE;36130020002;Conhecimento;202412;0;1;1;2;1;4;76;80
JE;36130020002;Conhecimento;202501;0;0;4;1;1;4;78;80
JE;36130020002;Conhecimento;202502;0;0;5;0;1;4;79;43
JE;36130020002;Conhecimento;202503;0;0;7;4;1;4;76;47
JE;36130020002;Conhecimento;202504;0;0;1;2;1;3;76;35
JE;36130020002;Conhecimento;202505;0;2;4;1;1;4;33;24
JE;36130020002;Conhecimento;202506;0;1;2;1;0;4;27;21
JE;36130020002;Conhecimento;202508;0;0;4;2;0;4;28;22
JE;36130020002;Conhecimento;202509;0;0;0;1;0;4;28;19
JE;36130020002;Conhecimento;202510;1;0;2;1;1;4;30;15
JE;36130020002;Conhecimento;202511;0;0;2;4;1;4;32;19
JE;36130020002;Execução Judicial;202512;0;0;0;1;0;0;0;1
JE;36130020002;Conhecimento;202601;0;0;0;2;1;3;27;18
JE;36130020002;Execução Judicial;202602;0;1;0;0;0;1;0;1
JE;36130020002;Conhecimento;202602;0;0;1;0;1;3;23;18
JE;36130020002;Conhecimento;202603;0;0;1;0;1;3;17;14
JE;36130020002;Execução Judicial;202604;0;0;1;1;0;1;1;2
JE;36130020002;Conhecimento;202604;0;0;1;0;1;3;17;12
JE;36130020002;Conhecimento;202605;0;0;1;0;1;1;14;11
JE;36130020002;Conhecimento;202606;0;0;1;0;1;0;13;10
JE;36130020002;Execução Judicial;202606;0;0;2;0;0;1;3;2
JE;36140020003;Conhecimento;202302;0;0;1;0;0;0;1;0
JE;36140020003;Conhecimento;202303;0;0;2;1;0;0;3;1
JE;36140020003;Conhecimento;202305;0;0;1;0;0;0;4;1
JE;36140020003;Conhecimento;202306;0;0;0;1;0;0;4;2
JE;36140020003;Conhecimento;202308;0;1;0;0;0;1;4;2
JE;36140020003;Conhecimento;202309;0;1;1;0;0;2;5;2
JE;36140020003;Conhecimento;202310;0;1;0;0;0;3;5;2
JE;36140020003;Conhecimento;202311;0;1;0;1;0;4;5;3
JE;36140020003;Conhecimento;202401;0;0;1;0;0;4;6;3
JE;36140020003;Conhecimento;202402;0;0;0;1;0;4;5;4
JE;36140020003;Conhecimento;202403;0;0;1;0;0;4;4;3
JE;36140020003;Conhecimento;202404;0;0;1;0;0;4;5;3
JE;36140020003;Conhecimento;202405;0;0;0;0;0;4;4;3
JE;36140020003;Conhecimento;202406;0;0;0;1;0;4;4;3
JE;36140020003;Conhecimento;202407;0;0;1;0;0;4;5;3
JE;36140020003;Conhecimento;202408;0;1;0;0;0;4;5;3
JE;36140020003;Conhecimento;202410;0;1;0;0;0;3;4;3
JE;36140020003;Conhecimento;202411;0;0;1;0;0;2;5;2
JE;36140020003;Conhecimento;202412;0;0;1;0;0;2;6;2
JE;36140020003;Conhecimento;202501;0;0;0;0;0;2;5;2
JE;36140020003;Conhecimento;202502;0;0;0;0;0;2;5;1
JE;36140020003;Conhecimento;202503;0;0;0;0;0;2;4;1
JE;36140020003;Conhecimento;202504;0;0;0;0;0;2;3;1
JE;36140020003;Conhecimento;202505;1;0;1;0;1;2;4;1
JE;36140020003;Conhecimento;202506;0;0;0;0;1;2;4;0
JE;36140020003;Conhecimento;202507;0;1;1;0;1;3;4;0
JE;36140020003;Conhecimento;202508;0;0;0;1;1;2;4;1
JE;36140020003;Conhecimento;202509;0;1;2;0;1;3;6;1
JE;36140020003;Conhecimento;202510;0;1;0;0;1;3;6;1
JE;36140020003;Conhecimento;202603;0;0;1;0;1;3;5;1
JE;36140020003;Conhecimento;202605;0;1;1;0;0;4;5;1
JE;36140020003;Conhecimento;202606;0;0;1;0;0;4;6;1
JE;36140020006;Conhecimento;202301;1;1;0;26;1;1;0;26
JE;36140020006;Conhecimento;202302;4;1;0;18;5;2;0;44
JE;36140020006;Conhecimento;202303;24;2;0;24;29;4;0;68
JE;36140020006;Conhecimento;202304;50;0;0;24;79;4;0;92
JE;36140020006;Conhecimento;202305;11;3;1;38;90;7;1;130
JE;36140020006;Conhecimento;202306;22;0;1;17;112;7;2;147
JE;36140020006;Conhecimento;202307;16;1;1;40;128;8;3;187
JE;36140020006;Conhecimento;202308;15;0;1;7;143;8;4;194
JE;36140020006;Conhecimento;202309;9;1;1;8;152;9;5;202
JE;36140020006;Conhecimento;202310;53;2;1;22;205;11;6;224
JE;36140020006;Conhecimento;202311;26;2;1;20;231;13;7;244
JE;36140020006;Conhecimento;202312;86;1;0;12;317;14;7;256
JE;36140020006;Conhecimento;202401;5;1;0;15;321;14;7;245
JE;36140020006;Conhecimento;202402;16;0;0;13;333;13;7;240
JE;36140020006;Conhecimento;202403;16;0;0;13;325;11;7;229
JE;36140020006;Conhecimento;202404;23;1;0;10;298;12;7;215
JE;36140020006;Conhecimento;202405;25;1;0;13;312;10;6;190
JE;36140020006;Conhecimento;202406;13;0;0;19;303;10;5;192
JE;36140020006;Conhecimento;202407;21;1;0;11;308;10;4;163
JE;36140020006;Conhecimento;202408;9;0;1;6;302;10;4;162
JE;36140020006;Conhecimento;202409;19;0;0;11;312;9;3;165
JE;36140020006;Conhecimento;202410;18;4;0;3;277;11;2;146
JE;36140020006;Conhecimento;202411;24;3;0;6;275;12;1;132
JE;36140020006;Conhecimento;202412;8;5;1;2;197;16;2;122
JE;36140020006;Conhecimento;202501;23;5;1;2;215;20;3;109
JE;36140020006;Conhecimento;202502;9;3;0;10;208;23;3;106
JE;36140020006;Conhecimento;202503;15;1;0;3;207;24;3;96
JE;36140020006;Conhecimento;202504;23;2;0;5;207;25;3;91
JE;36140020006;Conhecimento;202505;17;6;0;14;199;30;3;92
JE;36140020006;Conhecimento;202506;16;4;1;4;202;34;4;77
JE;36140020006;Conhecimento;202507;28;3;0;8;209;36;4;74
JE;36140020006;Conhecimento;202508;16;3;0;8;216;39;3;76
JE;36140020006;Conhecimento;202509;12;5;0;14;209;44;3;79
JE;36140020006;Conhecimento;202510;23;3;2;7;214;43;5;83
JE;36140020006;Conhecimento;202511;13;3;0;3;203;43;5;80
JE;36140020006;Conhecimento;202512;4;0;0;3;199;38;4;81
JE;36140020006;Conhecimento;202601;9;0;0;4;185;33;3;83
JE;36140020006;Conhecimento;202602;3;3;0;8;179;33;3;81
JE;36140020006;Conhecimento;202603;7;6;1;12;171;38;4;90
JE;36140020006;Conhecimento;202604;11;2;2;5;159;38;6;90
JE;36140020006;Conhecimento;202605;14;3;0;19;156;35;6;95
JE;36140020006;Conhecimento;202606;6;1;0;7;146;32;5;98
JE;36150020004;Conhecimento;202305;0;0;1;1;0;0;1;1
JE;36150020004;Conhecimento;202306;0;1;0;0;0;1;1;1
JE;36150020004;Conhecimento;202307;0;1;0;0;0;2;1;1
JE;36150020004;Conhecimento;202310;0;0;3;0;0;2;4;1
JE;36150020004;Conhecimento;202311;0;0;1;0;0;2;5;1
JE;36150020004;Conhecimento;202312;0;0;1;0;0;2;6;1
JE;36150020004;Conhecimento;202405;0;0;1;0;0;2;6;0
JE;36150020004;Conhecimento;202408;0;0;1;0;0;0;7;0
JE;36150020004;Conhecimento;202409;0;0;0;1;0;0;7;1
JE;36150020004;Conhecimento;202410;0;0;0;0;0;0;4;1
JE;36150020004;Conhecimento;202411;0;0;0;0;0;0;3;1
JE;36150020004;Conhecimento;202412;0;0;1;0;0;0;3;1
JE;36150020004;Conhecimento;202501;0;0;1;0;0;0;4;1
JE;36150020004;Conhecimento;202502;0;0;0;0;0;0;4;1
JE;36150020004;Conhecimento;202503;0;0;0;1;0;0;4;2
JE;36150020004;Conhecimento;202506;0;1;0;0;0;1;3;2
JE;36150020004;Conhecimento;202508;0;1;0;1;0;2;2;3
JE;36150020004;Conhecimento;202509;0;0;1;0;0;2;3;2
JE;36150020004;Conhecimento;202510;0;1;0;0;0;3;3;2
JE;36150020004;Conhecimento;202511;0;0;1;0;0;3;4;2
JE;36150020004;Conhecimento;202602;0;1;2;0;0;4;4;2
JE;36150020004;Conhecimento;202605;0;0;1;0;0;4;5;1
JE;36160020005;Execução de Título Extrajudicial;202301;0;0;0;0;0;0;0;0
JE;36160020005;Conhecimento;202301;46;2;0;105;46;2;0;105
JE;36160020005;Execução Judicial;202301;0;0;0;18;0;0;0;18
JE;36160020005;Execução de Título Extrajudicial;202302;3;0;0;0;3;0;0;0
JE;36160020005;Execução Judicial;202302;17;0;0;34;17;0;0;52
JE;36160020005;Conhecimento;202302;209;0;0;121;255;2;0;226
JE;36160020005;Execução de Título Extrajudicial;202303;0;0;0;2;3;0;0;2
JE;36160020005;Conhecimento;202303;113;4;1;280;368;6;1;506
JE;36160020005;Execução Judicial;202303;17;0;0;47;34;0;0;99
JE;36160020005;Execução Judicial;202304;40;0;0;26;74;0;0;125
JE;36160020005;Execução de Título Extrajudicial;202304;5;0;0;3;8;0;0;5
JE;36160020005;Conhecimento;202304;117;0;0;199;485;6;1;705
JE;36160020005;Execução Judicial;202305;27;0;0;47;101;0;0;172
JE;36160020005;Execução de Título Extrajudicial;202305;2;0;0;3;10;0;0;8
JE;36160020005;Conhecimento;202305;127;3;2;165;612;9;3;870
JE;36160020005;Conhecimento;202306;109;0;0;90;721;9;3;960
JE;36160020005;Execução Judicial;202306;38;0;0;40;139;0;0;212
JE;36160020005;Execução de Título Extrajudicial;202306;4;0;0;0;14;0;0;8
JE;36160020005;Execução Judicial;202307;27;0;0;24;166;0;0;236
JE;36160020005;Execução de Título Extrajudicial;202307;1;0;0;1;15;0;0;9
JE;36160020005;Conhecimento;202307;168;0;0;100;889;9;3;1060
JE;36160020005;Conhecimento;202308;75;0;3;109;964;9;6;1169
JE;36160020005;Execução de Título Extrajudicial;202308;1;0;0;2;16;0;0;11
JE;36160020005;Execução Judicial;202308;25;0;0;16;191;0;0;252
JE;36160020005;Execução de Título Extrajudicial;202309;1;0;0;1;17;0;0;12
JE;36160020005;Conhecimento;202309;144;0;0;139;1108;9;6;1308
JE;36160020005;Execução Judicial;202309;39;0;0;22;230;0;0;274
JE;36160020005;Execução Judicial;202310;34;0;0;42;264;0;0;316
JE;36160020005;Execução de Título Extrajudicial;202310;0;0;0;2;17;0;0;14
JE;36160020005;Conhecimento;202310;178;4;0;128;1286;13;6;1436
JE;36160020005;Execução de Título Extrajudicial;202311;1;0;0;54;18;0;0;68
JE;36160020005;Execução Judicial;202311;22;0;0;22;286;0;0;338
JE;36160020005;Conhecimento;202311;135;0;0;120;1421;13;6;1556
JE;36160020005;Execução Judicial;202312;35;0;0;14;321;0;0;352
JE;36160020005;Execução de Título Extrajudicial;202312;4;0;0;11;22;0;0;79
JE;36160020005;Conhecimento;202312;115;5;0;40;1536;18;6;1596
JE;36160020005;Conhecimento;202401;88;0;0;117;1578;16;6;1608
JE;36160020005;Execução de Título Extrajudicial;202401;4;0;0;30;26;0;0;109
JE;36160020005;Execução Judicial;202401;18;0;0;42;339;0;0;376
JE;36160020005;Execução Judicial;202402;21;1;0;25;343;1;0;367
JE;36160020005;Conhecimento;202402;200;1;0;127;1569;17;6;1614
JE;36160020005;Execução de Título Extrajudicial;202402;1;0;0;4;24;0;0;113
JE;36160020005;Execução Judicial;202403;31;0;0;45;357;1;0;365
JE;36160020005;Execução de Título Extrajudicial;202403;89;0;0;2;113;0;0;113
JE;36160020005;Conhecimento;202403;113;1;0;122;1569;14;5;1456
JE;36160020005;Execução Judicial;202404;42;0;0;12;359;1;0;351
JE;36160020005;Conhecimento;202404;138;4;2;142;1590;18;7;1399
JE;36160020005;Execução de Título Extrajudicial;202404;5;0;0;2;113;0;0;112
JE;36160020005;Conhecimento;202405;165;0;1;98;1628;15;6;1332
JE;36160020005;Execução Judicial;202405;35;0;0;39;367;1;0;343
JE;36160020005;Execução de Título Extrajudicial;202405;1;0;0;0;112;0;0;109
JE;36160020005;Conhecimento;202406;105;0;0;122;1624;15;6;1364
JE;36160020005;Execução de Título Extrajudicial;202406;0;0;0;0;108;0;0;109
JE;36160020005;Execução Judicial;202406;28;0;0;55;357;1;0;358
JE;36160020005;Execução Judicial;202407;29;0;0;17;359;1;0;351
JE;36160020005;Conhecimento;202407;201;4;0;130;1657;19;6;1394
JE;36160020005;Execução de Título Extrajudicial;202407;6;0;0;1;113;0;0;109
JE;36160020005;Conhecimento;202408;98;0;1;114;1680;19;4;1399
JE;36160020005;Execução Judicial;202408;33;0;0;6;367;1;0;341
JE;36160020005;Execução de Título Extrajudicial;202408;0;0;0;0;112;0;0;107
JE;36160020005;Execução Judicial;202409;27;0;0;5;355;1;0;324
JE;36160020005;Conhecimento;202409;101;0;0;122;1637;19;4;1382
JE;36160020005;Execução de Título Extrajudicial;202409;2;0;0;4;113;0;0;110
JE;36160020005;Conhecimento;202410;168;1;0;107;1627;16;4;1361
JE;36160020005;Execução de Título Extrajudicial;202410;1;0;0;6;114;0;0;114
JE;36160020005;Execução Judicial;202410;36;0;0;42;357;1;0;324
JE;36160020005;Execução Judicial;202411;21;0;0;38;356;1;0;340
JE;36160020005;Execução de Título Extrajudicial;202411;3;0;0;0;116;0;0;60
JE;36160020005;Conhecimento;202411;161;0;0;133;1653;16;4;1374
JE;36160020005;Conhecimento;202412;139;0;0;77;1677;11;4;1411
JE;36160020005;Execução Judicial;202412;37;0;0;5;358;1;0;331
JE;36160020005;Execução de Título Extrajudicial;202412;3;0;0;1;115;0;0;50
JE;36160020005;Conhecimento;202501;60;1;0;101;1649;12;4;1395
JE;36160020005;Execução de Título Extrajudicial;202501;0;0;0;0;111;0;0;20
JE;36160020005;Execução Judicial;202501;22;0;0;37;362;1;0;326
JE;36160020005;Execução de Título Extrajudicial;202502;2;0;0;14;112;0;0;30
JE;36160020005;Conhecimento;202502;111;2;0;88;1560;13;4;1356
JE;36160020005;Execução Judicial;202502;27;0;0;15;368;0;0;316
JE;36160020005;Conhecimento;202503;96;1;1;104;1543;13;5;1338
JE;36160020005;Execução de Título Extrajudicial;202503;1;0;0;23;24;0;0;51
JE;36160020005;Execução Judicial;202503;27;0;0;34;364;0;0;305
JE;36160020005;Execução de Título Extrajudicial;202504;7;0;0;23;26;0;0;72
JE;36160020005;Execução Judicial;202504;21;0;0;14;343;0;0;307
JE;36160020005;Conhecimento;202504;87;1;0;118;1492;10;3;1314
JE;36160020005;Execução de Título Extrajudicial;202505;20;0;0;19;45;0;0;91
JE;36160020005;Execução Judicial;202505;22;0;0;46;330;0;0;314
JE;36160020005;Conhecimento;202505;106;0;0;110;1433;10;2;1326
JE;36160020005;Execução Judicial;202506;57;0;0;48;359;0;0;307
JE;36160020005;Execução de Título Extrajudicial;202506;26;8;0;4;71;8;0;95
JE;36160020005;Conhecimento;202506;207;1;0;113;1535;11;2;1317
JE;36160020005;Conhecimento;202507;254;4;0;152;1588;11;2;1339
JE;36160020005;Execução Judicial;202507;68;0;0;40;398;0;0;330
JE;36160020005;Execução de Título Extrajudicial;202507;30;0;0;2;95;8;0;96
JE;36160020005;Conhecimento;202508;64;1;0;192;1554;12;1;1417
JE;36160020005;Execução de Título Extrajudicial;202508;5;0;0;2;100;8;0;98
JE;36160020005;Execução Judicial;202508;12;0;0;13;377;0;0;337
JE;36160020005;Execução Judicial;202509;73;0;0;75;423;0;0;407
JE;36160020005;Execução de Título Extrajudicial;202509;4;0;0;2;102;8;0;96
JE;36160020005;Conhecimento;202509;261;1;0;195;1714;13;1;1490
JE;36160020005;Conhecimento;202510;163;0;0;127;1709;12;1;1510
JE;36160020005;Execução Judicial;202510;51;1;0;13;438;1;0;378
JE;36160020005;Execução de Título Extrajudicial;202510;3;0;0;10;104;8;0;100
JE;36160020005;Execução de Título Extrajudicial;202511;1;0;0;3;102;8;0;103
JE;36160020005;Conhecimento;202511;128;2;0;101;1676;14;1;1478
JE;36160020005;Execução Judicial;202511;39;0;0;88;456;1;0;428
JE;36160020005;Execução de Título Extrajudicial;202512;2;0;0;1;101;8;0;103
JE;36160020005;Execução Judicial;202512;24;0;0;34;443;1;0;457
JE;36160020005;Conhecimento;202512;128;0;0;111;1665;14;1;1512
JE;36160020005;Execução Judicial;202601;34;1;0;22;455;2;0;442
JE;36160020005;Execução de Título Extrajudicial;202601;3;1;0;6;104;9;0;109
JE;36160020005;Conhecimento;202601;81;1;0;92;1686;14;1;1503
JE;36160020005;Execução Judicial;202602;46;0;0;35;474;2;0;462
JE;36160020005;Conhecimento;202602;135;0;0;103;1710;12;1;1518
JE;36160020005;Execução de Título Extrajudicial;202602;3;0;0;1;105;9;0;96
JE;36160020005;Execução de Título Extrajudicial;202603;7;0;0;7;111;9;0;80
JE;36160020005;Execução Judicial;202603;55;0;0;44;502;2;0;472
JE;36160020005;Conhecimento;202603;141;0;0;186;1755;11;0;1600
JE;36160020005;Conhecimento;202604;128;1;1;122;1796;11;1;1604
JE;36160020005;Execução Judicial;202604;41;1;0;25;522;3;0;483
JE;36160020005;Execução de Título Extrajudicial;202604;6;0;0;8;110;9;0;65
JE;36160020005;Execução de Título Extrajudicial;202605;2;0;0;3;92;9;0;49
JE;36160020005;Execução Judicial;202605;39;1;0;37;539;4;0;474
JE;36160020005;Conhecimento;202605;100;0;0;100;1790;11;1;1594
JE;36160020005;Execução de Título Extrajudicial;202606;4;0;0;4;70;1;0;49
JE;36160020005;Conhecimento;202606;130;1;0;76;1713;11;1;1557
JE;36160020005;Execução Judicial;202606;46;1;1;44;528;5;1;470
JE;36160020009;Conhecimento;202301;65;13;0;4;65;13;0;4
JE;36160020009;Execução Judicial;202301;4;0;0;13;4;0;0;13
JE;36160020009;Execução de Título Extrajudicial;202301;0;0;0;0;0;0;0;0
JE;36160020009;Execução Judicial;202302;23;0;0;5;27;0;0;18
JE;36160020009;Conhecimento;202302;57;0;0;4;122;13;0;8
JE;36160020009;Execução de Título Extrajudicial;202302;0;0;0;0;0;0;0;0
JE;36160020009;Execução de Título Extrajudicial;202303;0;0;0;0;0;0;0;0
JE;36160020009;Conhecimento;202303;72;3;0;9;194;16;0;17
JE;36160020009;Execução Judicial;202303;75;0;0;23;102;0;0;41
JE;36160020009;Conhecimento;202304;34;1;0;6;228;17;0;23
JE;36160020009;Execução de Título Extrajudicial;202304;0;0;0;0;0;0;0;0
JE;36160020009;Execução Judicial;202304;26;1;0;7;128;1;0;48
JE;36160020009;Conhecimento;202305;31;3;0;8;259;20;0;31
JE;36160020009;Execução Judicial;202305;43;0;0;10;171;1;0;58
JE;36160020009;Execução de Título Extrajudicial;202305;0;0;0;0;0;0;0;0
JE;36160020009;Conhecimento;202306;103;1;0;7;362;21;0;38
JE;36160020009;Execução de Título Extrajudicial;202306;0;0;0;0;0;0;0;0
JE;36160020009;Execução Judicial;202306;18;0;0;16;189;1;0;74
JE;36160020009;Conhecimento;202307;126;1;0;9;488;22;0;47
JE;36160020009;Execução Judicial;202307;6;0;0;23;195;1;0;97
JE;36160020009;Execução de Título Extrajudicial;202307;0;0;0;0;0;0;0;0
JE;36160020009;Execução de Título Extrajudicial;202308;1;0;0;0;1;0;0;0
JE;36160020009;Conhecimento;202308;13;4;0;4;501;26;0;51
JE;36160020009;Execução Judicial;202308;17;0;0;14;212;1;0;111
JE;36160020009;Execução de Título Extrajudicial;202309;0;0;0;0;1;0;0;0
JE;36160020009;Conhecimento;202309;38;1;0;12;539;27;0;63
JE;36160020009;Execução Judicial;202309;62;0;0;13;274;1;0;124
JE;36160020009;Execução Judicial;202310;49;0;0;40;323;1;0;164
JE;36160020009;Execução de Título Extrajudicial;202310;0;0;0;0;1;0;0;0
JE;36160020009;Conhecimento;202310;134;9;0;6;673;36;0;69
JE;36160020009;Conhecimento;202311;140;0;0;11;813;36;0;80
JE;36160020009;Execução Judicial;202311;25;0;0;12;348;1;0;176
JE;36160020009;Execução de Título Extrajudicial;202311;0;0;0;0;1;0;0;0
JE;36160020009;Execução de Título Extrajudicial;202312;2;0;0;0;3;0;0;0
JE;36160020009;Execução Judicial;202312;49;0;0;2;397;1;0;178
JE;36160020009;Conhecimento;202312;2;2;0;29;815;38;0;109
JE;36160020009;Conhecimento;202401;13;2;0;10;763;27;0;115
JE;36160020009;Execução Judicial;202401;12;0;0;42;405;1;0;207
JE;36160020009;Execução Judicial;202402;10;0;1;22;392;1;1;224
JE;36160020009;Execução de Título Extrajudicial;202402;1;0;0;1;4;0;0;1
JE;36160020009;Conhecimento;202402;33;3;0;20;739;30;0;131
JE;36160020009;Conhecimento;202403;80;10;0;10;747;37;0;132
JE;36160020009;Execução de Título Extrajudicial;202403;0;0;0;0;4;0;0;1
JE;36160020009;Execução Judicial;202403;18;1;0;6;335;2;1;207
JE;36160020009;Conhecimento;202404;22;3;0;22;735;39;0;148
JE;36160020009;Execução de Título Extrajudicial;202404;0;0;0;0;4;0;0;1
JE;36160020009;Execução Judicial;202404;7;0;0;6;316;1;1;206
JE;36160020009;Execução Judicial;202405;4;0;0;15;277;1;1;211
JE;36160020009;Conhecimento;202405;19;48;0;3;723;84;0;143
JE;36160020009;Execução Judicial;202406;11;0;0;11;270;1;1;206
JE;36160020009;Conhecimento;202406;11;8;0;10;631;91;0;146
JE;36160020009;Execução Judicial;202407;36;0;0;27;300;1;1;210
JE;36160020009;Conhecimento;202407;11;4;0;9;516;94;0;146
JE;36160020009;Execução Judicial;202408;10;0;0;5;293;1;1;201
JE;36160020009;Conhecimento;202408;10;0;0;7;513;90;0;149
JE;36160020009;Conhecimento;202409;10;0;0;6;485;89;0;143
JE;36160020009;Execução Judicial;202409;32;0;0;5;263;1;1;193
JE;36160020009;Conhecimento;202410;56;0;0;7;407;80;0;144
JE;36160020009;Execução Judicial;202410;28;0;0;9;242;1;1;162
JE;36160020009;Conhecimento;202411;15;0;0;4;282;80;0;137
JE;36160020009;Execução Judicial;202411;13;0;0;8;230;1;1;158
JE;36160020009;Execução Judicial;202412;2;0;0;7;183;1;1;163
JE;36160020009;Conhecimento;202412;32;1;0;8;312;79;0;116
JE;36160020009;Execução Judicial;202501;26;0;0;9;197;1;1;130
JE;36160020009;Conhecimento;202501;19;4;0;4;318;81;0;110
JE;36160020009;Conhecimento;202502;21;5;0;18;306;83;0;108
JE;36160020009;Execução Judicial;202502;31;0;0;3;218;1;0;111
JE;36160020009;Execução Judicial;202503;1;0;0;11;201;0;0;116
JE;36160020009;Conhecimento;202503;22;7;0;8;248;80;0;106
JE;36160020009;Execução Judicial;202504;49;0;0;5;243;0;0;115
JE;36160020009;Conhecimento;202504;15;1;0;7;241;78;0;91
JE;36160020009;Conhecimento;202505;12;6;1;8;234;36;1;96
JE;36160020009;Execução Judicial;202505;15;0;0;3;254;0;0;103
JE;36160020009;Execução Judicial;202506;16;0;0;6;259;0;0;98
JE;36160020009;Conhecimento;202506;20;4;2;14;243;32;3;100
JE;36160020009;Conhecimento;202507;32;1;0;11;264;29;3;102
JE;36160020009;Execução Judicial;202507;18;0;0;17;241;0;0;88
JE;36160020009;Conhecimento;202508;0;3;0;14;254;32;3;109
JE;36160020009;Execução Judicial;202508;0;0;0;4;231;0;0;87
JE;36160020009;Conhecimento;202509;34;0;0;10;278;32;3;113
JE;36160020009;Execução Judicial;202509;8;0;0;6;207;0;0;88
JE;36160020009;Conhecimento;202510;18;2;0;21;240;34;3;127
JE;36160020009;Execução Judicial;202510;27;0;0;0;206;0;0;79
JE;36160020009;Conhecimento;202511;6;2;0;13;231;36;3;136
JE;36160020009;Execução Judicial;202511;25;0;0;3;218;0;0;74
JE;36160020009;Conhecimento;202512;11;0;0;6;210;35;3;134
JE;36160020009;Execução Judicial;202512;15;0;0;7;231;0;0;74
JE;36160020009;Execução Judicial;202601;2;0;1;3;207;0;1;68
JE;36160020009;Conhecimento;202601;8;0;1;11;199;31;4;141
JE;36160020009;Execução Judicial;202602;10;0;0;9;186;0;1;74
JE;36160020009;Conhecimento;202602;19;1;0;6;197;27;4;129
JE;36160020009;Conhecimento;202603;20;1;0;15;195;21;4;136
JE;36160020009;Execução Judicial;202603;12;1;0;18;197;1;1;81
JE;36160020009;Conhecimento;202604;12;1;0;20;192;21;4;149
JE;36160020009;Execução Judicial;202604;10;1;0;7;158;2;1;83
JE;36160020009;Conhecimento;202605;32;0;4;15;212;15;7;156
JE;36160020009;Execução Judicial;202605;1;1;0;28;144;3;1;108
JE;36160020009;Execução Judicial;202606;20;1;0;6;148;4;1;108
JE;36160020009;Conhecimento;202606;4;1;0;17;196;12;5;159
JE;36210010201;Conhecimento;202301;0;3;3;0;0;3;3;0
JE;36210010201;Conhecimento;202310;0;0;0;1;0;3;3;1
JE;36210010201;Conhecimento;202311;0;1;1;0;0;4;4;1
JE;36210010201;Conhecimento;202403;0;0;0;1;0;1;1;2
JE;36210010201;Conhecimento;202404;0;2;2;2;0;3;3;4
JE;36210010201;Conhecimento;202405;0;1;4;3;0;4;7;7
JE;36210010201;Conhecimento;202406;0;3;4;4;0;7;11;11
JE;36210010201;Conhecimento;202407;1;0;1;2;1;7;12;13
JE;36210010201;Execução Judicial;202407;0;0;0;1;0;0;0;1
JE;36210010201;Execução Judicial;202408;0;1;1;0;0;1;1;1
JE;36210010201;Conhecimento;202408;0;1;1;2;1;8;13;15
JE;36210010201;Conhecimento;202409;0;2;2;3;1;10;15;18
JE;36210010201;Conhecimento;202410;0;2;3;2;1;12;18;19
JE;36210010201;Conhecimento;202411;0;2;4;5;1;13;21;24
JE;36210010201;Execução de Título Extrajudicial;202412;0;1;1;1;0;1;1;1
JE;36210010201;Conhecimento;202412;0;3;3;1;1;16;24;25
JE;36210010201;Conhecimento;202501;0;3;3;3;1;19;27;28
JE;36210010201;Conhecimento;202502;0;3;4;3;1;22;31;31
JE;36210010201;Execução de Título Extrajudicial;202502;0;0;0;1;0;1;1;2
JE;36210010201;Conhecimento;202503;0;1;1;3;1;23;32;33
JE;36210010201;Conhecimento;202504;0;8;8;5;1;29;38;36
JE;36210010201;Execução de Título Extrajudicial;202504;0;0;1;0;0;1;2;2
JE;36210010201;Conhecimento;202505;0;2;2;2;1;30;36;35
JE;36210010201;Conhecimento;202506;0;0;0;1;1;27;32;32
JE;36210010201;Conhecimento;202507;0;4;5;4;0;31;36;34
JE;36210010201;Conhecimento;202508;0;1;1;1;0;31;36;33
JE;36210010201;Conhecimento;202511;0;1;4;4;0;26;31;27
JE;36210010201;Conhecimento;202512;0;0;1;0;0;23;29;26
JE;36210010201;Conhecimento;202601;0;0;1;1;0;20;27;24
JE;36210010201;Execução Judicial;202602;0;0;0;1;0;0;0;1
JE;36210010201;Conhecimento;202603;0;0;2;2;0;16;24;20
JE;36210010201;Execução Judicial;202603;0;0;1;0;0;0;1;1
JE;36210010201;Execução Judicial;202605;0;0;4;4;0;0;5;5
JE;36210010201;Execução Judicial;202606;0;0;1;1;0;0;6;6
JE;36220010202;Execução Judicial;202302;0;0;0;1;0;0;0;1
JE;36220010202;Execução Judicial;202303;0;1;1;0;0;1;1;1
JE;36220010202;Execução Judicial;202304;0;1;1;1;0;2;2;2
JE;36220010202;Conhecimento;202306;0;0;0;1;0;0;0;1
JE;36220010202;Conhecimento;202307;0;1;1;0;0;1;1;1
JE;36220010202;Conhecimento;202308;0;1;1;0;0;2;2;1
JE;36220010202;Conhecimento;202309;0;0;0;1;0;2;2;2
JE;36220010202;Conhecimento;202310;0;0;1;0;0;2;3;2
JE;36220010202;Conhecimento;202311;0;0;0;2;0;2;3;4
JE;36220010202;Conhecimento;202312;0;3;4;7;0;5;7;11
JE;36220010202;Conhecimento;202401;0;2;2;0;0;7;9;11
JE;36220010202;Conhecimento;202402;0;0;2;0;0;7;11;11
JE;36220010202;Conhecimento;202403;0;1;2;1;0;8;13;12
JE;36220010202;Conhecimento;202404;0;1;2;5;0;9;15;17
JE;36220010202;Conhecimento;202405;0;4;6;5;0;13;21;22
JE;36220010202;Conhecimento;202406;0;2;2;1;0;15;23;22
JE;36220010202;Execução de Título Extrajudicial;202406;0;0;0;1;0;0;0;1
JE;36220010202;Execução de Título Extrajudicial;202407;0;2;2;1;0;2;2;2
JE;36220010202;Conhecimento;202407;1;2;2;1;1;16;24;23
JE;36220010202;Conhecimento;202408;0;0;0;1;1;15;23;24
JE;36220010202;Conhecimento;202409;0;3;3;2;1;18;26;25
JE;36220010202;Execução de Título Extrajudicial;202409;0;1;1;1;0;3;3;3
JE;36220010202;Conhecimento;202410;0;0;0;1;1;18;25;26
JE;36220010202;Execução de Título Extrajudicial;202410;0;0;0;1;0;3;3;4
JE;36220010202;Conhecimento;202411;0;1;1;1;1;19;26;25
JE;36220010202;Conhecimento;202412;0;1;1;0;1;17;23;18
JE;36220010202;Execução de Título Extrajudicial;202412;0;0;1;0;0;3;4;4
JE;36220010202;Conhecimento;202501;0;2;2;3;1;17;23;21
JE;36220010202;Conhecimento;202502;0;3;3;3;1;20;24;24
JE;36220010202;Conhecimento;202503;0;1;1;2;1;20;23;25
JE;36220010202;Conhecimento;202504;0;3;3;2;1;22;24;22
JE;36220010202;Conhecimento;202505;0;3;3;2;1;21;21;19
JE;36220010202;Conhecimento;202506;0;0;1;1;1;19;20;19
JE;36220010202;Execução de Título Extrajudicial;202506;0;0;0;1;0;3;4;4
JE;36220010202;Conhecimento;202507;0;2;2;2;0;19;20;20
JE;36220010202;Conhecimento;202508;0;1;2;0;0;20;22;19
JE;36220010202;Execução de Título Extrajudicial;202508;0;1;1;0;0;2;3;3
JE;36220010202;Conhecimento;202510;0;0;1;2;0;17;20;18
JE;36220010202;Conhecimento;202511;0;1;1;1;0;17;20;18
JE;36220010202;Conhecimento;202512;0;0;1;0;0;16;20;18
JE;36220010202;Execução Judicial;202512;0;0;0;2;0;0;0;2
JE;36220010202;Execução Judicial;202602;0;0;1;0;0;0;1;2
JE;36220010202;Conhecimento;202602;0;0;1;0;0;11;16;12
JE;36220010202;Conhecimento;202603;0;0;1;2;0;10;16;12
JE;36220010202;Execução Judicial;202603;0;0;0;1;0;0;1;3
JE;36220010202;Conhecimento;202604;0;0;1;0;0;7;14;10
JE;36220010202;Execução Judicial;202604;0;0;1;0;0;0;2;3
JE;36220010202;Execução Judicial;202605;0;0;1;0;0;0;3;3
JE;36230010203;Conhecimento;202301;0;0;0;1;0;0;0;1
JE;36230010203;Conhecimento;202302;0;1;1;0;0;1;1;1
JE;36230010203;Conhecimento;202307;0;1;0;0;0;2;1;1
JE;36230010203;Conhecimento;202308;0;0;1;0;0;2;2;1
JE;36230010203;Conhecimento;202310;0;0;0;1;0;2;2;2
JE;36230010203;Execução Judicial;202311;0;0;0;1;0;0;0;1
JE;36230010203;Conhecimento;202312;0;0;1;0;0;2;3;2
JE;36230010203;Conhecimento;202402;0;0;0;2;0;1;2;3
JE;36230010203;Conhecimento;202403;0;1;1;0;0;2;3;3
JE;36230010203;Execução Judicial;202403;0;1;1;0;0;1;1;1
JE;36230010203;Conhecimento;202404;0;0;0;2;0;2;3;5
JE;36230010203;Conhecimento;202405;0;1;2;1;0;3;5;6
JE;36230010203;Execução Judicial;202405;0;0;0;1;0;1;1;2
JE;36230010203;Execução Judicial;202406;0;1;1;0;0;2;2;2
JE;36230010203;Conhecimento;202406;0;1;1;2;0;4;6;8
JE;36230010203;Conhecimento;202407;2;3;3;2;2;6;9;10
JE;36230010203;Execução Judicial;202408;0;1;0;1;0;3;2;3
JE;36230010203;Conhecimento;202408;0;0;0;1;2;6;8;11
JE;36230010203;Conhecimento;202409;0;0;0;1;2;6;8;12
JE;36230010203;Execução de Título Extrajudicial;202409;0;0;0;1;0;0;0;1
JE;36230010203;Execução Judicial;202409;0;0;1;0;0;3;3;3
JE;36230010203;Conhecimento;202410;0;2;2;2;2;8;10;13
JE;36230010203;Conhecimento;202411;0;1;1;4;2;9;11;17
JE;36230010203;Execução de Título Extrajudicial;202411;0;1;1;0;0;1;1;1
JE;36230010203;Conhecimento;202412;0;3;3;0;2;12;13;17
JE;36230010203;Execução de Título Extrajudicial;202412;0;1;1;1;0;2;2;2
JE;36230010203;Conhecimento;202501;0;1;1;1;2;13;14;18
JE;36230010203;Conhecimento;202502;0;3;3;4;2;16;17;20
JE;36230010203;Conhecimento;202503;0;1;2;2;2;16;18;22
JE;36230010203;Conhecimento;202504;0;5;7;4;2;21;25;24
JE;36230010203;Conhecimento;202505;1;3;3;2;3;23;26;25
JE;36230010203;Conhecimento;202506;0;3;2;4;3;25;27;27
JE;36230010203;Conhecimento;202507;0;4;4;0;1;26;28;25
JE;36230010203;Conhecimento;202508;0;0;1;0;1;26;29;24
JE;36230010203;Conhecimento;202511;0;0;0;1;1;23;26;18
JE;36230010203;Execução Judicial;202512;0;0;0;2;0;0;0;2
JE;36230010203;Conhecimento;202512;0;0;1;2;1;20;24;20
JE;36230010203;Conhecimento;202601;0;0;0;1;1;19;23;20
JE;36230010203;Execução Judicial;202601;0;0;0;1;0;0;0;3
JE;36230010203;Execução Judicial;202602;0;0;3;0;0;0;3;3
JE;36230010203;Conhecimento;202602;0;0;2;0;1;16;22;16
JE;36230010203;Conhecimento;202603;0;0;3;2;1;15;23;16
JE;36230010203;Execução Judicial;202603;0;0;0;2;0;0;3;5
JE;36230010203;Execução Judicial;202604;0;0;2;1;0;0;5;6
JE;36230010203;Conhecimento;202604;0;0;2;1;1;10;18;13
JE;36230010203;Execução Judicial;202605;0;0;1;2;0;0;6;8
JE;36230010203;Execução Judicial;202606;0;0;2;0;0;0;8;8
JE;36240010204;Conhecimento;202301;0;1;1;0;0;1;1;0
JE;36240010204;Conhecimento;202305;0;0;0;1;0;1;1;1
JE;36240010204;Conhecimento;202306;0;1;1;0;0;2;2;1
JE;36240010204;Execução Judicial;202310;0;1;1;1;0;1;1;1
JE;36240010204;Conhecimento;202311;0;1;0;1;0;3;2;2
JE;36240010204;Conhecimento;202312;0;1;2;1;0;4;4;3
JE;36240010204;Conhecimento;202401;0;0;0;4;0;3;3;7
JE;36240010204;Conhecimento;202402;0;4;4;3;0;7;7;10
JE;36240010204;Conhecimento;202403;0;3;4;1;0;10;11;11
JE;36240010204;Conhecimento;202404;0;0;0;2;0;10;11;13
JE;36240010204;Execução Judicial;202404;0;0;0;1;0;1;1;2
JE;36240010204;Execução Judicial;202405;0;1;1;0;0;2;2;2
JE;36240010204;Conhecimento;202405;0;4;4;2;0;14;15;14
JE;36240010204;Execução de Título Extrajudicial;202405;0;0;0;1;0;0;0;1
JE;36240010204;Execução de Título Extrajudicial;202406;0;1;1;0;0;1;1;1
JE;36240010204;Conhecimento;202406;0;2;2;2;0;15;16;16
JE;36240010204;Conhecimento;202407;1;6;6;5;1;21;22;21
JE;36240010204;Conhecimento;202408;0;2;2;3;1;23;24;24
JE;36240010204;Conhecimento;202409;0;1;1;1;1;24;25;25
JE;36240010204;Conhecimento;202410;0;5;5;4;1;29;30;29
JE;36240010204;Conhecimento;202411;0;2;2;1;1;30;32;29
JE;36240010204;Execução de Título Extrajudicial;202411;0;0;0;1;0;1;1;2
JE;36240010204;Execução de Título Extrajudicial;202412;0;1;1;0;0;2;2;2
JE;36240010204;Conhecimento;202501;0;2;2;3;1;31;32;27
JE;36240010204;Conhecimento;202502;0;3;3;3;1;30;31;27
JE;36240010204;Conhecimento;202503;0;3;5;5;1;30;32;31
JE;36240010204;Execução de Título Extrajudicial;202504;0;0;0;1;0;2;2;3
JE;36240010204;Conhecimento;202504;0;4;4;5;1;34;36;34
JE;36240010204;Conhecimento;202505;0;12;13;9;1;42;45;41
JE;36240010204;Execução de Título Extrajudicial;202505;0;1;1;0;0;3;3;2
JE;36240010204;Conhecimento;202506;0;3;4;4;1;43;47;43
JE;36240010204;Conhecimento;202507;0;4;4;4;0;41;45;42
JE;36240010204;Conhecimento;202508;0;2;2;2;0;41;45;41
JE;36240010204;Conhecimento;202511;0;0;0;1;0;33;37;36
JE;36240010204;Execução Judicial;202511;0;0;0;1;0;0;0;1
JE;36240010204;Execução Judicial;202512;0;0;2;1;0;0;2;2
JE;36240010204;Conhecimento;202512;0;0;1;0;0;33;38;36
JE;36240010204;Conhecimento;202601;0;1;1;2;0;32;37;35
JE;36240010204;Execução de Título Extrajudicial;202601;0;0;0;1;0;1;1;2
JE;36240010204;Execução de Título Extrajudicial;202602;0;0;1;0;0;1;2;2
JE;36240010204;Conhecimento;202602;0;0;2;1;0;29;36;33
JE;36240010204;Execução Judicial;202602;0;0;0;1;0;0;2;3
JE;36240010204;Execução Judicial;202603;0;0;1;0;0;0;3;3
JE;36240010204;Conhecimento;202605;0;0;2;1;0;10;16;15
JE;36250010101;Conhecimento;202302;0;0;0;1;0;0;0;1
JE;36250010101;Conhecimento;202303;1;1;0;0;1;1;0;1
JE;36250010101;Conhecimento;202304;0;0;1;0;1;1;1;1
JE;36250010101;Conhecimento;202305;1;0;1;0;2;1;2;1
JE;36250010101;Conhecimento;202306;0;2;0;0;2;3;2;1
JE;36250010101;Conhecimento;202307;0;0;2;0;2;3;4;1
JE;36250010101;Conhecimento;202308;0;2;1;0;2;5;5;1
JE;36250010101;Conhecimento;202309;0;0;1;0;2;5;6;1
JE;36250010101;Conhecimento;202311;0;1;0;0;2;6;6;1
JE;36250010101;Conhecimento;202312;0;1;2;1;2;7;8;2
JE;36250010101;Conhecimento;202401;0;2;2;2;2;9;10;4
JE;36250010101;Conhecimento;202402;0;11;12;11;2;20;22;14
JE;36250010101;Conhecimento;202403;0;11;10;10;1;30;32;24
JE;36250010101;Conhecimento;202404;0;16;13;14;1;46;44;38
JE;36250010101;Conhecimento;202405;0;4;3;0;0;50;46;38
JE;36250010101;Conhecimento;202406;0;0;3;1;0;48;49;39
JE;36250010101;Conhecimento;202407;0;3;1;1;0;51;48;40
JE;36250010101;Conhecimento;202408;0;4;4;4;0;53;51;44
JE;36250010101;Conhecimento;202409;0;2;3;2;0;55;53;46
JE;36250010101;Conhecimento;202410;0;6;5;6;0;61;58;52
JE;36250010101;Conhecimento;202411;0;5;7;16;0;65;65;68
JE;36250010101;Conhecimento;202412;0;23;23;10;0;87;86;77
JE;36250010101;Conhecimento;202501;0;13;11;15;0;98;95;90
JE;36250010101;Conhecimento;202502;0;21;18;18;0;108;101;97
JE;36250010101;Conhecimento;202503;0;9;15;11;0;106;106;98
JE;36250010101;Conhecimento;202504;0;13;13;15;0;103;106;99
JE;36250010101;Conhecimento;202505;0;17;17;13;0;116;120;112
JE;36250010101;Conhecimento;202506;0;11;11;12;0;127;128;123
JE;36250010101;Conhecimento;202507;0;19;17;16;0;143;144;138
JE;36250010101;Conhecimento;202508;0;9;11;8;0;148;151;142
JE;36250010101;Conhecimento;202509;0;14;14;17;0;160;162;157
JE;36250010101;Conhecimento;202510;0;11;10;8;0;165;167;159
JE;36250010101;Conhecimento;202511;0;11;11;9;0;171;171;152
JE;36250010101;Conhecimento;202512;0;2;2;2;0;150;150;144
JE;36250010101;Conhecimento;202602;0;5;5;6;0;121;126;117
JE;36250010101;Conhecimento;202603;0;8;9;7;0;120;120;113
JE;36250010101;Conhecimento;202604;0;5;6;6;0;112;113;104
JE;36260010102;Conhecimento;202308;0;1;0;0;0;1;0;0
JE;36260010102;Conhecimento;202401;0;0;1;0;0;1;1;0
JE;36260010102;Conhecimento;202507;0;0;0;1;0;0;0;1
JE;36260010102;Conhecimento;202508;0;1;1;0;0;1;1;1
JE;36260010102;Conhecimento;202509;0;1;1;1;0;2;2;2
JE;36260010102;Conhecimento;202602;0;1;1;1;0;3;3;3
JE;36260010102;Conhecimento;202603;0;1;1;1;0;4;4;4
JE;36270010103;Conhecimento;202301;0;1;0;0;0;1;0;0
JE;36270010103;Conhecimento;202302;0;0;1;0;0;1;1;0
JE;36270010103;Conhecimento;202303;0;1;1;0;0;2;2;0
JE;36270010103;Conhecimento;202304;0;0;0;0;0;2;2;0
JE;36270010103;Conhecimento;202305;0;0;0;0;0;2;2;0
JE;36270010103;Conhecimento;202306;0;0;0;1;0;2;2;1
JE;36270010103;Conhecimento;202309;0;1;0;0;0;3;2;1
JE;36270010103;Conhecimento;202311;0;0;1;0;0;3;3;1
JE;36270010103;Conhecimento;202312;0;1;0;0;0;4;3;1
JE;36270010103;Conhecimento;202401;0;1;1;1;0;4;4;2
JE;36270010103;Conhecimento;202402;0;1;1;7;0;5;4;9
JE;36270010103;Conhecimento;202403;0;8;8;2;0;12;11;11
JE;36270010103;Conhecimento;202404;0;3;5;3;0;15;16;14
JE;36270010103;Execução de Título Extrajudicial;202404;0;1;1;1;0;1;1;1
JE;36270010103;Conhecimento;202405;0;1;2;1;0;16;18;15
JE;36270010103;Conhecimento;202406;0;2;2;2;0;18;20;16
JE;36270010103;Execução Judicial;202406;0;2;2;2;0;2;2;2
JE;36270010103;Conhecimento;202407;1;0;1;2;1;18;21;18
JE;36270010103;Conhecimento;202408;0;1;1;1;1;19;22;19
JE;36270010103;Conhecimento;202409;0;0;1;0;1;18;23;19
JE;36270010103;Conhecimento;202410;0;0;0;1;1;18;23;20
JE;36270010103;Conhecimento;202411;0;1;2;0;1;19;24;20
JE;36270010103;Execução Judicial;202412;0;0;0;1;0;2;2;3
JE;36270010103;Conhecimento;202501;0;3;2;1;1;20;25;20
JE;36270010103;Conhecimento;202502;0;0;1;0;1;19;25;13
JE;36270010103;Execução de Título Extrajudicial;202502;0;0;0;1;0;1;1;2
JE;36270010103;Conhecimento;202504;0;1;1;1;1;9;13;9
JE;36270010103;Execução de Título Extrajudicial;202504;0;0;1;0;0;0;1;1
JE;36270010103;Conhecimento;202506;0;4;4;4;1;10;13;10
JE;36270010103;Execução Judicial;202507;0;0;1;1;0;0;1;2
JE;36270010103;Conhecimento;202507;0;2;2;3;0;12;14;11
JE;36270010103;Conhecimento;202508;0;4;3;3;0;15;16;13
JE;36270010103;Conhecimento;202509;0;0;1;0;0;15;16;13
JE;36270010103;Execução Judicial;202510;0;1;1;0;0;1;2;2
JE;36270010103;Conhecimento;202511;0;0;1;2;0;14;15;14
JE;36270010103;Execução Judicial;202512;0;0;1;1;0;1;3;2
JE;36270010103;Conhecimento;202512;0;0;1;0;0;14;16;14
JE;36270010103;Execução Judicial;202602;0;0;1;2;0;1;4;4
JE;36270010103;Conhecimento;202603;0;0;1;1;0;11;14;14
JE;36270010103;Execução Judicial;202603;0;0;1;3;0;1;5;7
JE;36270010103;Execução Judicial;202604;0;0;3;0;0;1;8;7
JE;36270010103;Execução Judicial;202605;0;0;0;1;0;1;8;8
JE;36270010103;Conhecimento;202605;0;0;1;1;0;10;14;14
JE;36270010103;Conhecimento;202606;0;0;1;1;0;6;11;11
JE;36270010103;Execução Judicial;202606;0;0;1;0;0;1;9;8
JE;36280010104;Conhecimento;202301;0;1;1;0;0;1;1;0
JE;36280010104;Conhecimento;202306;0;1;0;0;0;2;1;0
JE;36280010104;Conhecimento;202307;0;0;1;0;0;2;2;0
JE;36280010104;Conhecimento;202312;0;1;0;0;0;3;2;0
JE;36280010104;Conhecimento;202401;0;3;1;2;0;5;2;2
JE;36280010104;Conhecimento;202402;0;1;3;1;0;6;5;3
JE;36280010104;Conhecimento;202404;0;0;1;0;0;6;6;3
JE;36280010104;Conhecimento;202405;0;1;1;1;0;7;7;4
JE;36280010104;Conhecimento;202407;0;3;3;4;0;9;9;8
JE;36280010104;Conhecimento;202408;0;4;4;4;0;13;13;12
JE;36280010104;Conhecimento;202409;0;2;2;2;0;15;15;14
JE;36280010104;Conhecimento;202410;0;8;7;8;0;23;22;22
JE;36280010104;Conhecimento;202411;0;0;1;0;0;23;23;22
JE;36280010104;Conhecimento;202501;0;1;0;2;0;20;22;22
JE;36280010104;Conhecimento;202502;0;3;3;0;0;22;22;21
JE;36280010104;Conhecimento;202504;0;2;1;0;0;24;22;21
JE;36280010104;Conhecimento;202505;0;1;2;1;0;24;23;21
JE;36280010104;Conhecimento;202506;0;0;1;0;0;24;24;21
JE;36280010104;Conhecimento;202508;0;3;3;3;0;20;20;16
JE;36280010104;Conhecimento;202509;0;1;1;1;0;19;19;15
JE;36280010104;Conhecimento;202510;0;1;1;0;0;12;13;7
JE;36280010104;Conhecimento;202511;0;2;1;2;0;14;13;9
JE;36280010104;Conhecimento;202512;0;3;4;4;0;17;17;13
JE;36280010104;Conhecimento;202601;0;3;3;2;0;19;20;13
JE;36280010104;Conhecimento;202602;0;6;6;8;0;22;23;21
JE;36280010104;Conhecimento;202603;0;15;14;16;0;37;37;37
JE;36280010104;Conhecimento;202604;0;5;5;1;0;40;41;38
JE;36280010104;Conhecimento;202605;0;1;3;1;0;40;42;38
JE;36300010701;Conhecimento;202407;0;0;0;1;0;0;0;1
JE;36300010701;Conhecimento;202408;0;0;1;0;0;0;1;1
JE;36320010601;Conhecimento;202301;0;17;17;5;0;17;17;5
JE;36320010601;Conhecimento;202302;0;5;5;2;0;22;22;7
JE;36320010601;Conhecimento;202303;1;1;1;0;1;23;23;7
JE;36320010601;Conhecimento;202304;0;1;1;2;1;24;24;9
JE;36320010601;Execução Judicial;202304;0;0;0;1;0;0;0;1
JE;36320010601;Execução Judicial;202305;0;1;1;0;0;1;1;1
JE;36320010601;Conhecimento;202305;0;2;2;1;1;26;26;10
JE;36320010601;Conhecimento;202307;1;0;0;2;2;26;26;12
JE;36320010601;Execução Judicial;202307;0;1;1;0;0;2;2;1
JE;36320010601;Conhecimento;202308;0;4;5;5;2;30;31;17
JE;36320010601;Conhecimento;202309;0;2;2;0;2;32;33;17
JE;36320010601;Conhecimento;202310;0;2;1;1;2;34;34;18
JE;36320010601;Conhecimento;202311;0;2;3;4;2;36;37;22
JE;36320010601;Conhecimento;202312;0;1;1;2;2;37;38;24
JE;36320010601;Conhecimento;202401;0;4;4;2;2;24;25;21
JE;36320010601;Execução Judicial;202402;0;0;0;1;0;2;2;2
JE;36320010601;Conhecimento;202402;0;4;4;8;2;23;24;27
JE;36320010601;Conhecimento;202403;0;8;8;7;1;30;31;34
JE;36320010601;Execução Judicial;202403;0;1;1;0;0;3;3;2
JE;36320010601;Conhecimento;202404;0;6;5;3;1;35;35;35
JE;36320010601;Conhecimento;202405;1;8;5;4;2;41;38;38
JE;36320010601;Conhecimento;202406;1;6;9;4;3;47;47;42
JE;36320010601;Execução de Título Extrajudicial;202407;0;0;0;2;0;0;0;2
JE;36320010601;Conhecimento;202407;0;9;10;6;2;56;57;46
JE;36320010601;Execução de Título Extrajudicial;202408;0;2;2;0;0;2;2;2
JE;36320010601;Conhecimento;202408;0;5;5;5;2;57;57;46
JE;36320010601;Conhecimento;202409;0;2;2;4;2;57;57;50
JE;36320010601;Conhecimento;202410;0;5;5;3;2;60;61;52
JE;36320010601;Conhecimento;202411;0;18;11;15;2;76;69;63
JE;36320010601;Conhecimento;202412;0;3;10;8;2;78;78;69
JE;36320010601;Conhecimento;202501;0;6;6;2;2;80;80;69
JE;36320010601;Conhecimento;202502;0;12;11;8;2;88;87;69
JE;36320010601;Conhecimento;202503;1;15;9;12;3;95;88;74
JE;36320010601;Conhecimento;202504;0;8;12;7;3;97;95;78
JE;36320010601;Conhecimento;202505;0;9;11;9;2;98;101;83
JE;36320010601;Conhecimento;202506;0;8;9;4;1;100;101;83
JE;36320010601;Conhecimento;202507;0;5;5;5;1;96;96;82
JE;36320010601;Conhecimento;202508;0;2;2;1;1;93;93;78
JE;36320010601;Conhecimento;202509;0;0;2;2;1;91;93;76
JE;36320010601;Execução Judicial;202510;0;0;0;1;0;0;0;1
JE;36320010601;Conhecimento;202510;0;2;4;4;1;88;92;77
JE;36320010601;Conhecimento;202511;0;0;3;2;1;70;84;64
JE;36320010601;Conhecimento;202512;0;1;3;4;1;68;77;60
JE;36320010601;Execução Judicial;202512;0;0;0;2;0;0;0;3
JE;36320010601;Conhecimento;202601;0;1;0;0;1;63;71;58
JE;36320010601;Execução Judicial;202601;0;0;0;1;0;0;0;4
JE;36320010601;Conhecimento;202602;0;2;4;2;1;53;64;52
JE;36320010601;Conhecimento;202603;0;0;4;3;0;38;59;43
JE;36320010601;Execução Judicial;202603;0;0;1;1;0;0;1;5
JE;36320010601;Conhecimento;202604;0;0;2;3;0;30;49;39
JE;36320010601;Execução Judicial;202604;0;0;4;0;0;0;5;5
JE;36320010601;Execução Judicial;202605;0;1;0;0;0;1;5;5
JE;36320010601;Conhecimento;202605;0;1;5;1;0;22;43;31
JE;36320010601;Conhecimento;202606;0;0;2;0;0;14;36;27
JE;36320010601;Execução Judicial;202606;0;0;1;0;0;1;6;5
JE;36330010602;Conhecimento;202301;0;0;0;4;0;0;0;4
JE;36330010602;Conhecimento;202302;0;29;27;6;0;29;27;10
JE;36330010602;Conhecimento;202303;0;7;8;6;0;36;35;16
JE;36330010602;Conhecimento;202304;0;4;4;6;0;40;39;22
JE;36330010602;Conhecimento;202305;0;5;5;5;0;45;44;27
JE;36330010602;Conhecimento;202306;0;12;11;5;0;57;55;32
JE;36330010602;Conhecimento;202307;0;8;9;11;0;65;64;43
JE;36330010602;Conhecimento;202308;0;14;10;6;0;79;74;49
JE;36330010602;Conhecimento;202309;0;3;8;7;0;82;82;56
JE;36330010602;Conhecimento;202310;0;8;8;6;0;90;90;62
JE;36330010602;Conhecimento;202311;0;4;4;4;0;94;94;66
JE;36330010602;Conhecimento;202312;0;6;5;2;0;100;99;68
JE;36330010602;Conhecimento;202401;0;11;12;12;0;111;111;76
JE;36330010602;Conhecimento;202402;1;11;10;12;1;93;94;82
JE;36330010602;Execução Judicial;202402;0;1;0;1;0;1;0;1
JE;36330010602;Execução Judicial;202403;0;1;2;1;0;2;2;2
JE;36330010602;Conhecimento;202403;0;8;8;6;1;94;94;82
JE;36330010602;Conhecimento;202404;0;13;15;10;1;103;105;86
JE;36330010602;Conhecimento;202405;0;7;5;10;1;105;105;91
JE;36330010602;Execução de Título Extrajudicial;202405;0;1;1;1;0;1;1;1
JE;36330010602;Conhecimento;202406;0;10;12;9;1;103;106;95
JE;36330010602;Execução Judicial;202407;0;0;0;1;0;2;2;3
JE;36330010602;Conhecimento;202407;0;10;10;6;1;105;107;90
JE;36330010602;Conhecimento;202408;0;10;8;9;1;101;105;93
JE;36330010602;Execução Judicial;202408;0;1;1;0;0;3;3;3
JE;36330010602;Conhecimento;202409;0;7;9;9;1;105;106;95
JE;36330010602;Conhecimento;202410;0;19;19;10;1;116;117;99
JE;36330010602;Conhecimento;202411;0;8;4;7;1;120;117;102
JE;36330010602;Conhecimento;202412;0;6;11;5;1;120;123;105
JE;36330010602;Execução de Título Extrajudicial;202412;0;1;0;0;0;2;1;1
JE;36330010602;Execução Judicial;202412;0;0;0;1;0;3;3;4
JE;36330010602;Execução Judicial;202501;0;1;1;0;0;4;4;4
JE;36330010602;Execução de Título Extrajudicial;202501;0;0;1;0;0;2;2;1
JE;36330010602;Conhecimento;202501;0;5;5;9;1;114;116;102
JE;36330010602;Conhecimento;202502;0;6;8;7;0;109;114;97
JE;36330010602;Execução Judicial;202502;0;0;0;1;0;3;4;4
JE;36330010602;Execução Judicial;202503;0;1;1;0;0;3;3;3
JE;36330010602;Conhecimento;202503;0;7;7;5;0;108;113;96
JE;36330010602;Conhecimento;202504;0;4;3;5;0;99;101;91
JE;36330010602;Conhecimento;202505;1;6;5;4;1;98;101;85
JE;36330010602;Conhecimento;202506;0;10;9;10;1;98;98;86
JE;36330010602;Conhecimento;202507;0;16;19;6;1;104;107;86
JE;36330010602;Conhecimento;202508;0;5;5;4;1;99;104;81
JE;36330010602;Conhecimento;202509;0;1;0;4;1;93;95;76
JE;36330010602;Execução Judicial;202509;0;0;0;1;0;2;2;3
JE;36330010602;Conhecimento;202510;0;0;3;4;1;74;79;70
JE;36330010602;Execução Judicial;202511;0;0;1;0;0;2;3;3
JE;36330010602;Conhecimento;202511;0;1;3;7;1;67;78;70
JE;36330010602;Conhecimento;202512;0;0;0;2;1;61;67;67
JE;36330010602;Conhecimento;202601;0;0;4;2;1;56;66;60
JE;36330010602;Conhecimento;202602;0;0;5;2;1;50;63;55
JE;36330010602;Conhecimento;202603;0;0;7;1;1;43;63;51
JE;36330010602;Conhecimento;202604;0;0;3;1;1;39;63;47
JE;36330010602;Conhecimento;202605;0;0;1;1;0;33;59;44
JE;36330010602;Conhecimento;202606;0;0;4;0;0;23;54;34
JE;36360010801;Conhecimento;202305;0;1;1;1;0;1;1;1
JE;36360010801;Conhecimento;202306;0;3;2;2;0;4;3;3
JE;36360010801;Conhecimento;202307;0;0;1;0;0;4;4;3
JE;36360010801;Conhecimento;202403;0;2;2;2;0;6;6;5
JE;36360010801;Conhecimento;202404;0;1;1;0;0;7;7;5
JE;36360010801;Conhecimento;202406;0;1;0;0;0;4;4;2
JE;36360010801;Conhecimento;202407;0;0;1;0;0;4;4;2
JE;36360010801;Conhecimento;202509;0;0;1;1;0;0;1;1
JE;36360010801;Execução Judicial;202510;0;0;1;1;0;0;1;1
JE;36360010801;Conhecimento;202511;0;0;1;1;0;0;2;2
JE;36360010801;Conhecimento;202604;0;0;0;1;0;0;2;3
JE;36360010801;Conhecimento;202605;0;0;1;0;0;0;3;3
JE;36380010401;Conhecimento;202302;0;1;0;1;0;1;0;1
JE;36380010401;Conhecimento;202303;0;0;0;1;0;1;0;2
JE;36380010401;Conhecimento;202304;0;1;0;0;0;2;0;2
JE;36380010401;Conhecimento;202305;1;0;0;1;1;2;0;3
JE;36380010401;Conhecimento;202306;0;0;1;0;1;2;1;3
JE;36380010401;Conhecimento;202308;0;0;1;0;1;2;2;3
JE;36380010401;Conhecimento;202309;0;1;1;0;1;3;3;3
JE;36380010401;Conhecimento;202402;0;0;1;1;1;2;4;3
JE;36380010401;Conhecimento;202403;0;2;2;1;1;4;6;3
JE;36380010401;Conhecimento;202404;0;1;1;2;1;4;7;5
JE;36380010401;Conhecimento;202407;0;0;0;1;0;4;6;5
JE;36380010401;Conhecimento;202408;0;0;0;0;0;4;5;5
JE;36380010401;Conhecimento;202409;1;0;0;0;1;3;4;5
JE;36380010401;Conhecimento;202501;0;2;1;2;1;5;5;7
JE;36380010401;Conhecimento;202502;0;2;2;3;1;7;6;9
JE;36380010401;Conhecimento;202503;0;2;2;2;1;7;6;10
JE;36380010401;Conhecimento;202504;0;0;0;0;1;6;5;8
JE;36380010401;Conhecimento;202505;0;3;3;4;1;9;8;12
JE;36380010401;Conhecimento;202506;0;3;4;3;1;12;12;15
JE;36380010401;Conhecimento;202507;0;1;1;1;1;13;13;15
JE;36380010401;Conhecimento;202508;0;1;2;0;1;14;15;15
JE;36380010401;Conhecimento;202509;0;1;1;1;0;15;16;16
JE;36380010401;Conhecimento;202511;0;2;2;2;0;17;18;18
JE;36380010401;Conhecimento;202601;0;1;1;1;0;16;18;17
JE;36380010401;Conhecimento;202602;0;1;1;1;0;15;17;15
JE;36380010401;Conhecimento;202604;0;1;1;1;0;14;16;14
JE;36390700003;Execução Judicial;202301;6;3;2;13;6;3;2;13
JE;36390700003;Conhecimento;202301;189;129;91;251;189;129;91;251
JE;36390700003;Execução de Título Extrajudicial;202301;9;1;4;12;9;1;4;12
JE;36390700003;Execução Judicial;202302;27;1;1;13;33;4;3;26
JE;36390700003;Execução de Título Extrajudicial;202302;7;0;0;11;16;1;4;23
JE;36390700003;Conhecimento;202302;397;208;223;385;586;337;314;636
JE;36390700003;Execução Judicial;202303;39;4;5;38;72;8;8;64
JE;36390700003;Conhecimento;202303;624;287;258;477;1210;624;572;1113
JE;36390700003;Execução de Título Extrajudicial;202303;21;0;1;8;37;1;5;31
JE;36390700003;Conhecimento;202304;378;144;162;356;1588;768;734;1469
JE;36390700003;Execução Judicial;202304;19;5;4;27;91;13;12;91
JE;36390700003;Execução de Título Extrajudicial;202304;9;1;1;5;46;2;6;36
JE;36390700003;Execução Judicial;202305;38;4;0;50;129;17;12;141
JE;36390700003;Execução de Título Extrajudicial;202305;14;0;0;11;60;2;6;47
JE;36390700003;Conhecimento;202305;543;265;270;472;2131;1033;1004;1941
JE;36390700003;Conhecimento;202306;523;183;234;438;2654;1216;1238;2379
JE;36390700003;Execução Judicial;202306;30;0;0;23;159;17;12;164
JE;36390700003;Execução de Título Extrajudicial;202306;23;2;2;15;83;4;8;62
JE;36390700003;Execução Judicial;202307;21;5;1;37;180;22;13;201
JE;36390700003;Execução de Título Extrajudicial;202307;8;0;0;9;91;4;8;71
JE;36390700003;Conhecimento;202307;566;295;310;448;3220;1511;1548;2827
JE;36390700003;Execução de Título Extrajudicial;202308;12;1;1;12;103;5;9;83
JE;36390700003;Conhecimento;202308;681;351;361;560;3901;1862;1909;3387
JE;36390700003;Execução Judicial;202308;34;11;0;38;214;33;13;239
JE;36390700003;Execução de Título Extrajudicial;202309;15;0;1;9;118;5;10;92
JE;36390700003;Conhecimento;202309;753;297;298;528;4654;2159;2207;3915
JE;36390700003;Execução Judicial;202309;30;3;1;54;244;36;14;293
JE;36390700003;Conhecimento;202310;686;313;330;553;5340;2472;2537;4468
JE;36390700003;Execução de Título Extrajudicial;202310;17;0;0;15;135;5;10;107
JE;36390700003;Execução Judicial;202310;32;6;2;61;276;42;16;354
JE;36390700003;Execução de Título Extrajudicial;202311;11;1;0;23;146;6;10;130
JE;36390700003;Execução Judicial;202311;41;3;1;47;317;45;17;401
JE;36390700003;Conhecimento;202311;576;273;278;459;5916;2745;2815;4927
JE;36390700003;Execução de Título Extrajudicial;202312;9;0;0;11;155;6;10;141
JE;36390700003;Conhecimento;202312;363;166;189;351;6279;2911;3004;5278
JE;36390700003;Execução Judicial;202312;32;0;0;28;349;45;17;429
JE;36390700003;Conhecimento;202401;170;125;85;304;6260;2907;2998;5331
JE;36390700003;Execução de Título Extrajudicial;202401;2;1;0;8;148;6;6;137
JE;36390700003;Execução Judicial;202401;9;3;1;57;352;45;16;473
JE;36390700003;Conhecimento;202402;654;261;273;438;6517;2960;3048;5384
JE;36390700003;Execução de Título Extrajudicial;202402;18;0;0;8;159;6;6;134
JE;36390700003;Execução Judicial;202402;57;2;1;30;382;46;16;490
JE;36390700003;Execução Judicial;202403;28;3;0;63;371;45;11;515
JE;36390700003;Execução de Título Extrajudicial;202403;9;0;0;13;147;6;5;139
JE;36390700003;Conhecimento;202403;545;259;263;443;6438;2932;3053;5350
JE;36390700003;Execução Judicial;202404;38;5;4;66;390;45;11;554
JE;36390700003;Conhecimento;202404;697;322;316;522;6757;3110;3207;5516
JE;36390700003;Execução de Título Extrajudicial;202404;15;1;0;14;153;6;4;148
JE;36390700003;Conhecimento;202405;558;268;286;455;6772;3113;3223;5499
JE;36390700003;Execução Judicial;202405;53;2;3;84;405;43;14;588
JE;36390700003;Execução de Título Extrajudicial;202405;17;2;0;12;156;8;4;149
JE;36390700003;Execução de Título Extrajudicial;202406;23;2;1;17;156;8;3;151
JE;36390700003;Execução Judicial;202406;81;1;1;61;456;44;15;626
JE;36390700003;Conhecimento;202406;701;279;296;449;6950;3209;3285;5510
JE;36390700003;Conhecimento;202407;583;217;218;370;6967;3131;3193;5432
JE;36390700003;Execução Judicial;202407;67;5;2;104;502;44;16;693
JE;36390700003;Execução de Título Extrajudicial;202407;14;1;1;16;162;9;4;158
JE;36390700003;Conhecimento;202408;456;205;190;413;6742;2985;3022;5285
JE;36390700003;Execução Judicial;202408;93;3;4;127;561;36;20;782
JE;36390700003;Execução de Título Extrajudicial;202408;11;0;0;16;161;8;3;162
JE;36390700003;Conhecimento;202409;353;163;159;317;6342;2851;2883;5074
JE;36390700003;Execução Judicial;202409;76;3;3;69;607;36;22;797
JE;36390700003;Execução de Título Extrajudicial;202409;9;1;0;21;155;9;2;174
JE;36390700003;Execução Judicial;202410;126;4;2;77;701;34;22;813
JE;36390700003;Execução de Título Extrajudicial;202410;21;1;0;16;159;10;2;175
JE;36390700003;Conhecimento;202410;509;217;209;363;6165;2755;2762;4884
JE;36390700003;Conhecimento;202411;600;226;239;357;6189;2708;2723;4782
JE;36390700003;Execução de Título Extrajudicial;202411;37;0;0;10;185;9;2;162
JE;36390700003;Execução Judicial;202411;102;7;6;78;762;38;27;844
JE;36390700003;Execução de Título Extrajudicial;202412;18;4;0;5;194;13;2;156
JE;36390700003;Conhecimento;202412;391;160;192;272;6217;2702;2726;4703
JE;36390700003;Execução Judicial;202412;109;4;2;81;839;42;29;897
JE;36390700003;Conhecimento;202501;235;117;142;291;6282;2694;2783;4690
JE;36390700003;Execução de Título Extrajudicial;202501;12;0;0;9;204;12;2;157
JE;36390700003;Execução Judicial;202501;54;3;2;33;884;42;30;873
JE;36390700003;Execução de Título Extrajudicial;202502;14;1;2;13;200;13;4;162
JE;36390700003;Conhecimento;202502;367;116;149;362;5995;2549;2659;4614
JE;36390700003;Execução Judicial;202502;74;5;8;84;901;45;37;927
JE;36390700003;Execução Judicial;202503;56;1;0;54;929;43;37;918
JE;36390700003;Execução de Título Extrajudicial;202503;10;0;0;10;201;13;4;159
JE;36390700003;Conhecimento;202503;196;8;3;209;5646;2298;2399;4380
JE;36390700003;Execução Judicial;202504;80;2;0;68;971;40;33;920
JE;36390700003;Conhecimento;202504;229;25;9;196;5178;2001;2092;4054
JE;36390700003;Execução de Título Extrajudicial;202504;11;0;0;13;197;12;4;158
JE;36390700003;Execução de Título Extrajudicial;202505;11;2;0;19;191;12;4;165
JE;36390700003;Execução Judicial;202505;54;3;0;59;972;41;30;895
JE;36390700003;Conhecimento;202505;214;12;7;216;4834;1745;1813;3815
JE;36390700003;Execução de Título Extrajudicial;202506;27;0;0;14;195;10;3;162
JE;36390700003;Execução Judicial;202506;70;7;0;42;961;47;29;876
JE;36390700003;Conhecimento;202506;273;17;5;216;4406;1483;1522;3582
JE;36390700003;Execução Judicial;202507;92;4;0;80;986;46;27;852
JE;36390700003;Execução de Título Extrajudicial;202507;20;1;2;13;201;10;4;159
JE;36390700003;Conhecimento;202507;366;22;7;228;4189;1288;1311;3440
JE;36390700003;Execução Judicial;202508;58;3;1;56;951;46;24;781
JE;36390700003;Conhecimento;202508;124;12;7;218;3857;1095;1128;3245
JE;36390700003;Execução de Título Extrajudicial;202508;11;1;1;16;201;11;5;159
JE;36390700003;Execução de Título Extrajudicial;202509;25;1;1;23;217;11;6;161
JE;36390700003;Execução Judicial;202509;97;27;5;36;972;70;26;748
JE;36390700003;Conhecimento;202509;250;8;10;146;3754;940;979;3074
JE;36390700003;Execução Judicial;202510;91;51;21;45;937;117;45;716
JE;36390700003;Execução de Título Extrajudicial;202510;15;0;0;22;211;10;6;167
JE;36390700003;Conhecimento;202510;257;8;4;175;3502;731;774;2886
JE;36390700003;Conhecimento;202511;191;6;6;141;3093;511;541;2670
JE;36390700003;Execução de Título Extrajudicial;202511;16;1;1;18;190;11;7;175
JE;36390700003;Execução Judicial;202511;53;40;29;58;888;150;68;696
JE;36390700003;Execução de Título Extrajudicial;202512;19;0;1;29;191;7;8;199
JE;36390700003;Execução Judicial;202512;72;41;52;68;851;187;118;683
JE;36390700003;Conhecimento;202512;137;6;9;141;2839;357;358;2539
JE;36390700003;Execução de Título Extrajudicial;202601;10;1;0;14;189;8;8;204
JE;36390700003;Execução Judicial;202601;34;20;29;41;831;204;145;691
JE;36390700003;Conhecimento;202601;54;7;10;169;2658;247;226;2417
JE;36390700003;Conhecimento;202602;202;9;9;192;2493;140;86;2247
JE;36390700003;Execução Judicial;202602;51;22;27;61;808;221;164;668
JE;36390700003;Execução de Título Extrajudicial;202602;37;1;1;18;212;8;7;209
JE;36390700003;Execução de Título Extrajudicial;202603;18;0;1;19;220;8;8;218
JE;36390700003;Execução Judicial;202603;80;38;46;89;832;258;210;703
JE;36390700003;Conhecimento;202603;225;7;10;253;2522;139;93;2291
JE;36390700003;Conhecimento;202604;209;5;6;244;2502;119;90;2339
JE;36390700003;Execução de Título Extrajudicial;202604;22;1;0;20;231;9;8;225
JE;36390700003;Execução Judicial;202604;85;32;31;78;837;288;241;713
JE;36390700003;Conhecimento;202605;183;6;5;179;2471;113;88;2302
JE;36390700003;Execução de Título Extrajudicial;202605;22;0;0;17;242;7;8;223
JE;36390700003;Execução Judicial;202605;87;28;14;70;870;313;255;724
JE;36390700003;Execução de Título Extrajudicial;202606;16;0;0;10;231;7;8;219
JE;36390700003;Conhecimento;202606;150;7;3;147;2348;103;86;2233
JE;36390700003;Execução Judicial;202606;73;14;16;70;873;320;271;752
JE;36410700004;Execução Judicial;202301;14;1;1;31;14;1;1;31
JE;36410700004;Conhecimento;202301;224;138;95;250;224;138;95;250
JE;36410700004;Execução de Título Extrajudicial;202301;3;3;0;5;3;3;0;5
JE;36410700004;Execução de Título Extrajudicial;202302;13;0;0;10;16;3;0;15
JE;36410700004;Execução Judicial;202302;11;1;2;13;25;2;3;44
JE;36410700004;Conhecimento;202302;308;190;221;389;532;328;316;639
JE;36410700004;Execução de Título Extrajudicial;202303;12;2;0;6;28;5;0;21
JE;36410700004;Conhecimento;202303;535;268;234;433;1067;596;550;1072
JE;36410700004;Execução Judicial;202303;31;0;0;18;56;2;3;62
JE;36410700004;Execução Judicial;202304;12;0;1;54;68;2;4;116
JE;36410700004;Execução de Título Extrajudicial;202304;7;1;0;6;35;6;0;27
JE;36410700004;Conhecimento;202304;271;171;162;346;1338;767;712;1418
JE;36410700004;Execução Judicial;202305;15;0;1;17;83;2;5;133
JE;36410700004;Conhecimento;202305;337;275;272;465;1675;1042;984;1883
JE;36410700004;Execução de Título Extrajudicial;202305;9;0;0;9;44;6;0;36
JE;36410700004;Execução de Título Extrajudicial;202306;14;1;0;16;58;7;0;52
JE;36410700004;Execução Judicial;202306;17;0;1;23;100;2;6;156
JE;36410700004;Conhecimento;202306;320;189;227;391;1995;1231;1211;2274
JE;36410700004;Execução Judicial;202307;25;2;4;38;125;4;10;194
JE;36410700004;Conhecimento;202307;547;273;296;474;2542;1504;1507;2748
JE;36410700004;Execução de Título Extrajudicial;202307;15;0;0;12;73;7;0;64
JE;36410700004;Execução de Título Extrajudicial;202308;9;2;2;11;82;9;2;75
JE;36410700004;Execução Judicial;202308;22;4;4;23;147;8;14;217
JE;36410700004;Conhecimento;202308;500;320;359;595;3042;1824;1866;3343
JE;36410700004;Conhecimento;202309;610;337;294;468;3652;2161;2160;3811
JE;36410700004;Execução Judicial;202309;28;1;3;76;175;9;17;293
JE;36410700004;Execução de Título Extrajudicial;202309;10;1;2;11;92;10;4;86
JE;36410700004;Execução de Título Extrajudicial;202310;14;0;0;19;106;10;4;105
JE;36410700004;Execução Judicial;202310;33;1;2;146;208;10;19;439
JE;36410700004;Conhecimento;202310;526;287;287;457;4178;2448;2447;4268
JE;36410700004;Execução de Título Extrajudicial;202311;12;3;2;24;118;13;6;129
JE;36410700004;Conhecimento;202311;480;231;287;474;4658;2679;2734;4742
JE;36410700004;Execução Judicial;202311;67;1;2;32;275;11;21;471
JE;36410700004;Conhecimento;202312;304;144;192;321;4962;2823;2926;5063
JE;36410700004;Execução de Título Extrajudicial;202312;4;0;0;17;122;13;6;146
JE;36410700004;Execução Judicial;202312;23;1;2;23;298;12;23;494
JE;36410700004;Execução de Título Extrajudicial;202401;6;0;2;14;125;10;8;155
JE;36410700004;Conhecimento;202401;179;149;90;276;4917;2834;2921;5089
JE;36410700004;Execução Judicial;202401;24;0;3;46;308;11;25;509
JE;36410700004;Conhecimento;202402;799;264;253;404;5408;2908;2953;5104
JE;36410700004;Execução Judicial;202402;57;1;2;74;354;11;25;570
JE;36410700004;Execução de Título Extrajudicial;202402;24;0;0;16;136;10;8;161
JE;36410700004;Execução Judicial;202403;24;3;3;52;347;14;28;604
JE;36410700004;Conhecimento;202403;479;269;244;410;5352;2909;2963;5081
JE;36410700004;Execução de Título Extrajudicial;202403;7;0;0;11;131;8;8;166
JE;36410700004;Execução de Título Extrajudicial;202404;15;0;0;14;139;7;8;174
JE;36410700004;Conhecimento;202404;681;313;318;506;5762;3051;3119;5241
JE;36410700004;Execução Judicial;202404;60;1;0;114;395;15;27;664
JE;36410700004;Conhecimento;202405;583;266;282;458;6008;3042;3129;5234
JE;36410700004;Execução Judicial;202405;51;2;3;86;431;17;29;733
JE;36410700004;Execução de Título Extrajudicial;202405;14;0;1;16;144;7;9;181
JE;36410700004;Conhecimento;202406;734;254;291;410;6422;3107;3193;5253
JE;36410700004;Execução de Título Extrajudicial;202406;16;0;0;15;146;6;9;180
JE;36410700004;Execução Judicial;202406;85;5;0;92;499;22;28;802
JE;36410700004;Conhecimento;202407;872;207;228;365;6747;3041;3125;5144
JE;36410700004;Execução Judicial;202407;133;3;3;247;607;23;27;1011
JE;36410700004;Execução de Título Extrajudicial;202407;38;0;0;17;169;6;9;185
JE;36410700004;Conhecimento;202408;428;185;194;410;6675;2906;2960;4959
JE;36410700004;Execução de Título Extrajudicial;202408;16;2;1;13;176;6;8;187
JE;36410700004;Execução Judicial;202408;92;4;3;50;677;23;26;1038
JE;36410700004;Execução Judicial;202409;93;5;3;90;742;27;26;1052
JE;36410700004;Conhecimento;202409;445;170;163;311;6510;2739;2829;4802
JE;36410700004;Execução de Título Extrajudicial;202409;13;1;0;24;179;6;6;200
JE;36410700004;Execução de Título Extrajudicial;202410;5;1;0;13;170;7;6;194
JE;36410700004;Conhecimento;202410;403;209;217;365;6387;2661;2759;4710
JE;36410700004;Execução Judicial;202410;123;6;6;70;832;32;30;976
JE;36410700004;Conhecimento;202411;520;228;236;355;6427;2658;2708;4591
JE;36410700004;Execução de Título Extrajudicial;202411;11;0;0;13;169;4;4;183
JE;36410700004;Execução Judicial;202411;78;6;6;110;843;37;34;1054
JE;36410700004;Execução de Título Extrajudicial;202412;18;1;2;5;183;5;6;171
JE;36410700004;Conhecimento;202412;395;171;187;263;6518;2685;2703;4533
JE;36410700004;Execução Judicial;202412;129;6;2;39;949;42;34;1070
JE;36410700004;Execução Judicial;202501;60;8;2;77;985;50;33;1101
JE;36410700004;Conhecimento;202501;223;117;144;282;6562;2653;2757;4539
JE;36410700004;Execução de Título Extrajudicial;202501;7;3;0;9;184;8;4;166
JE;36410700004;Execução Judicial;202502;68;4;2;54;996;53;33;1081
JE;36410700004;Execução de Título Extrajudicial;202502;21;1;0;10;181;9;4;160
JE;36410700004;Conhecimento;202502;355;122;152;333;6118;2511;2656;4468
JE;36410700004;Conhecimento;202503;182;16;2;206;5821;2258;2414;4264
JE;36410700004;Execução de Título Extrajudicial;202503;16;0;0;14;190;9;4;163
JE;36410700004;Execução Judicial;202503;70;3;0;79;1042;53;30;1108
JE;36410700004;Execução Judicial;202504;78;8;0;61;1060;60;30;1055
JE;36410700004;Conhecimento;202504;208;34;21;201;5348;1979;2117;3959
JE;36410700004;Execução de Título Extrajudicial;202504;19;0;0;12;194;9;4;161
JE;36410700004;Execução de Título Extrajudicial;202505;15;0;0;32;195;9;3;177
JE;36410700004;Execução Judicial;202505;107;5;0;75;1116;63;27;1044
JE;36410700004;Conhecimento;202505;202;16;5;205;4967;1729;1840;3706
JE;36410700004;Execução Judicial;202506;59;5;2;78;1090;63;29;1030
JE;36410700004;Execução de Título Extrajudicial;202506;10;1;0;13;189;10;3;175
JE;36410700004;Conhecimento;202506;250;23;7;209;4483;1498;1556;3505
JE;36410700004;Conhecimento;202507;416;16;5;235;4027;1307;1333;3375
JE;36410700004;Execução de Título Extrajudicial;202507;38;1;1;7;189;11;4;165
JE;36410700004;Execução Judicial;202507;157;6;0;132;1114;66;26;915
JE;36410700004;Execução de Título Extrajudicial;202508;18;2;1;15;191;11;4;167
JE;36410700004;Conhecimento;202508;235;13;5;213;3834;1135;1144;3178
JE;36410700004;Execução Judicial;202508;96;5;2;90;1118;67;25;955
JE;36410700004;Execução Judicial;202509;90;11;25;105;1115;73;47;970
JE;36410700004;Conhecimento;202509;231;7;7;165;3620;972;988;3032
JE;36410700004;Execução de Título Extrajudicial;202509;22;1;2;17;200;11;6;160
JE;36410700004;Execução Judicial;202510;90;12;42;116;1082;79;83;1016
JE;36410700004;Conhecimento;202510;216;4;4;192;3433;767;775;2859
JE;36410700004;Execução de Título Extrajudicial;202510;12;0;0;44;207;10;6;191
JE;36410700004;Execução de Título Extrajudicial;202511;19;0;1;17;215;10;7;195
JE;36410700004;Execução Judicial;202511;103;26;37;108;1107;99;114;1014
JE;36410700004;Conhecimento;202511;253;4;3;159;3166;543;542;2663
JE;36410700004;Execução de Título Extrajudicial;202512;17;1;1;28;214;10;6;218
JE;36410700004;Execução Judicial;202512;141;49;33;69;1119;142;145;1044
JE;36410700004;Conhecimento;202512;180;4;1;127;2951;376;356;2527
JE;36410700004;Execução Judicial;202601;99;37;22;44;1158;171;165;1011
JE;36410700004;Execução de Título Extrajudicial;202601;10;0;0;20;217;7;6;229
JE;36410700004;Conhecimento;202601;76;6;3;148;2804;265;215;2393
JE;36410700004;Conhecimento;202602;173;9;8;181;2622;152;71;2241
JE;36410700004;Execução de Título Extrajudicial;202602;22;2;0;18;218;8;6;237
JE;36410700004;Execução Judicial;202602;91;46;18;63;1181;213;181;1020
JE;36410700004;Execução Judicial;202603;73;48;34;106;1184;258;215;1047
JE;36410700004;Execução de Título Extrajudicial;202603;31;1;0;24;233;9;6;247
JE;36410700004;Conhecimento;202603;273;13;8;231;2713;149;77;2266
JE;36410700004;Execução Judicial;202604;61;54;25;88;1167;304;240;1074
JE;36410700004;Conhecimento;202604;174;3;5;217;2679;118;61;2282
JE;36410700004;Execução de Título Extrajudicial;202604;23;2;1;24;237;11;7;259
JE;36410700004;Execução de Título Extrajudicial;202605;28;0;0;21;250;11;7;248
JE;36410700004;Conhecimento;202605;165;6;3;180;2642;108;59;2257
JE;36410700004;Execução Judicial;202605;90;27;16;75;1150;326;256;1074
JE;36410700004;Execução Judicial;202606;52;24;21;51;1143;345;275;1047
JE;36410700004;Conhecimento;202606;87;3;3;169;2479;88;55;2217
JE;36410700004;Execução de Título Extrajudicial;202606;15;0;0;11;255;10;7;246
JE;36420700001;Execução Judicial;202301;28;0;1;38;28;0;1;38
JE;36420700001;Conhecimento;202301;162;149;87;233;162;149;87;233
JE;36420700001;Execução de Título Extrajudicial;202301;9;2;2;12;9;2;2;12
JE;36420700001;Execução Judicial;202302;19;0;1;22;47;0;2;60
JE;36420700001;Execução de Título Extrajudicial;202302;4;0;0;6;13;2;2;18
JE;36420700001;Conhecimento;202302;387;156;241;395;549;305;328;628
JE;36420700001;Execução de Título Extrajudicial;202303;11;0;1;6;24;2;3;24
JE;36420700001;Conhecimento;202303;408;250;254;442;957;555;582;1070
JE;36420700001;Execução Judicial;202303;26;1;1;40;73;1;3;100
JE;36420700001;Execução Judicial;202304;39;0;0;38;112;1;3;138
JE;36420700001;Conhecimento;202304;266;174;154;348;1223;729;736;1418
JE;36420700001;Execução de Título Extrajudicial;202304;9;0;1;7;33;2;4;31
JE;36420700001;Conhecimento;202305;485;255;260;469;1708;984;996;1887
JE;36420700001;Execução de Título Extrajudicial;202305;17;0;0;9;50;2;4;40
JE;36420700001;Execução Judicial;202305;50;1;3;29;162;2;6;167
JE;36420700001;Execução Judicial;202306;33;1;0;46;195;3;6;213
JE;36420700001;Conhecimento;202306;439;200;229;419;2147;1184;1225;2306
JE;36420700001;Execução de Título Extrajudicial;202306;17;0;1;15;67;2;5;55
JE;36420700001;Execução de Título Extrajudicial;202307;9;0;0;10;76;2;5;65
JE;36420700001;Conhecimento;202307;562;292;285;447;2709;1476;1510;2753
JE;36420700001;Execução Judicial;202307;63;2;4;56;258;5;10;269
JE;36420700001;Execução de Título Extrajudicial;202308;13;1;1;10;89;3;6;75
JE;36420700001;Conhecimento;202308;583;310;377;601;3292;1786;1887;3354
JE;36420700001;Execução Judicial;202308;24;1;10;35;282;6;20;304
JE;36420700001;Execução de Título Extrajudicial;202309;17;3;1;11;106;6;7;86
JE;36420700001;Conhecimento;202309;721;291;311;506;4013;2077;2198;3860
JE;36420700001;Execução Judicial;202309;25;4;3;71;307;10;23;375
JE;36420700001;Execução Judicial;202310;41;1;3;63;348;11;26;438
JE;36420700001;Execução de Título Extrajudicial;202310;16;1;1;15;122;7;8;101
JE;36420700001;Conhecimento;202310;581;276;291;518;4594;2353;2489;4378
JE;36420700001;Execução Judicial;202311;43;1;0;77;391;12;26;515
JE;36420700001;Execução de Título Extrajudicial;202311;19;1;3;23;141;8;11;124
JE;36420700001;Conhecimento;202311;670;288;275;461;5264;2641;2764;4839
JE;36420700001;Execução de Título Extrajudicial;202312;10;0;0;11;151;8;11;135
JE;36420700001;Conhecimento;202312;467;193;190;329;5731;2834;2954;5168
JE;36420700001;Execução Judicial;202312;37;0;0;47;428;12;26;562
JE;36420700001;Conhecimento;202401;271;139;89;276;5840;2824;2956;5211
JE;36420700001;Execução de Título Extrajudicial;202401;8;1;0;12;150;7;9;135
JE;36420700001;Execução Judicial;202401;24;0;0;84;424;12;25;608
JE;36420700001;Conhecimento;202402;742;223;261;397;6195;2891;2976;5213
JE;36420700001;Execução Judicial;202402;66;0;0;59;471;12;24;645
JE;36420700001;Execução de Título Extrajudicial;202402;14;0;1;16;160;7;10;145
JE;36420700001;Execução Judicial;202403;45;0;0;71;490;11;23;676
JE;36420700001;Conhecimento;202403;504;253;249;419;6291;2894;2971;5190
JE;36420700001;Execução de Título Extrajudicial;202403;15;0;0;17;164;7;9;156
JE;36420700001;Execução de Título Extrajudicial;202404;12;0;0;16;167;7;8;165
JE;36420700001;Conhecimento;202404;586;281;304;526;6611;3001;3121;5368
JE;36420700001;Execução Judicial;202404;60;1;1;80;511;12;24;718
JE;36420700001;Execução Judicial;202405;85;0;1;81;546;11;22;770
JE;36420700001;Execução de Título Extrajudicial;202405;15;0;1;15;165;7;9;171
JE;36420700001;Conhecimento;202405;564;285;266;432;6690;3031;3127;5331
JE;36420700001;Conhecimento;202406;602;264;304;469;6853;3095;3202;5381
JE;36420700001;Execução Judicial;202406;66;2;3;72;579;12;25;796
JE;36420700001;Execução de Título Extrajudicial;202406;16;0;0;12;164;7;8;168
JE;36420700001;Execução Judicial;202407;72;2;5;75;588;12;26;815
JE;36420700001;Conhecimento;202407;489;209;228;371;6780;3012;3145;5305
JE;36420700001;Execução de Título Extrajudicial;202407;15;2;0;15;170;9;8;173
JE;36420700001;Conhecimento;202408;379;209;196;385;6576;2911;2964;5089
JE;36420700001;Execução Judicial;202408;62;1;2;71;626;12;18;851
JE;36420700001;Execução de Título Extrajudicial;202408;19;0;0;13;176;8;7;176
JE;36420700001;Execução Judicial;202409;48;3;4;45;649;11;19;825
JE;36420700001;Conhecimento;202409;321;165;145;311;6176;2785;2798;4894
JE;36420700001;Execução de Título Extrajudicial;202409;10;0;1;25;169;5;7;190
JE;36420700001;Conhecimento;202410;390;205;213;384;5985;2714;2720;4760
JE;36420700001;Execução Judicial;202410;52;2;4;72;660;12;20;834
JE;36420700001;Execução de Título Extrajudicial;202410;14;0;1;17;167;4;7;192
JE;36420700001;Conhecimento;202411;446;209;237;355;5761;2635;2682;4654
JE;36420700001;Execução de Título Extrajudicial;202411;42;1;0;10;190;4;4;179
JE;36420700001;Execução Judicial;202411;93;2;6;51;710;13;26;808
JE;36420700001;Execução Judicial;202412;54;3;10;63;727;16;36;824
JE;36420700001;Execução de Título Extrajudicial;202412;15;0;0;8;195;4;4;176
JE;36420700001;Conhecimento;202412;357;128;171;313;5651;2570;2663;4638
JE;36420700001;Execução Judicial;202501;32;1;8;42;735;17;44;782
JE;36420700001;Execução de Título Extrajudicial;202501;9;0;3;15;196;3;7;179
JE;36420700001;Conhecimento;202501;221;125;138;289;5601;2556;2712;4651
JE;36420700001;Execução de Título Extrajudicial;202502;12;1;0;11;194;4;6;174
JE;36420700001;Execução Judicial;202502;91;2;4;41;760;19;48;764
JE;36420700001;Conhecimento;202502;357;145;149;348;5216;2478;2600;4602
JE;36420700001;Conhecimento;202503;149;12;8;209;4861;2237;2359;4392
JE;36420700001;Execução Judicial;202503;62;1;5;86;777;20;53;779
JE;36420700001;Execução de Título Extrajudicial;202503;8;0;0;14;187;4;6;171
JE;36420700001;Execução de Título Extrajudicial;202504;19;0;0;11;194;4;6;166
JE;36420700001;Conhecimento;202504;241;21;9;200;4516;1977;2064;4066
JE;36420700001;Execução Judicial;202504;85;0;11;54;802;19;63;753
JE;36420700001;Execução de Título Extrajudicial;202505;10;2;1;23;189;6;6;174
JE;36420700001;Execução Judicial;202505;64;0;8;65;781;19;70;737
JE;36420700001;Conhecimento;202505;198;13;3;207;4150;1705;1801;3841
JE;36420700001;Conhecimento;202506;335;15;6;214;3883;1456;1503;3586
JE;36420700001;Execução Judicial;202506;64;1;11;60;779;18;78;725
JE;36420700001;Execução de Título Extrajudicial;202506;24;0;1;10;197;6;7;172
JE;36420700001;Execução de Título Extrajudicial;202507;45;2;2;14;227;6;9;171
JE;36420700001;Conhecimento;202507;460;21;8;222;3854;1268;1283;3437
JE;36420700001;Execução Judicial;202507;130;0;9;99;837;16;82;749
JE;36420700001;Conhecimento;202508;181;14;4;218;3656;1073;1091;3270
JE;36420700001;Execução Judicial;202508;35;5;10;85;810;20;90;763
JE;36420700001;Execução de Título Extrajudicial;202508;7;2;1;11;215;8;10;169
JE;36420700001;Execução Judicial;202509;84;13;18;68;846;30;104;786
JE;36420700001;Conhecimento;202509;212;8;4;144;3547;916;950;3103
JE;36420700001;Execução de Título Extrajudicial;202509;16;1;0;17;221;9;9;161
JE;36420700001;Conhecimento;202510;187;2;6;179;3344;713;743;2898
JE;36420700001;Execução Judicial;202510;79;35;36;73;873;63;136;787
JE;36420700001;Execução de Título Extrajudicial;202510;17;0;0;17;224;9;8;161
JE;36420700001;Execução Judicial;202511;58;30;31;65;838;91;161;801
JE;36420700001;Conhecimento;202511;129;9;6;162;3027;513;512;2705
JE;36420700001;Execução de Título Extrajudicial;202511;8;1;0;10;190;9;8;161
JE;36420700001;Conhecimento;202512;148;5;4;127;2818;390;345;2519
JE;36420700001;Execução Judicial;202512;55;39;46;61;839;127;197;799
JE;36420700001;Execução de Título Extrajudicial;202512;10;2;1;32;185;11;9;185
JE;36420700001;Conhecimento;202601;93;5;6;158;2690;270;213;2388
JE;36420700001;Execução Judicial;202601;26;25;32;44;833;151;221;801
JE;36420700001;Execução de Título Extrajudicial;202601;2;0;1;21;178;11;7;191
JE;36420700001;Execução de Título Extrajudicial;202602;14;0;1;15;180;10;8;195
JE;36420700001;Conhecimento;202602;202;8;10;228;2535;133;74;2268
JE;36420700001;Execução Judicial;202602;63;18;42;57;805;167;259;817
JE;36420700001;Conhecimento;202603;176;12;13;267;2562;133;79;2326
JE;36420700001;Execução de Título Extrajudicial;202603;29;0;0;24;201;10;8;205
JE;36420700001;Execução Judicial;202603;56;36;42;76;799;202;296;807
JE;36420700001;Execução Judicial;202604;73;21;49;94;787;223;334;847
JE;36420700001;Conhecimento;202604;191;9;5;250;2512;121;75;2376
JE;36420700001;Execução de Título Extrajudicial;202604;14;0;1;19;196;10;9;213
JE;36420700001;Execução Judicial;202605;62;17;41;70;785;240;367;852
JE;36420700001;Execução de Título Extrajudicial;202605;22;0;0;21;208;8;8;211
JE;36420700001;Conhecimento;202605;265;6;9;214;2579;114;81;2383
JE;36420700001;Conhecimento;202606;164;1;3;175;2408;100;78;2344
JE;36420700001;Execução de Título Extrajudicial;202606;15;0;0;10;199;8;7;211
JE;36420700001;Execução Judicial;202606;40;18;17;48;761;257;373;840
JE;36450700007;Conhecimento;202301;21;3;2;55;21;3;2;55
JE;36450700007;Conhecimento;202302;67;386;398;60;88;389;400;115
JE;36450700007;Conhecimento;202303;72;27;28;57;160;416;428;172
JE;36450700007;Conhecimento;202304;79;0;1;71;239;416;429;243
JE;36450700007;Conhecimento;202305;126;0;0;112;365;416;429;355
JE;36450700007;Conhecimento;202306;118;5;6;72;483;421;435;427
JE;36450700007;Execução Judicial;202306;0;0;0;0;0;0;0;0
JE;36450700007;Conhecimento;202307;80;4;3;96;563;425;438;523
JE;36450700007;Conhecimento;202308;75;3;2;70;638;428;440;593
JE;36450700007;Conhecimento;202309;48;12;11;73;686;440;451;666
JE;36450700007;Conhecimento;202310;110;1;1;89;796;441;452;755
JE;36450700007;Conhecimento;202311;135;4;5;69;931;445;457;824
JE;36450700007;Conhecimento;202312;143;2;2;83;1074;447;459;907
JE;36450700007;Conhecimento;202401;25;8;4;63;1078;452;461;915
JE;36450700007;Conhecimento;202402;84;17;6;66;1095;83;69;921
JE;36450700007;Conhecimento;202403;75;15;2;62;1098;71;43;926
JE;36450700007;Conhecimento;202404;109;21;3;72;1128;92;45;927
JE;36450700007;Conhecimento;202405;94;12;4;81;1096;104;49;896
JE;36450700007;Conhecimento;202406;110;13;3;82;1088;112;46;906
JE;36450700007;Conhecimento;202407;109;11;2;56;1117;119;45;866
JE;36450700007;Conhecimento;202408;86;17;1;33;1128;133;44;829
JE;36450700007;Conhecimento;202409;91;16;4;67;1171;137;37;823
JE;36450700007;Conhecimento;202410;96;30;2;40;1157;166;38;774
JE;36450700007;Conhecimento;202411;77;3;3;41;1099;165;36;746
JE;36450700007;Conhecimento;202412;56;3;4;56;1012;166;38;719
JE;36450700007;Conhecimento;202501;80;10;3;55;1067;168;37;711
JE;36450700007;Conhecimento;202502;49;4;0;67;1032;155;31;712
JE;36450700007;Conhecimento;202503;51;4;4;66;1008;144;33;716
JE;36450700007;Conhecimento;202504;89;4;2;78;988;127;32;722
JE;36450700007;Conhecimento;202505;58;3;2;91;952;118;30;732
JE;36450700007;Conhecimento;202506;81;5;3;132;923;110;30;782
JE;36450700007;Conhecimento;202507;129;4;2;84;943;103;30;810
JE;36450700007;Conhecimento;202508;89;7;3;82;946;93;32;859
JE;36450700007;Conhecimento;202509;94;5;5;81;949;82;33;873
JE;36450700007;Conhecimento;202510;76;5;2;108;929;57;33;941
JE;36450700007;Conhecimento;202511;111;1;3;67;963;55;33;967
JE;36450700007;Conhecimento;202512;88;4;1;55;995;56;30;966
JE;36450700007;Conhecimento;202601;34;0;0;82;949;46;27;993
JE;36450700007;Conhecimento;202602;80;3;0;95;980;45;27;1021
JE;36450700007;Conhecimento;202603;91;6;3;70;1020;47;26;1025
JE;36450700007;Conhecimento;202604;84;5;4;77;1015;48;28;1024
JE;36450700007;Conhecimento;202605;107;9;1;84;1064;54;27;1017
JE;36450700007;Conhecimento;202606;52;12;4;54;1035;61;28;939
JE;63790010904;Conhecimento;202305;0;0;0;1;0;0;0;1
JE;63790010904;Conhecimento;202306;0;0;0;1;0;0;0;2
JE;63790010904;Conhecimento;202307;0;0;0;0;0;0;0;2
JE;63790010904;Conhecimento;202308;0;0;0;2;0;0;0;4
JE;63790010904;Conhecimento;202309;0;0;0;1;0;0;0;5
JE;63790010904;Conhecimento;202312;3;0;0;0;3;0;0;5
JE;63790010904;Conhecimento;202401;0;0;1;0;3;0;1;5
JE;63790010904;Conhecimento;202402;0;1;0;1;3;1;1;6
JE;63790010904;Conhecimento;202403;0;2;1;1;3;3;2;7
JE;63790010904;Conhecimento;202405;0;1;1;1;3;4;3;7
JE;63790010904;Conhecimento;202406;0;0;0;2;3;4;3;8
JE;63790010904;Conhecimento;202408;0;1;2;2;3;5;5;8
JE;63790010904;Conhecimento;202409;0;0;0;1;3;5;5;8
JE;63790010904;Conhecimento;202410;0;5;5;0;3;10;10;8
JE;63790010904;Conhecimento;202412;2;1;1;0;2;11;11;8
JE;63790010904;Conhecimento;202501;0;1;1;0;2;12;11;8
JE;63790010904;Conhecimento;202503;0;1;2;0;2;10;12;6
JE;63790010904;Conhecimento;202504;0;1;2;1;2;11;14;7
JE;63790010904;Conhecimento;202505;0;0;1;1;2;10;14;7
JE;63790010904;Conhecimento;202506;0;0;1;2;2;10;15;7
JE;63790010904;Conhecimento;202507;0;0;1;0;2;10;16;7
JE;63790010904;Conhecimento;202508;0;1;0;0;2;10;14;5
JE;63790010904;Conhecimento;202509;0;0;1;0;2;10;15;4
JE;63790010904;Conhecimento;202511;0;0;1;1;2;5;11;5
JE;63790010904;Conhecimento;202512;0;1;1;1;0;5;11;6
JE;63790010904;Conhecimento;202602;0;0;1;2;0;4;11;8
JE;63790010904;Conhecimento;202603;0;2;2;1;0;5;11;9
JE;63790010904;Conhecimento;202605;0;2;4;5;0;6;12;12
JE;63790010904;Conhecimento;202606;0;0;2;0;0;6;13;10
JE;743000020015;Conhecimento;202301;0;0;1;0;0;0;1;0
JE;743000020015;Conhecimento;202305;0;0;1;0;0;0;2;0
JE;743000020015;Conhecimento;202408;0;1;1;0;0;1;1;0
JE;743000020015;Conhecimento;202505;0;1;0;0;0;2;1;0
JE;743000020015;Conhecimento;202508;0;0;1;0;0;1;1;0
JE;743000020015;Conhecimento;202602;0;0;1;1;0;1;2;1
JE;743020220001;Conhecimento;202301;0;0;1;1;0;0;1;1
JE;743020220001;Conhecimento;202307;0;0;1;0;0;0;2;1
JE;743020220001;Conhecimento;202406;0;0;0;1;0;0;1;1
JE;743020220001;Conhecimento;202412;0;1;1;0;0;1;1;1
JE;743020220001;Execução de Título Extrajudicial;202511;0;0;0;1;0;0;0;1
JE;743020220001;Execução de Título Extrajudicial;202601;0;1;1;0;0;1;1;1
JE;743020220002;Conhecimento;202301;0;0;0;1;0;0;0;1
JE;743020220002;Conhecimento;202305;0;0;1;0;0;0;1;1
JE;743020220002;Conhecimento;202501;0;0;0;1;0;0;0;1
JE;743020220002;Conhecimento;202502;0;0;1;0;0;0;1;1
JE;743020220003;Conhecimento;202301;0;0;0;6;0;0;0;6
JE;743020220003;Execução de Título Extrajudicial;202301;0;0;0;0;0;0;0;0
JE;743020220003;Execução Judicial;202301;0;0;0;0;0;0;0;0
JE;743020220003;Conhecimento;202302;1;0;0;2;1;0;0;8
JE;743020220003;Execução de Título Extrajudicial;202302;0;0;0;0;0;0;0;0
JE;743020220003;Execução Judicial;202302;0;0;0;0;0;0;0;0
JE;743020220003;Execução de Título Extrajudicial;202303;1;0;0;0;1;0;0;0
JE;743020220003;Execução Judicial;202303;0;0;0;0;0;0;0;0
JE;743020220003;Conhecimento;202303;6;0;0;3;7;0;0;11
JE;743020220003;Execução de Título Extrajudicial;202304;0;0;0;0;1;0;0;0
JE;743020220003;Conhecimento;202304;4;0;0;3;11;0;0;14
JE;743020220003;Execução Judicial;202304;0;0;0;0;0;0;0;0
JE;743020220003;Execução Judicial;202305;0;0;0;1;0;0;0;1
JE;743020220003;Conhecimento;202305;3;0;0;2;14;0;0;16
JE;743020220003;Execução de Título Extrajudicial;202305;0;0;0;0;1;0;0;0
JE;743020220003;Conhecimento;202306;6;0;0;3;20;0;0;19
JE;743020220003;Execução de Título Extrajudicial;202306;0;0;0;0;1;0;0;0
JE;743020220003;Execução Judicial;202306;0;0;0;1;0;0;0;2
JE;743020220003;Conhecimento;202307;3;0;0;5;23;0;0;24
JE;743020220003;Execução de Título Extrajudicial;202307;1;0;0;1;2;0;0;1
JE;743020220003;Execução Judicial;202307;0;0;0;0;0;0;0;2
JE;743020220003;Execução Judicial;202308;0;0;0;0;0;0;0;2
JE;743020220003;Execução de Título Extrajudicial;202308;0;0;0;0;2;0;0;1
JE;743020220003;Conhecimento;202308;4;0;0;4;27;0;0;28
JE;743020220003;Execução de Título Extrajudicial;202309;0;0;0;0;2;0;0;1
JE;743020220003;Conhecimento;202309;4;0;0;0;31;0;0;28
JE;743020220003;Execução Judicial;202309;0;0;0;3;0;0;0;5
JE;743020220003;Execução Judicial;202310;0;0;0;0;0;0;0;5
JE;743020220003;Conhecimento;202310;5;0;0;4;36;0;0;32
JE;743020220003;Execução de Título Extrajudicial;202310;0;0;0;0;2;0;0;1
JE;743020220003;Execução Judicial;202311;1;0;0;1;1;0;0;6
JE;743020220003;Execução de Título Extrajudicial;202311;0;0;0;0;2;0;0;1
JE;743020220003;Conhecimento;202311;3;0;0;1;39;0;0;33
JE;743020220003;Execução de Título Extrajudicial;202312;0;0;0;0;2;0;0;1
JE;743020220003;Execução Judicial;202312;0;0;0;0;1;0;0;6
JE;743020220003;Conhecimento;202312;2;0;0;1;41;0;0;34
JE;743020220003;Execução de Título Extrajudicial;202401;0;0;0;0;2;0;0;1
JE;743020220003;Execução Judicial;202401;0;0;0;2;1;0;0;8
JE;743020220003;Conhecimento;202401;2;0;0;3;43;0;0;31
JE;743020220003;Execução de Título Extrajudicial;202402;0;0;0;0;2;0;0;1
JE;743020220003;Conhecimento;202402;3;0;0;2;45;0;0;31
JE;743020220003;Execução Judicial;202402;1;0;0;0;2;0;0;8
JE;743020220003;Execução Judicial;202403;1;0;0;0;3;0;0;8
JE;743020220003;Execução de Título Extrajudicial;202403;0;0;0;0;1;0;0;1
JE;743020220003;Conhecimento;202403;1;0;0;2;40;0;0;30
JE;743020220003;Execução Judicial;202404;0;0;0;2;3;0;0;10
JE;743020220003;Conhecimento;202404;3;0;0;0;39;0;0;27
JE;743020220003;Execução de Título Extrajudicial;202404;0;0;0;0;1;0;0;1
JE;743020220003;Conhecimento;202405;0;0;0;6;36;0;0;31
JE;743020220003;Execução de Título Extrajudicial;202405;0;0;0;0;1;0;0;1
JE;743020220003;Execução Judicial;202405;0;0;0;1;3;0;0;10
JE;743020220003;Execução de Título Extrajudicial;202406;0;0;0;0;1;0;0;1
JE;743020220003;Conhecimento;202406;7;0;0;1;37;0;0;29
JE;743020220003;Execução Judicial;202406;0;0;0;0;3;0;0;9
JE;743020220003;Execução de Título Extrajudicial;202407;0;0;0;0;0;0;0;0
JE;743020220003;Execução Judicial;202407;2;0;0;2;5;0;0;11
JE;743020220003;Conhecimento;202407;6;0;0;2;40;0;0;26
JE;743020220003;Execução de Título Extrajudicial;202408;0;0;0;0;0;0;0;0
JE;743020220003;Execução Judicial;202408;1;0;0;0;6;0;0;11
JE;743020220003;Conhecimento;202408;5;0;0;5;41;0;0;27
JE;743020220003;Execução de Título Extrajudicial;202409;1;0;0;0;1;0;0;0
JE;743020220003;Execução Judicial;202409;1;0;0;0;7;0;0;8
JE;743020220003;Conhecimento;202409;5;0;0;4;42;0;0;31
JE;743020220003;Conhecimento;202410;1;0;0;2;38;0;0;29
JE;743020220003;Execução Judicial;202410;0;0;0;1;7;0;0;9
JE;743020220003;Execução de Título Extrajudicial;202410;0;0;0;1;1;0;0;1
JE;743020220003;Execução de Título Extrajudicial;202411;0;0;0;0;1;0;0;1
JE;743020220003;Execução Judicial;202411;0;0;0;3;6;0;0;11
JE;743020220003;Conhecimento;202411;0;0;0;1;35;0;0;29
JE;743020220003;Execução de Título Extrajudicial;202412;1;0;0;0;2;0;0;1
JE;743020220003;Execução Judicial;202412;0;0;0;0;6;0;0;11
JE;743020220003;Conhecimento;202412;3;0;0;0;36;0;0;28
JE;743020220003;Execução de Título Extrajudicial;202501;0;0;0;0;2;0;0;1
JE;743020220003;Execução Judicial;202501;0;0;0;0;6;0;0;9
JE;743020220003;Conhecimento;202501;1;0;0;6;35;0;0;31
JE;743020220003;Execução Judicial;202502;3;0;0;1;8;0;0;10
JE;743020220003;Conhecimento;202502;2;0;0;4;34;0;0;33
JE;743020220003;Execução de Título Extrajudicial;202502;0;0;0;0;2;0;0;1
JE;743020220003;Execução Judicial;202503;0;0;0;1;7;0;0;11
JE;743020220003;Conhecimento;202503;3;0;0;6;36;0;0;37
JE;743020220003;Execução de Título Extrajudicial;202503;0;0;0;0;2;0;0;1
JE;743020220003;Conhecimento;202504;2;0;0;3;35;0;0;40
JE;743020220003;Execução Judicial;202504;0;0;0;0;7;0;0;9
JE;743020220003;Execução de Título Extrajudicial;202504;0;0;0;0;2;0;0;1
JE;743020220003;Conhecimento;202505;4;0;0;1;39;0;0;35
JE;743020220003;Execução de Título Extrajudicial;202505;0;0;0;0;2;0;0;1
JE;743020220003;Execução Judicial;202505;0;0;0;1;7;0;0;9
JE;743020220003;Execução de Título Extrajudicial;202506;0;0;0;0;2;0;0;1
JE;743020220003;Execução Judicial;202506;1;0;0;1;8;0;0;10
JE;743020220003;Conhecimento;202506;4;0;0;0;36;0;0;34
JE;743020220003;Conhecimento;202507;3;0;0;1;33;0;0;33
JE;743020220003;Execução Judicial;202507;0;0;0;1;6;0;0;9
JE;743020220003;Execução de Título Extrajudicial;202507;0;0;0;0;2;0;0;1
JE;743020220003;Conhecimento;202508;1;0;0;5;29;0;0;33
JE;743020220003;Execução Judicial;202508;0;0;0;0;5;0;0;9
JE;743020220003;Execução de Título Extrajudicial;202508;0;0;0;0;2;0;0;1
JE;743020220003;Execução de Título Extrajudicial;202509;0;0;0;0;1;0;0;1
JE;743020220003;Conhecimento;202509;4;0;0;5;28;0;0;34
JE;743020220003;Execução Judicial;202509;0;0;0;1;4;0;0;10
JE;743020220003;Execução de Título Extrajudicial;202510;0;0;0;0;1;0;0;0
JE;743020220003;Execução Judicial;202510;1;0;0;0;5;0;0;9
JE;743020220003;Conhecimento;202510;1;0;0;4;28;0;0;36
JE;743020220003;Conhecimento;202511;0;0;0;7;28;0;0;42
JE;743020220003;Execução de Título Extrajudicial;202511;0;0;0;0;1;0;0;0
JE;743020220003;Execução Judicial;202511;1;0;0;0;6;0;0;6
JE;743020220003;Execução de Título Extrajudicial;202512;0;0;0;0;0;0;0;0
JE;743020220003;Conhecimento;202512;0;0;0;1;25;0;0;43
JE;743020220003;Execução Judicial;202512;0;0;0;0;6;0;0;6
JE;743020220003;Conhecimento;202601;7;0;0;3;31;0;0;40
JE;743020220003;Execução de Título Extrajudicial;202601;0;0;0;1;0;0;0;1
JE;743020220003;Execução Judicial;202601;1;0;0;0;7;0;0;6
JE;743020220003;Execução de Título Extrajudicial;202602;0;0;0;2;0;0;0;3
JE;743020220003;Conhecimento;202602;6;1;0;9;35;1;0;45
JE;743020220003;Execução Judicial;202602;0;0;0;1;4;0;0;6
JE;743020220003;Execução Judicial;202603;5;0;0;1;9;0;0;6
JE;743020220003;Execução de Título Extrajudicial;202603;1;0;0;2;1;0;0;5
JE;743020220003;Conhecimento;202603;10;0;0;5;42;1;0;44
JE;743020220003;Conhecimento;202604;4;0;0;10;44;1;0;51
JE;743020220003;Execução Judicial;202604;4;0;0;3;13;0;0;9
JE;743020220003;Execução de Título Extrajudicial;202604;0;0;1;0;1;0;1;5
JE;743020220003;Execução de Título Extrajudicial;202605;0;0;0;0;1;0;1;5
JE;743020220003;Conhecimento;202605;2;0;0;4;42;1;0;54
JE;743020220003;Execução Judicial;202605;0;0;0;5;13;0;0;13
JE;743020220003;Conhecimento;202606;6;1;1;3;44;2;1;57
JE;743020220003;Execução Judicial;202606;0;0;0;0;12;0;0;12
JE;743020220003;Execução de Título Extrajudicial;202606;0;0;0;0;1;0;1;5
JE;743020220004;Conhecimento;202301;0;0;1;0;0;0;1;0
JE;743020220004;Conhecimento;202302;3;0;1;1;3;0;2;1
JE;743020220004;Conhecimento;202303;3;0;0;0;6;0;2;1
JE;743020220004;Conhecimento;202304;1;0;0;1;7;0;2;2
JE;743020220004;Conhecimento;202305;0;1;0;2;7;1;2;4
JE;743020220004;Conhecimento;202306;11;0;0;5;18;1;2;9
JE;743020220004;Conhecimento;202307;2;0;0;3;20;1;2;12
JE;743020220004;Conhecimento;202308;0;0;0;1;20;1;2;13
JE;743020220004;Conhecimento;202309;0;0;0;6;20;1;2;19
JE;743020220004;Conhecimento;202310;4;0;0;1;24;1;2;20
JE;743020220004;Conhecimento;202311;0;1;0;1;24;2;2;21
JE;743020220004;Conhecimento;202312;1;0;0;1;25;2;2;22
JE;743020220004;Conhecimento;202401;0;0;0;2;25;2;1;24
JE;743020220004;Conhecimento;202402;1;0;0;2;23;2;0;25
JE;743020220004;Conhecimento;202403;2;0;0;0;22;2;0;25
JE;743020220004;Conhecimento;202404;3;0;0;0;24;2;0;24
JE;743020220004;Conhecimento;202405;1;2;0;0;25;3;0;22
JE;743020220004;Conhecimento;202406;0;0;0;0;14;3;0;17
JE;743020220004;Conhecimento;202407;3;0;0;1;15;3;0;15
JE;743020220004;Conhecimento;202408;3;1;0;0;18;4;0;14
JE;743020220004;Conhecimento;202409;0;1;0;0;18;5;0;8
JE;743020220004;Conhecimento;202410;2;0;0;6;16;5;0;13
JE;743020220004;Conhecimento;202411;3;1;0;1;19;5;0;13
JE;743020220004;Conhecimento;202412;4;1;0;1;22;6;0;13
JE;743020220004;Conhecimento;202501;1;0;0;3;23;6;0;14
JE;743020220004;Conhecimento;202502;3;1;0;0;25;7;0;12
JE;743020220004;Conhecimento;202503;4;0;0;0;27;7;0;12
JE;743020220004;Conhecimento;202504;1;0;0;1;25;7;0;13
JE;743020220004;Conhecimento;202505;6;0;0;3;30;5;0;16
JE;743020220004;Conhecimento;202506;1;0;0;0;31;5;0;16
JE;743020220004;Conhecimento;202507;8;1;0;2;36;6;0;17
JE;743020220004;Conhecimento;202508;1;1;0;0;34;6;0;17
JE;743020220004;Conhecimento;202509;1;0;0;3;35;5;0;20
JE;743020220004;Conhecimento;202510;3;1;0;2;36;6;0;16
JE;743020220004;Conhecimento;202511;3;1;0;0;36;6;0;15
JE;743020220004;Conhecimento;202512;0;0;0;3;32;5;0;17
JE;743020220004;Conhecimento;202601;2;0;0;0;33;5;0;14
JE;743020220004;Conhecimento;202602;1;0;0;0;31;4;0;14
JE;743020220004;Conhecimento;202603;6;1;0;0;33;5;0;14
JE;743020220004;Conhecimento;202604;0;1;0;0;32;6;0;13
JE;743020220004;Conhecimento;202605;0;1;0;1;26;7;0;11
JE;743020220004;Conhecimento;202606;1;0;0;0;26;7;0;11
JE;743020220009;Conhecimento;202301;0;1;0;0;0;1;0;0
JE;743020220009;Execução Judicial;202301;0;0;0;0;0;0;0;0
JE;743020220009;Execução Judicial;202302;0;0;0;0;0;0;0;0
JE;743020220009;Conhecimento;202302;2;0;0;0;2;1;0;0
JE;743020220009;Execução Judicial;202303;0;0;0;1;0;0;0;1
JE;743020220009;Conhecimento;202303;3;0;0;3;5;1;0;3
JE;743020220009;Execução Judicial;202304;1;0;0;0;1;0;0;1
JE;743020220009;Conhecimento;202304;1;0;0;0;6;1;0;3
JE;743020220009;Conhecimento;202305;1;0;0;0;7;1;0;3
JE;743020220009;Execução Judicial;202305;2;0;0;1;3;0;0;2
JE;743020220009;Conhecimento;202306;1;0;0;17;8;1;0;20
JE;743020220009;Execução Judicial;202306;0;0;0;2;3;0;0;4
JE;743020220009;Execução Judicial;202307;1;0;0;0;4;0;0;4
JE;743020220009;Conhecimento;202307;0;1;0;2;8;2;0;22
JE;743020220009;Conhecimento;202308;2;0;0;0;10;2;0;22
JE;743020220009;Execução Judicial;202308;0;0;0;0;4;0;0;4
JE;743020220009;Execução Judicial;202309;1;0;0;0;5;0;0;4
JE;743020220009;Conhecimento;202309;4;0;0;1;14;2;0;23
JE;743020220009;Conhecimento;202310;13;0;0;1;27;2;0;24
JE;743020220009;Execução Judicial;202310;0;0;0;1;5;0;0;5
JE;743020220009;Execução Judicial;202311;0;0;0;3;5;0;0;8
JE;743020220009;Conhecimento;202311;2;0;0;0;29;2;0;24
JE;743020220009;Execução Judicial;202312;0;0;0;0;5;0;0;8
JE;743020220009;Conhecimento;202312;2;0;0;1;31;2;0;25
JE;743020220009;Conhecimento;202401;9;0;0;1;40;1;0;26
JE;743020220009;Execução Judicial;202401;0;0;0;1;5;0;0;9
JE;743020220009;Execução Judicial;202402;0;0;0;0;5;0;0;9
JE;743020220009;Conhecimento;202402;1;0;0;1;39;1;0;27
JE;743020220009;Conhecimento;202403;1;0;0;0;37;1;0;24
JE;743020220009;Execução Judicial;202403;0;0;0;0;5;0;0;8
JE;743020220009;Execução Judicial;202404;0;0;0;0;4;0;0;8
JE;743020220009;Conhecimento;202404;1;0;0;0;37;1;0;24
JE;743020220009;Conhecimento;202405;0;0;0;0;36;1;0;24
JE;743020220009;Execução Judicial;202405;0;0;0;1;2;0;0;8
JE;743020220009;Execução Judicial;202406;1;0;0;0;3;0;0;6
JE;743020220009;Conhecimento;202406;0;0;0;0;35;1;0;7
JE;743020220009;Execução Judicial;202407;0;0;0;1;2;0;0;7
JE;743020220009;Conhecimento;202407;1;0;0;2;36;0;0;7
JE;743020220009;Conhecimento;202408;2;0;0;2;36;0;0;9
JE;743020220009;Execução Judicial;202408;0;0;0;0;2;0;0;7
JE;743020220009;Execução Judicial;202409;0;0;0;0;1;0;0;7
JE;743020220009;Conhecimento;202409;1;0;0;0;33;0;0;8
JE;743020220009;Execução Judicial;202410;2;0;0;0;3;0;0;6
JE;743020220009;Conhecimento;202410;0;0;0;1;20;0;0;8
JE;743020220009;Execução Judicial;202411;0;0;0;0;3;0;0;3
JE;743020220009;Conhecimento;202411;1;0;0;1;19;0;0;9
JE;743020220009;Conhecimento;202412;0;0;0;0;17;0;0;8
JE;743020220009;Execução Judicial;202412;1;0;0;0;4;0;0;3
JE;743020220009;Conhecimento;202501;2;0;0;10;10;0;0;17
JE;743020220009;Execução Judicial;202501;0;0;0;0;4;0;0;2
JE;743020220009;Execução Judicial;202502;1;0;0;1;5;0;0;3
JE;743020220009;Conhecimento;202502;0;0;0;6;9;0;0;22
JE;743020220009;Execução Judicial;202503;0;0;0;1;5;0;0;4
JE;743020220009;Conhecimento;202503;0;0;0;2;8;0;0;24
JE;743020220009;Conhecimento;202504;1;0;0;0;8;0;0;24
JE;743020220009;Execução Judicial;202504;2;0;0;1;7;0;0;5
JE;743020220009;Execução Judicial;202505;0;0;0;2;7;0;0;6
JE;743020220009;Conhecimento;202505;2;0;0;1;10;0;0;25
JE;743020220009;Execução Judicial;202506;0;0;0;0;6;0;0;6
JE;743020220009;Conhecimento;202506;0;0;0;0;10;0;0;25
JE;743020220009;Conhecimento;202507;17;0;0;5;26;0;0;28
JE;743020220009;Execução Judicial;202507;2;0;0;1;8;0;0;6
JE;743020220009;Conhecimento;202508;0;0;0;7;24;0;0;33
JE;743020220009;Execução Judicial;202508;0;0;0;1;8;0;0;7
JE;743020220009;Conhecimento;202509;0;0;0;4;23;0;0;37
JE;743020220009;Execução Judicial;202509;0;0;0;0;8;0;0;7
JE;743020220009;Conhecimento;202510;0;0;0;1;23;0;0;37
JE;743020220009;Execução Judicial;202510;0;0;0;2;6;0;0;9
JE;743020220009;Execução Judicial;202511;0;0;0;1;6;0;0;10
JE;743020220009;Conhecimento;202511;2;0;0;5;24;0;0;41
JE;743020220009;Execução Judicial;202512;0;0;0;0;5;0;0;10
JE;743020220009;Conhecimento;202512;1;0;0;1;25;0;0;42
JE;743020220009;Conhecimento;202601;0;0;0;11;23;0;0;43
JE;743020220009;Execução Judicial;202601;0;0;0;0;5;0;0;10
JE;743020220009;Conhecimento;202602;0;0;0;2;23;0;0;39
JE;743020220009;Execução Judicial;202602;4;0;0;0;8;0;0;9
JE;743020220009;Execução Judicial;202603;2;0;0;10;10;0;0;18
JE;743020220009;Conhecimento;202603;2;0;0;1;25;0;0;38
JE;743020220009;Conhecimento;202604;10;0;0;1;34;0;0;39
JE;743020220009;Execução Judicial;202604;1;0;0;1;9;0;0;18
JE;743020220009;Conhecimento;202605;3;0;0;9;35;0;0;47
JE;743020220009;Execução Judicial;202605;1;0;0;0;10;0;0;16
JE;743020220009;Conhecimento;202606;3;0;0;2;38;0;0;49
JE;743020220009;Execução Judicial;202606;1;0;0;0;11;0;0;16
JE;81480150001;Conhecimento;202301;0;0;0;1;0;0;0;1
JE;81480150001;Conhecimento;202302;0;0;1;0;0;0;1;1
JE;81480150001;Conhecimento;202406;0;0;0;1;0;0;0;1
JE;81480150001;Conhecimento;202407;0;0;1;0;0;0;1;1
JE;81480150001;Conhecimento;202504;0;0;0;1;0;0;1;2
JE;81480150001;Execução Judicial;202512;0;0;0;1;0;0;0;1
JE;81480150001;Execução Judicial;202601;0;0;0;1;0;0;0;2
JE;81480150001;Execução Judicial;202602;0;0;1;0;0;0;1;2
JE;81480150001;Conhecimento;202603;0;0;1;0;0;0;1;1
JE;81480150001;Execução Judicial;202603;0;0;1;0;0;0;2;2
JE;81480150001;Conhecimento;202605;0;0;1;1;0;0;2;1
JE;81480150002;Conhecimento;202506;0;1;0;0;0;1;0;0
JE;81480150002;Conhecimento;202507;0;0;1;0;0;1;1;0
JE;81480150003;Execução de Título Extrajudicial;202301;0;0;0;0;0;0;0;0
JE;81480150003;Conhecimento;202301;13;0;0;14;13;0;0;14
JE;81480150003;Execução Judicial;202301;1;0;0;1;1;0;0;1
JE;81480150003;Execução de Título Extrajudicial;202302;0;0;0;0;0;0;0;0
JE;81480150003;Conhecimento;202302;15;0;0;19;28;0;0;33
JE;81480150003;Execução Judicial;202302;2;0;0;1;3;0;0;2
JE;81480150003;Execução Judicial;202303;2;0;0;8;5;0;0;10
JE;81480150003;Conhecimento;202303;9;0;0;21;37;0;0;54
JE;81480150003;Execução de Título Extrajudicial;202303;3;0;0;13;3;0;0;13
JE;81480150003;Execução de Título Extrajudicial;202304;1;0;0;3;4;0;0;16
JE;81480150003;Execução Judicial;202304;2;0;0;0;7;0;0;10
JE;81480150003;Conhecimento;202304;6;0;0;32;43;0;0;86
JE;81480150003;Conhecimento;202305;11;1;0;18;54;1;0;104
JE;81480150003;Execução de Título Extrajudicial;202305;1;0;0;0;5;0;0;16
JE;81480150003;Execução Judicial;202305;2;0;0;10;9;0;0;20
JE;81480150003;Conhecimento;202306;31;0;0;10;85;1;0;114
JE;81480150003;Execução de Título Extrajudicial;202306;2;0;0;0;7;0;0;16
JE;81480150003;Execução Judicial;202306;3;0;0;2;12;0;0;22
JE;81480150003;Execução Judicial;202307;4;0;0;1;16;0;0;23
JE;81480150003;Execução de Título Extrajudicial;202307;11;0;0;1;18;0;0;17
JE;81480150003;Conhecimento;202307;9;0;0;23;94;1;0;137
JE;81480150003;Execução Judicial;202308;2;0;0;2;18;0;0;25
JE;81480150003;Execução de Título Extrajudicial;202308;6;0;0;0;24;0;0;17
JE;81480150003;Conhecimento;202308;19;0;0;17;113;1;0;154
JE;81480150003;Conhecimento;202309;19;0;0;13;132;1;0;167
JE;81480150003;Execução Judicial;202309;3;0;0;1;21;0;0;26
JE;81480150003;Execução de Título Extrajudicial;202309;9;0;0;0;33;0;0;17
JE;81480150003;Execução Judicial;202310;4;0;0;3;25;0;0;29
JE;81480150003;Execução de Título Extrajudicial;202310;7;0;0;0;40;0;0;17
JE;81480150003;Conhecimento;202310;27;0;0;8;159;1;0;175
JE;81480150003;Conhecimento;202311;34;0;0;5;193;1;0;180
JE;81480150003;Execução Judicial;202311;7;0;0;6;32;0;0;35
JE;81480150003;Execução de Título Extrajudicial;202311;8;0;0;0;48;0;0;17
JE;81480150003;Execução de Título Extrajudicial;202312;3;0;0;0;51;0;0;17
JE;81480150003;Execução Judicial;202312;11;0;0;11;43;0;0;46
JE;81480150003;Conhecimento;202312;15;0;0;7;208;1;0;187
JE;81480150003;Execução de Título Extrajudicial;202401;1;0;0;0;52;0;0;17
JE;81480150003;Conhecimento;202401;9;0;0;4;204;1;0;177
JE;81480150003;Execução Judicial;202401;0;0;0;1;42;0;0;46
JE;81480150003;Execução Judicial;202402;0;0;0;3;40;0;0;48
JE;81480150003;Conhecimento;202402;18;0;0;10;207;1;0;168
JE;81480150003;Execução de Título Extrajudicial;202402;5;0;0;0;57;0;0;17
JE;81480150003;Execução de Título Extrajudicial;202403;1;0;0;1;55;0;0;5
JE;81480150003;Execução Judicial;202403;0;0;0;2;38;0;0;42
JE;81480150003;Conhecimento;202403;9;0;0;13;207;1;0;160
JE;81480150003;Execução de Título Extrajudicial;202404;3;0;0;1;57;0;0;3
JE;81480150003;Conhecimento;202404;20;0;0;9;221;1;0;137
JE;81480150003;Execução Judicial;202404;10;0;0;5;46;0;0;47
JE;81480150003;Conhecimento;202405;15;0;0;9;225;0;0;128
JE;81480150003;Execução Judicial;202405;1;0;0;1;45;0;0;38
JE;81480150003;Execução de Título Extrajudicial;202405;0;0;0;1;56;0;0;4
JE;81480150003;Execução de Título Extrajudicial;202406;1;0;0;0;55;0;0;4
JE;81480150003;Execução Judicial;202406;5;0;0;1;47;0;0;37
JE;81480150003;Conhecimento;202406;16;0;0;12;210;0;0;130
JE;81480150003;Execução de Título Extrajudicial;202407;1;0;0;0;45;0;0;3
JE;81480150003;Conhecimento;202407;12;1;0;20;213;1;0;127
JE;81480150003;Execução Judicial;202407;10;0;0;3;53;0;0;39
JE;81480150003;Conhecimento;202408;7;0;0;11;201;1;0;121
JE;81480150003;Execução Judicial;202408;2;0;0;0;53;0;0;37
JE;81480150003;Execução de Título Extrajudicial;202408;0;0;0;0;39;0;0;3
JE;81480150003;Execução Judicial;202409;1;0;0;3;51;0;0;39
JE;81480150003;Execução de Título Extrajudicial;202409;1;0;0;0;31;0;0;3
JE;81480150003;Conhecimento;202409;21;0;0;20;203;1;0;128
JE;81480150003;Execução de Título Extrajudicial;202410;0;0;0;0;24;0;0;3
JE;81480150003;Execução Judicial;202410;2;0;0;5;49;0;0;41
JE;81480150003;Conhecimento;202410;18;0;0;8;194;1;0;128
JE;81480150003;Execução de Título Extrajudicial;202411;1;0;0;0;17;0;0;3
JE;81480150003;Conhecimento;202411;19;0;0;8;179;1;0;131
JE;81480150003;Execução Judicial;202411;4;0;0;3;46;0;0;38
JE;81480150003;Execução Judicial;202412;2;0;0;5;37;0;0;32
JE;81480150003;Conhecimento;202412;16;0;0;13;180;1;0;137
JE;81480150003;Execução de Título Extrajudicial;202412;0;0;0;0;14;0;0;3
JE;81480150003;Execução de Título Extrajudicial;202501;0;0;0;2;13;0;0;5
JE;81480150003;Conhecimento;202501;3;0;0;7;174;1;0;140
JE;81480150003;Execução Judicial;202501;1;0;0;1;38;0;0;32
JE;81480150003;Execução de Título Extrajudicial;202502;1;0;0;0;9;0;0;5
JE;81480150003;Execução Judicial;202502;8;0;0;0;46;0;0;29
JE;81480150003;Conhecimento;202502;11;0;0;24;167;1;0;154
JE;81480150003;Execução de Título Extrajudicial;202503;1;0;0;0;9;0;0;4
JE;81480150003;Conhecimento;202503;5;0;0;16;163;1;0;157
JE;81480150003;Execução Judicial;202503;1;0;0;2;47;0;0;29
JE;81480150003;Conhecimento;202504;17;0;0;26;160;1;0;174
JE;81480150003;Execução Judicial;202504;3;0;0;8;40;0;0;32
JE;81480150003;Execução de Título Extrajudicial;202504;0;0;0;1;6;0;0;4
JE;81480150003;Conhecimento;202505;25;0;0;20;170;1;0;185
JE;81480150003;Execução de Título Extrajudicial;202505;0;0;0;0;6;0;0;3
JE;81480150003;Execução Judicial;202505;3;0;0;2;42;0;0;33
JE;81480150003;Execução Judicial;202506;1;0;0;3;38;0;0;35
JE;81480150003;Execução de Título Extrajudicial;202506;0;0;0;0;5;0;0;3
JE;81480150003;Conhecimento;202506;21;0;0;18;175;1;0;191
JE;81480150003;Execução Judicial;202507;3;0;0;8;31;0;0;40
JE;81480150003;Conhecimento;202507;31;0;0;15;194;0;0;186
JE;81480150003;Execução de Título Extrajudicial;202507;0;0;0;2;4;0;0;5
JE;81480150003;Execução de Título Extrajudicial;202508;0;0;0;2;4;0;0;7
JE;81480150003;Execução Judicial;202508;6;0;0;7;35;0;0;47
JE;81480150003;Conhecimento;202508;23;0;0;14;210;0;0;189
JE;81480150003;Execução de Título Extrajudicial;202509;0;0;0;0;3;0;0;7
JE;81480150003;Conhecimento;202509;24;0;0;14;213;0;0;183
JE;81480150003;Execução Judicial;202509;2;0;0;4;36;0;0;48
JE;81480150003;Execução Judicial;202510;8;0;0;4;42;0;0;47
JE;81480150003;Conhecimento;202510;20;0;0;20;215;0;0;195
JE;81480150003;Execução de Título Extrajudicial;202510;0;0;0;6;3;0;0;13
JE;81480150003;Conhecimento;202511;31;0;0;13;227;0;0;200
JE;81480150003;Execução Judicial;202511;5;0;0;4;43;0;0;48
JE;81480150003;Execução de Título Extrajudicial;202511;2;0;0;0;4;0;0;13
JE;81480150003;Execução de Título Extrajudicial;202512;0;0;0;3;4;0;0;16
JE;81480150003;Conhecimento;202512;11;0;0;4;222;0;0;191
JE;81480150003;Execução Judicial;202512;1;0;0;5;42;0;0;48
JE;81480150003;Execução Judicial;202601;3;0;0;2;44;0;0;49
JE;81480150003;Execução de Título Extrajudicial;202601;0;0;0;1;4;0;0;15
JE;81480150003;Conhecimento;202601;7;0;0;13;226;0;0;197
JE;81480150003;Conhecimento;202602;28;0;0;8;243;0;0;181
JE;81480150003;Execução de Título Extrajudicial;202602;1;0;0;1;4;0;0;16
JE;81480150003;Execução Judicial;202602;3;1;0;8;39;1;0;57
JE;81480150003;Execução de Título Extrajudicial;202603;4;0;0;6;7;0;0;22
JE;81480150003;Execução Judicial;202603;5;0;0;6;43;1;0;61
JE;81480150003;Conhecimento;202603;17;0;0;11;255;0;0;176
JE;81480150003;Conhecimento;202604;16;0;0;11;254;0;0;161
JE;81480150003;Execução de Título Extrajudicial;202604;1;0;0;1;8;0;0;22
JE;81480150003;Execução Judicial;202604;4;0;0;7;44;1;0;60
JE;81480150003;Conhecimento;202605;11;0;0;15;240;0;0;156
JE;81480150003;Execução de Título Extrajudicial;202605;3;0;0;3;11;0;0;25
JE;81480150003;Execução Judicial;202605;4;0;1;8;45;1;1;66
JE;81480150003;Execução de Título Extrajudicial;202606;1;0;0;0;12;0;0;25
JE;81480150003;Conhecimento;202606;15;0;0;6;234;0;0;144
JE;81480150003;Execução Judicial;202606;7;0;0;2;51;1;1;65
JE;81480150004;Conhecimento;202301;0;0;0;3;0;0;0;3
JE;81480150004;Conhecimento;202302;0;0;0;0;0;0;0;3
JE;81480150004;Conhecimento;202303;0;0;0;3;0;0;0;6
JE;81480150004;Conhecimento;202304;0;0;0;1;0;0;0;7
JE;81480150004;Conhecimento;202305;0;0;0;1;0;0;0;8
JE;81480150004;Conhecimento;202306;0;0;0;0;0;0;0;8
JE;81480150004;Conhecimento;202307;0;0;0;3;0;0;0;11
JE;81480150004;Conhecimento;202308;0;0;0;0;0;0;0;11
JE;81480150004;Conhecimento;202309;0;0;0;7;0;0;0;18
JE;81480150004;Conhecimento;202310;0;0;0;0;0;0;0;18
JE;81480150004;Conhecimento;202311;3;0;0;5;3;0;0;23
JE;81480150004;Conhecimento;202312;7;0;0;0;10;0;0;23
JE;81480150004;Conhecimento;202401;3;0;0;0;13;0;0;20
JE;81480150004;Conhecimento;202402;0;0;0;7;13;0;0;27
JE;81480150004;Conhecimento;202403;0;0;0;2;13;0;0;26
JE;81480150004;Conhecimento;202404;1;0;0;3;14;0;0;28
JE;81480150004;Conhecimento;202405;1;0;0;2;15;0;0;29
JE;81480150004;Conhecimento;202406;8;0;0;7;23;0;0;36
JE;81480150004;Conhecimento;202407;4;0;0;1;27;0;0;34
JE;81480150004;Conhecimento;202408;7;0;0;7;34;0;0;41
JE;81480150004;Conhecimento;202409;3;0;0;1;37;0;0;35
JE;81480150004;Conhecimento;202410;9;0;0;0;46;0;0;35
JE;81480150004;Conhecimento;202411;8;0;0;5;51;0;0;35
JE;81480150004;Conhecimento;202412;0;0;0;2;44;0;0;37
JE;81480150004;Conhecimento;202501;0;1;0;2;41;1;0;39
JE;81480150004;Conhecimento;202502;0;0;0;3;41;1;0;35
JE;81480150004;Conhecimento;202503;0;0;0;1;41;1;0;34
JE;81480150004;Conhecimento;202504;2;0;0;3;42;1;0;34
JE;81480150004;Conhecimento;202505;10;0;0;7;51;1;0;39
JE;81480150004;Conhecimento;202506;6;0;0;0;49;1;0;32
JE;81480150004;Conhecimento;202507;2;2;0;4;47;3;0;35
JE;81480150004;Conhecimento;202508;8;0;0;2;48;3;0;30
JE;81480150004;Conhecimento;202509;0;0;0;10;45;3;0;39
JE;81480150004;Conhecimento;202510;9;0;0;10;45;3;0;49
JE;81480150004;Conhecimento;202511;5;0;0;5;42;3;0;49
JE;81480150004;Conhecimento;202512;6;0;0;2;48;3;0;49
JE;81480150004;Conhecimento;202601;7;0;0;0;55;2;0;47
JE;81480150004;Conhecimento;202602;0;0;0;0;55;2;0;44
JE;81480150004;Conhecimento;202603;4;0;0;5;59;2;0;48
JE;81480150004;Conhecimento;202604;0;0;0;0;57;2;0;45
JE;81480150004;Conhecimento;202605;3;0;0;1;50;2;0;39
JE;81480150004;Conhecimento;202606;3;0;0;4;47;2;0;43
JE;81480150006;Conhecimento;202301;0;0;0;2;0;0;0;2
JE;81480150006;Execução de Título Extrajudicial;202301;0;0;0;0;0;0;0;0
JE;81480150006;Execução Judicial;202301;1;0;0;2;1;0;0;2
JE;81480150006;Execução Judicial;202302;0;0;0;0;1;0;0;2
JE;81480150006;Conhecimento;202302;0;1;0;2;0;1;0;4
JE;81480150006;Execução de Título Extrajudicial;202302;0;0;0;0;0;0;0;0
JE;81480150006;Execução de Título Extrajudicial;202303;0;0;0;0;0;0;0;0
JE;81480150006;Execução Judicial;202303;0;0;0;0;1;0;0;2
JE;81480150006;Conhecimento;202303;0;0;0;1;0;1;0;5
JE;81480150006;Execução de Título Extrajudicial;202304;0;0;0;0;0;0;0;0
JE;81480150006;Conhecimento;202304;1;0;0;0;1;1;0;5
JE;81480150006;Execução Judicial;202304;0;0;0;1;1;0;0;3
JE;81480150006;Execução Judicial;202305;0;0;0;0;1;0;0;3
JE;81480150006;Execução de Título Extrajudicial;202305;0;0;0;0;0;0;0;0
JE;81480150006;Conhecimento;202305;0;0;0;0;1;1;0;5
JE;81480150006;Execução Judicial;202306;0;0;0;0;1;0;0;3
JE;81480150006;Conhecimento;202306;1;0;0;0;2;1;0;5
JE;81480150006;Execução de Título Extrajudicial;202306;0;0;0;0;0;0;0;0
JE;81480150006;Execução de Título Extrajudicial;202307;0;0;0;0;0;0;0;0
JE;81480150006;Conhecimento;202307;0;0;0;1;2;1;0;6
JE;81480150006;Execução Judicial;202307;0;0;0;0;1;0;0;3
JE;81480150006;Execução de Título Extrajudicial;202308;0;0;0;0;0;0;0;0
JE;81480150006;Conhecimento;202308;1;0;0;0;3;1;0;6
JE;81480150006;Execução Judicial;202308;0;0;0;0;1;0;0;3
JE;81480150006;Execução de Título Extrajudicial;202309;0;0;0;0;0;0;0;0
JE;81480150006;Conhecimento;202309;1;0;0;0;4;1;0;6
JE;81480150006;Execução Judicial;202309;1;0;0;1;2;0;0;4
JE;81480150006;Execução Judicial;202310;0;0;0;0;2;0;0;4
JE;81480150006;Execução de Título Extrajudicial;202310;0;0;0;0;0;0;0;0
JE;81480150006;Conhecimento;202310;0;0;0;0;4;1;0;6
JE;81480150006;Execução Judicial;202311;2;0;0;0;4;0;0;4
JE;81480150006;Conhecimento;202311;1;0;0;0;5;1;0;6
JE;81480150006;Execução de Título Extrajudicial;202311;0;0;0;0;0;0;0;0
JE;81480150006;Execução de Título Extrajudicial;202312;0;0;0;0;0;0;0;0
JE;81480150006;Execução Judicial;202312;0;0;0;1;4;0;0;5
JE;81480150006;Conhecimento;202312;1;0;0;1;6;1;0;7
JE;81480150006;Execução de Título Extrajudicial;202401;0;0;0;0;0;0;0;0
JE;81480150006;Execução Judicial;202401;2;0;0;0;5;0;0;3
JE;81480150006;Conhecimento;202401;1;0;0;19;7;1;0;24
JE;81480150006;Execução Judicial;202402;0;0;0;0;5;0;0;3
JE;81480150006;Conhecimento;202402;2;0;0;9;9;0;0;31
JE;81480150006;Execução de Título Extrajudicial;202402;0;0;0;0;0;0;0;0
JE;81480150006;Execução de Título Extrajudicial;202403;0;0;0;0;0;0;0;0
JE;81480150006;Execução Judicial;202403;0;0;0;1;5;0;0;4
JE;81480150006;Conhecimento;202403;2;0;0;3;11;0;0;33
JE;81480150006;Execução Judicial;202404;1;0;0;1;6;0;0;4
JE;81480150006;Execução de Título Extrajudicial;202404;0;0;0;0;0;0;0;0
JE;81480150006;Conhecimento;202404;0;0;0;0;10;0;0;33
JE;81480150006;Execução de Título Extrajudicial;202405;0;0;0;0;0;0;0;0
JE;81480150006;Conhecimento;202405;27;1;1;1;37;1;1;34
JE;81480150006;Execução Judicial;202405;0;0;0;2;6;0;0;6
JE;81480150006;Execução de Título Extrajudicial;202406;0;0;0;0;0;0;0;0
JE;81480150006;Conhecimento;202406;1;0;0;0;37;1;1;34
JE;81480150006;Execução Judicial;202406;3;0;0;1;9;0;0;7
JE;81480150006;Conhecimento;202407;3;0;0;1;40;1;1;34
JE;81480150006;Execução Judicial;202407;4;0;0;1;13;0;0;8
JE;81480150006;Execução de Título Extrajudicial;202407;1;0;0;0;1;0;0;0
JE;81480150006;Execução Judicial;202408;0;0;0;1;13;0;0;9
JE;81480150006;Conhecimento;202408;0;0;0;0;39;1;1;34
JE;81480150006;Execução Judicial;202409;0;0;0;0;12;0;0;8
JE;81480150006;Conhecimento;202409;1;0;0;2;39;1;1;36
JE;81480150006;Conhecimento;202410;0;0;0;2;39;1;1;38
JE;81480150006;Execução Judicial;202410;1;0;0;0;13;0;0;8
JE;81480150006;Conhecimento;202411;0;0;0;2;38;1;1;40
JE;81480150006;Execução Judicial;202411;2;0;0;2;13;0;0;10
JE;81480150006;Execução de Título Extrajudicial;202412;0;0;0;0;1;0;0;0
JE;81480150006;Execução Judicial;202412;0;0;0;0;13;0;0;9
JE;81480150006;Conhecimento;202412;2;0;0;1;39;1;1;40
JE;81480150006;Execução Judicial;202501;0;0;0;1;11;0;0;10
JE;81480150006;Conhecimento;202501;0;0;0;0;38;1;1;21
JE;81480150006;Execução de Título Extrajudicial;202501;0;0;0;0;1;0;0;0
JE;81480150006;Execução Judicial;202502;0;0;0;1;11;0;0;11
JE;81480150006;Execução de Título Extrajudicial;202502;0;0;0;0;1;0;0;0
JE;81480150006;Conhecimento;202502;1;0;0;0;37;1;1;12
JE;81480150006;Conhecimento;202503;0;0;0;0;35;1;1;9
JE;81480150006;Execução de Título Extrajudicial;202503;0;0;0;0;1;0;0;0
JE;81480150006;Execução Judicial;202503;2;0;0;0;13;0;0;10
JE;81480150006;Execução Judicial;202504;0;0;0;0;12;0;0;9
JE;81480150006;Execução de Título Extrajudicial;202504;1;0;0;0;2;0;0;0
JE;81480150006;Conhecimento;202504;1;0;0;3;36;1;1;12
JE;81480150006;Conhecimento;202505;1;0;0;0;10;0;0;11
JE;81480150006;Execução Judicial;202505;4;0;0;0;16;0;0;7
JE;81480150006;Execução Judicial;202506;0;0;0;0;13;0;0;6
JE;81480150006;Conhecimento;202506;1;0;0;1;10;0;0;12
JE;81480150006;Execução Judicial;202507;1;0;0;3;10;0;0;8
JE;81480150006;Conhecimento;202507;1;0;0;2;8;0;0;13
JE;81480150006;Conhecimento;202508;6;0;0;5;14;0;0;18
JE;81480150006;Execução Judicial;202508;1;0;0;1;11;0;0;8
JE;81480150006;Conhecimento;202509;2;0;0;1;15;0;0;17
JE;81480150006;Execução Judicial;202509;3;0;0;0;14;0;0;8
JE;81480150006;Execução Judicial;202510;0;0;0;2;13;0;0;10
JE;81480150006;Conhecimento;202510;1;0;0;0;16;0;0;15
JE;81480150006;Conhecimento;202511;2;0;0;0;18;0;0;13
JE;81480150006;Execução Judicial;202511;0;0;0;1;11;0;0;9
JE;81480150006;Execução Judicial;202512;1;0;0;0;12;0;0;9
JE;81480150006;Conhecimento;202512;0;0;0;1;16;0;0;13
JE;81480150006;Execução Judicial;202601;1;0;0;0;13;0;0;8
JE;81480150006;Conhecimento;202601;2;0;0;0;18;0;0;13
JE;81480150006;Execução Judicial;202602;2;0;0;0;15;0;0;7
JE;81480150006;Conhecimento;202602;5;0;0;2;22;0;0;15
JE;81480150006;Execução Judicial;202603;1;0;0;4;14;0;0;11
JE;81480150006;Conhecimento;202603;2;1;0;2;24;1;0;17
JE;81480150006;Execução Judicial;202604;0;0;0;0;14;0;0;11
JE;81480150006;Conhecimento;202604;1;0;0;1;24;1;0;15
JE;81480150006;Conhecimento;202605;2;1;0;1;25;2;0;16
JE;81480150006;Execução Judicial;202605;3;0;1;0;13;0;1;11
JE;81480150006;Conhecimento;202606;2;0;0;2;26;2;0;17
JE;81480150006;Execução Judicial;202606;4;0;0;2;17;0;1;13
JE;81490060001;Conhecimento;202301;0;0;2;0;0;0;2;0
JE;81490060001;Conhecimento;202403;0;0;1;1;0;0;1;1
JE;81490060001;Conhecimento;202407;0;0;0;1;0;0;1;2
JE;81490060001;Conhecimento;202409;0;0;0;1;0;0;1;3
JE;81490060001;Conhecimento;202410;1;0;1;1;1;0;2;4
JE;81490060001;Execução Judicial;202410;0;0;0;1;0;0;0;1
JE;81490060001;Conhecimento;202502;0;0;1;0;1;0;3;4
JE;81490060001;Execução Judicial;202509;0;0;1;0;0;0;1;1
JE;81490060001;Execução Judicial;202601;0;0;0;1;0;0;1;1
JE;81490060001;Execução Judicial;202603;0;0;1;0;0;0;2;1
JE;81490060002;Conhecimento;202305;1;0;1;0;1;0;1;0
JE;81490060002;Conhecimento;202307;0;0;1;0;1;0;2;0
JE;81490060002;Conhecimento;202507;0;1;0;0;0;1;0;0
JE;81490060002;Conhecimento;202509;0;0;1;0;0;1;1;0
JE;81490060003;Execução de Título Extrajudicial;202301;0;0;0;0;0;0;0;0
JE;81490060003;Conhecimento;202301;2;0;0;9;2;0;0;9
JE;81490060003;Execução Judicial;202301;0;0;0;0;0;0;0;0
JE;81490060003;Execução Judicial;202302;0;0;0;0;0;0;0;0
JE;81490060003;Execução de Título Extrajudicial;202302;0;0;0;0;0;0;0;0
JE;81490060003;Conhecimento;202302;12;0;0;1;14;0;0;10
JE;81490060003;Execução de Título Extrajudicial;202303;0;0;0;0;0;0;0;0
JE;81490060003;Conhecimento;202303;15;0;0;5;29;0;0;15
JE;81490060003;Execução Judicial;202303;0;0;0;1;0;0;0;1
JE;81490060003;Execução Judicial;202304;0;0;0;1;0;0;0;2
JE;81490060003;Conhecimento;202304;5;0;0;10;34;0;0;25
JE;81490060003;Execução de Título Extrajudicial;202304;0;0;0;1;0;0;0;1
JE;81490060003;Conhecimento;202305;24;0;0;7;58;0;0;32
JE;81490060003;Execução Judicial;202305;0;0;0;1;0;0;0;3
JE;81490060003;Execução de Título Extrajudicial;202305;0;0;0;1;0;0;0;2
JE;81490060003;Execução Judicial;202306;0;0;0;1;0;0;0;4
JE;81490060003;Conhecimento;202306;4;0;0;9;62;0;0;41
JE;81490060003;Execução de Título Extrajudicial;202306;0;0;0;0;0;0;0;2
JE;81490060003;Execução Judicial;202307;1;0;0;5;1;0;0;9
JE;81490060003;Execução de Título Extrajudicial;202307;0;0;0;0;0;0;0;2
JE;81490060003;Conhecimento;202307;15;0;0;6;77;0;0;47
JE;81490060003;Conhecimento;202308;2;0;0;6;79;0;0;53
JE;81490060003;Execução de Título Extrajudicial;202308;0;0;0;0;0;0;0;2
JE;81490060003;Execução Judicial;202308;1;0;0;0;2;0;0;9
JE;81490060003;Execução de Título Extrajudicial;202309;0;0;0;0;0;0;0;2
JE;81490060003;Execução Judicial;202309;0;0;0;0;2;0;0;9
JE;81490060003;Conhecimento;202309;8;0;0;3;87;0;0;56
JE;81490060003;Conhecimento;202310;4;0;0;4;91;0;0;60
JE;81490060003;Execução Judicial;202310;0;0;0;3;2;0;0;12
JE;81490060003;Execução de Título Extrajudicial;202310;0;0;0;0;0;0;0;2
JE;81490060003;Execução de Título Extrajudicial;202311;0;0;0;3;0;0;0;5
JE;81490060003;Execução Judicial;202311;0;0;0;2;2;0;0;14
JE;81490060003;Conhecimento;202311;6;0;0;5;97;0;0;65
JE;81490060003;Execução Judicial;202312;1;0;0;1;3;0;0;15
JE;81490060003;Conhecimento;202312;13;0;0;6;110;0;0;71
JE;81490060003;Execução de Título Extrajudicial;202312;0;0;0;0;0;0;0;5
JE;81490060003;Execução de Título Extrajudicial;202401;0;0;0;0;0;0;0;5
JE;81490060003;Execução Judicial;202401;0;0;0;7;3;0;0;22
JE;81490060003;Conhecimento;202401;8;0;0;3;116;0;0;65
JE;81490060003;Execução de Título Extrajudicial;202402;0;0;0;0;0;0;0;5
JE;81490060003;Conhecimento;202402;8;0;0;7;112;0;0;71
JE;81490060003;Execução Judicial;202402;1;0;0;0;4;0;0;22
JE;81490060003;Conhecimento;202403;6;1;0;6;103;1;0;72
JE;81490060003;Execução de Título Extrajudicial;202403;0;0;0;0;0;0;0;5
JE;81490060003;Execução Judicial;202403;0;0;0;5;4;0;0;26
JE;81490060003;Execução Judicial;202404;0;0;0;3;4;0;0;28
JE;81490060003;Execução de Título Extrajudicial;202404;0;0;0;0;0;0;0;4
JE;81490060003;Conhecimento;202404;11;0;0;7;109;1;0;69
JE;81490060003;Execução Judicial;202405;2;0;0;1;6;0;0;28
JE;81490060003;Execução de Título Extrajudicial;202405;0;0;0;2;0;0;0;5
JE;81490060003;Conhecimento;202405;15;2;3;10;100;3;3;72
JE;81490060003;Conhecimento;202406;14;0;0;3;110;3;3;66
JE;81490060003;Execução Judicial;202406;3;0;0;1;9;0;0;28
JE;81490060003;Execução de Título Extrajudicial;202406;0;0;0;0;0;0;0;5
JE;81490060003;Execução de Título Extrajudicial;202407;1;0;0;0;1;0;0;5
JE;81490060003;Conhecimento;202407;15;1;1;8;110;4;4;68
JE;81490060003;Execução Judicial;202407;7;0;0;1;15;0;0;24
JE;81490060003;Conhecimento;202408;10;0;0;6;118;4;4;68
JE;81490060003;Execução de Título Extrajudicial;202408;1;0;0;1;2;0;0;6
JE;81490060003;Execução Judicial;202408;2;0;0;0;16;0;0;24
JE;81490060003;Execução de Título Extrajudicial;202409;1;0;0;0;3;0;0;6
JE;81490060003;Execução Judicial;202409;0;0;0;0;16;0;0;24
JE;81490060003;Conhecimento;202409;12;0;0;12;122;4;4;77
JE;81490060003;Execução Judicial;202410;1;0;0;2;17;0;0;23
JE;81490060003;Conhecimento;202410;11;1;0;9;129;5;4;82
JE;81490060003;Execução de Título Extrajudicial;202410;0;0;0;2;3;0;0;8
JE;81490060003;Conhecimento;202411;8;0;0;6;131;5;4;83
JE;81490060003;Execução Judicial;202411;2;0;0;0;19;0;0;21
JE;81490060003;Execução de Título Extrajudicial;202411;0;0;0;0;3;0;0;5
JE;81490060003;Conhecimento;202412;6;0;0;2;124;5;4;79
JE;81490060003;Execução de Título Extrajudicial;202412;0;0;0;0;3;0;0;5
JE;81490060003;Execução Judicial;202412;2;0;0;0;20;0;0;20
JE;81490060003;Execução Judicial;202501;1;0;0;2;21;0;0;15
JE;81490060003;Execução de Título Extrajudicial;202501;0;0;0;0;3;0;0;5
JE;81490060003;Conhecimento;202501;13;0;0;5;129;5;4;81
JE;81490060003;Conhecimento;202502;8;0;0;16;129;5;4;90
JE;81490060003;Execução Judicial;202502;2;0;0;2;22;0;0;17
JE;81490060003;Execução de Título Extrajudicial;202502;1;0;0;0;4;0;0;5
JE;81490060003;Execução Judicial;202503;0;0;0;2;22;0;0;14
JE;81490060003;Conhecimento;202503;7;0;0;5;130;4;4;89
JE;81490060003;Execução de Título Extrajudicial;202503;1;0;0;0;5;0;0;5
JE;81490060003;Execução de Título Extrajudicial;202504;0;0;0;0;5;0;0;5
JE;81490060003;Conhecimento;202504;13;0;0;9;132;4;4;91
JE;81490060003;Execução Judicial;202504;2;0;0;2;24;0;0;13
JE;81490060003;Conhecimento;202505;6;0;0;11;123;2;1;92
JE;81490060003;Execução Judicial;202505;0;0;0;0;22;0;0;12
JE;81490060003;Execução de Título Extrajudicial;202505;1;0;0;0;6;0;0;3
JE;81490060003;Execução de Título Extrajudicial;202506;0;0;0;0;6;0;0;3
JE;81490060003;Conhecimento;202506;9;0;0;13;118;2;1;102
JE;81490060003;Execução Judicial;202506;1;0;0;0;20;0;0;11
JE;81490060003;Execução Judicial;202507;6;0;0;5;19;0;0;15
JE;81490060003;Execução de Título Extrajudicial;202507;1;0;0;0;6;0;0;3
JE;81490060003;Conhecimento;202507;20;0;0;8;123;1;0;102
JE;81490060003;Conhecimento;202508;11;0;0;14;124;1;0;110
JE;81490060003;Execução de Título Extrajudicial;202508;0;0;0;0;5;0;0;2
JE;81490060003;Execução Judicial;202508;1;0;0;5;18;0;0;20
JE;81490060003;Execução de Título Extrajudicial;202509;0;0;0;0;4;0;0;2
JE;81490060003;Execução Judicial;202509;2;0;0;0;20;0;0;20
JE;81490060003;Conhecimento;202509;20;0;0;4;132;1;0;102
JE;81490060003;Execução Judicial;202510;1;0;0;0;20;0;0;18
JE;81490060003;Execução de Título Extrajudicial;202510;0;0;0;1;4;0;0;1
JE;81490060003;Conhecimento;202510;13;0;0;12;134;0;0;105
JE;81490060003;Execução de Título Extrajudicial;202511;0;0;0;0;4;0;0;1
JE;81490060003;Execução Judicial;202511;0;0;0;1;18;0;0;19
JE;81490060003;Conhecimento;202511;9;0;0;4;135;0;0;103
JE;81490060003;Conhecimento;202512;10;0;0;5;139;0;0;106
JE;81490060003;Execução de Título Extrajudicial;202512;0;0;0;2;4;0;0;3
JE;81490060003;Execução Judicial;202512;1;0;0;1;17;0;0;20
JE;81490060003;Execução Judicial;202601;0;0;0;0;16;0;0;18
JE;81490060003;Execução de Título Extrajudicial;202601;0;0;0;0;4;0;0;3
JE;81490060003;Conhecimento;202601;3;0;0;3;129;0;0;104
JE;81490060003;Conhecimento;202602;4;0;0;4;125;0;0;92
JE;81490060003;Execução de Título Extrajudicial;202602;0;0;0;1;3;0;0;4
JE;81490060003;Execução Judicial;202602;2;0;0;1;16;0;0;17
JE;81490060003;Execução Judicial;202603;0;0;0;1;16;0;0;16
JE;81490060003;Execução de Título Extrajudicial;202603;0;0;0;1;2;0;0;5
JE;81490060003;Conhecimento;202603;5;0;0;6;123;0;0;93
JE;81490060003;Execução de Título Extrajudicial;202604;0;0;0;0;2;0;0;5
JE;81490060003;Execução Judicial;202604;1;0;0;2;15;0;0;16
JE;81490060003;Conhecimento;202604;2;0;0;11;112;0;0;95
JE;81490060003;Execução de Título Extrajudicial;202605;0;0;0;0;1;0;0;5
JE;81490060003;Conhecimento;202605;5;0;0;12;111;0;0;96
JE;81490060003;Execução Judicial;202605;2;0;0;3;17;0;0;19
JE;81490060003;Execução de Título Extrajudicial;202606;0;0;0;0;1;0;0;5
JE;81490060003;Execução Judicial;202606;0;0;0;1;16;0;0;20
JE;81490060003;Conhecimento;202606;1;0;1;5;103;0;1;88
JE;81490060004;Conhecimento;202301;0;0;0;6;0;0;0;6
JE;81490060004;Conhecimento;202302;0;0;0;3;0;0;0;9
JE;81490060004;Conhecimento;202303;0;0;0;3;0;0;0;12
JE;81490060004;Conhecimento;202304;0;0;0;0;0;0;0;12
JE;81490060004;Conhecimento;202305;0;1;0;4;0;1;0;16
JE;81490060004;Conhecimento;202306;0;0;0;2;0;1;0;18
JE;81490060004;Conhecimento;202307;4;0;0;4;4;1;0;22
JE;81490060004;Conhecimento;202308;4;0;0;8;8;1;0;30
JE;81490060004;Conhecimento;202309;17;0;0;7;25;1;0;37
JE;81490060004;Conhecimento;202310;4;1;1;7;29;2;1;44
JE;81490060004;Conhecimento;202311;0;0;0;6;29;2;1;50
JE;81490060004;Conhecimento;202312;18;0;0;2;47;2;1;52
JE;81490060004;Conhecimento;202401;0;0;0;4;47;2;1;50
JE;81490060004;Conhecimento;202402;4;0;0;0;51;2;1;47
JE;81490060004;Conhecimento;202403;16;0;0;9;67;2;1;53
JE;81490060004;Conhecimento;202404;1;0;0;2;68;2;1;55
JE;81490060004;Conhecimento;202405;0;0;0;9;68;1;1;60
JE;81490060004;Conhecimento;202406;12;0;0;4;80;1;1;62
JE;81490060004;Conhecimento;202407;9;0;0;0;85;1;1;58
JE;81490060004;Conhecimento;202408;2;0;0;6;83;1;1;56
JE;81490060004;Conhecimento;202409;1;0;0;3;67;1;1;52
JE;81490060004;Conhecimento;202410;7;0;0;4;70;0;0;49
JE;81490060004;Conhecimento;202411;2;0;0;0;72;0;0;43
JE;81490060004;Conhecimento;202412;13;0;0;6;67;0;0;47
JE;81490060004;Conhecimento;202501;8;0;0;17;75;0;0;60
JE;81490060004;Conhecimento;202502;2;0;0;8;73;0;0;68
JE;81490060004;Conhecimento;202503;1;1;0;9;58;1;0;68
JE;81490060004;Conhecimento;202504;13;2;0;7;70;3;0;73
JE;81490060004;Conhecimento;202505;28;0;0;0;98;3;0;64
JE;81490060004;Conhecimento;202506;48;1;0;4;134;4;0;64
JE;81490060004;Conhecimento;202507;32;0;0;7;157;4;0;71
JE;81490060004;Conhecimento;202508;11;0;0;5;166;4;0;70
JE;81490060004;Conhecimento;202509;5;2;0;7;170;6;0;74
JE;81490060004;Conhecimento;202510;26;0;0;3;189;6;0;73
JE;81490060004;Conhecimento;202511;20;0;0;7;207;6;0;80
JE;81490060004;Conhecimento;202512;4;0;0;8;198;6;0;82
JE;81490060004;Conhecimento;202601;6;0;0;2;196;6;0;67
JE;81490060004;Conhecimento;202602;2;0;0;1;196;6;0;60
JE;81490060004;Conhecimento;202603;0;0;0;6;195;5;0;57
JE;81490060004;Conhecimento;202604;8;0;0;5;190;3;0;55
JE;81490060004;Conhecimento;202605;3;0;0;3;165;3;0;58
JE;81490060004;Conhecimento;202606;12;0;0;5;129;2;0;59
JE;81490060005;Execução Judicial;202301;0;0;0;0;0;0;0;0
JE;81490060005;Conhecimento;202301;0;2;0;0;0;2;0;0
JE;81490060005;Execução de Título Extrajudicial;202301;0;0;0;0;0;0;0;0
JE;81490060005;Conhecimento;202302;0;0;0;0;0;2;0;0
JE;81490060005;Execução de Título Extrajudicial;202302;0;0;0;1;0;0;0;1
JE;81490060005;Execução Judicial;202302;1;0;0;0;1;0;0;0
JE;81490060005;Execução de Título Extrajudicial;202303;1;0;0;0;1;0;0;1
JE;81490060005;Execução Judicial;202303;1;0;0;0;2;0;0;0
JE;81490060005;Conhecimento;202303;1;0;0;1;1;2;0;1
JE;81490060005;Execução Judicial;202304;2;0;0;1;4;0;0;1
JE;81490060005;Conhecimento;202304;1;0;0;0;2;2;0;1
JE;81490060005;Execução de Título Extrajudicial;202304;1;0;0;0;2;0;0;1
JE;81490060005;Execução Judicial;202305;0;0;0;0;4;0;0;1
JE;81490060005;Conhecimento;202305;1;0;0;0;3;2;0;1
JE;81490060005;Execução de Título Extrajudicial;202305;1;0;0;0;3;0;0;1
JE;81490060005;Execução Judicial;202306;0;0;0;0;4;0;0;1
JE;81490060005;Execução de Título Extrajudicial;202306;0;0;0;0;3;0;0;1
JE;81490060005;Conhecimento;202306;0;0;0;0;3;2;0;1
JE;81490060005;Execução de Título Extrajudicial;202307;0;0;0;0;3;0;0;1
JE;81490060005;Conhecimento;202307;0;0;0;1;3;2;0;2
JE;81490060005;Execução Judicial;202307;2;0;0;0;6;0;0;1
JE;81490060005;Execução de Título Extrajudicial;202308;0;0;0;0;3;0;0;1
JE;81490060005;Execução Judicial;202308;0;0;0;0;6;0;0;1
JE;81490060005;Conhecimento;202308;1;0;0;0;4;2;0;2
JE;81490060005;Conhecimento;202309;0;0;0;0;4;2;0;2
JE;81490060005;Execução de Título Extrajudicial;202309;0;0;0;0;3;0;0;1
JE;81490060005;Execução Judicial;202309;0;0;0;0;6;0;0;1
JE;81490060005;Conhecimento;202310;0;0;0;0;4;2;0;2
JE;81490060005;Execução de Título Extrajudicial;202310;0;0;0;0;3;0;0;1
JE;81490060005;Execução Judicial;202310;0;0;0;0;6;0;0;1
JE;81490060005;Execução Judicial;202311;0;0;0;1;6;0;0;2
JE;81490060005;Conhecimento;202311;2;0;0;1;6;2;0;3
JE;81490060005;Execução de Título Extrajudicial;202311;0;0;0;0;3;0;0;1
JE;81490060005;Conhecimento;202312;0;0;0;0;6;2;0;3
JE;81490060005;Execução Judicial;202312;4;0;0;0;10;0;0;2
JE;81490060005;Execução de Título Extrajudicial;202312;2;0;0;0;5;0;0;1
JE;81490060005;Execução de Título Extrajudicial;202401;0;0;0;0;5;0;0;1
JE;81490060005;Execução Judicial;202401;0;0;0;2;10;0;0;4
JE;81490060005;Conhecimento;202401;0;0;0;0;6;0;0;3
JE;81490060005;Execução Judicial;202402;0;0;0;0;9;0;0;4
JE;81490060005;Conhecimento;202402;2;0;0;0;8;0;0;3
JE;81490060005;Execução de Título Extrajudicial;202402;0;0;0;0;5;0;0;0
JE;81490060005;Execução de Título Extrajudicial;202403;0;0;0;0;4;0;0;0
JE;81490060005;Execução Judicial;202403;0;0;0;0;8;0;0;4
JE;81490060005;Conhecimento;202403;0;0;0;0;7;0;0;2
JE;81490060005;Execução de Título Extrajudicial;202404;0;0;0;0;3;0;0;0
JE;81490060005;Conhecimento;202404;1;0;0;0;7;0;0;2
JE;81490060005;Execução Judicial;202404;0;0;0;1;6;0;0;4
JE;81490060005;Conhecimento;202405;1;1;0;0;7;1;0;2
JE;81490060005;Execução Judicial;202405;0;0;0;0;6;0;0;4
JE;81490060005;Execução de Título Extrajudicial;202405;0;0;0;0;2;0;0;0
JE;81490060005;Execução de Título Extrajudicial;202406;0;0;0;0;2;0;0;0
JE;81490060005;Conhecimento;202406;0;0;0;1;7;1;0;3
JE;81490060005;Execução Judicial;202406;0;0;0;1;6;0;0;5
JE;81490060005;Execução Judicial;202407;0;0;0;0;4;0;0;5
JE;81490060005;Conhecimento;202407;0;1;0;0;7;2;0;2
JE;81490060005;Execução de Título Extrajudicial;202407;0;0;0;0;2;0;0;0
JE;81490060005;Execução Judicial;202408;0;0;0;0;4;0;0;5
JE;81490060005;Conhecimento;202408;0;0;0;1;6;2;0;3
JE;81490060005;Execução de Título Extrajudicial;202408;0;0;0;0;2;0;0;0
JE;81490060005;Conhecimento;202409;1;0;0;0;7;2;0;3
JE;81490060005;Execução Judicial;202409;0;0;0;1;4;0;0;6
JE;81490060005;Execução de Título Extrajudicial;202409;0;0;0;0;2;0;0;0
JE;81490060005;Conhecimento;202410;0;0;0;0;7;2;0;3
JE;81490060005;Execução de Título Extrajudicial;202410;0;0;0;0;2;0;0;0
JE;81490060005;Execução Judicial;202410;1;0;0;0;5;0;0;6
JE;81490060005;Execução de Título Extrajudicial;202411;0;0;0;0;2;0;0;0
JE;81490060005;Execução Judicial;202411;0;0;0;3;5;0;0;8
JE;81490060005;Conhecimento;202411;0;0;0;0;5;2;0;2
JE;81490060005;Conhecimento;202412;0;0;0;0;5;2;0;2
JE;81490060005;Execução de Título Extrajudicial;202412;0;0;0;0;0;0;0;0
JE;81490060005;Execução Judicial;202412;0;0;0;0;1;0;0;8
JE;81490060005;Conhecimento;202501;0;0;0;0;5;2;0;2
JE;81490060005;Execução de Título Extrajudicial;202501;0;0;0;0;0;0;0;0
JE;81490060005;Execução Judicial;202501;0;0;0;0;1;0;0;6
JE;81490060005;Execução Judicial;202502;0;0;0;0;1;0;0;6
JE;81490060005;Execução de Título Extrajudicial;202502;0;0;0;0;0;0;0;0
JE;81490060005;Conhecimento;202502;1;1;0;1;4;3;0;3
JE;81490060005;Execução Judicial;202503;0;0;0;5;1;0;0;11
JE;81490060005;Execução de Título Extrajudicial;202503;0;0;0;0;0;0;0;0
JE;81490060005;Conhecimento;202503;0;0;0;1;4;3;0;4
JE;81490060005;Conhecimento;202504;0;0;0;0;3;3;0;4
JE;81490060005;Execução de Título Extrajudicial;202504;0;0;0;0;0;0;0;0
JE;81490060005;Execução Judicial;202504;0;0;0;0;1;0;0;10
JE;81490060005;Conhecimento;202505;2;0;0;0;4;2;0;4
JE;81490060005;Execução de Título Extrajudicial;202505;1;0;0;0;1;0;0;0
JE;81490060005;Execução Judicial;202505;1;0;0;0;2;0;0;10
JE;81490060005;Conhecimento;202506;0;0;0;0;4;2;0;3
JE;81490060005;Execução de Título Extrajudicial;202506;0;0;0;0;1;0;0;0
JE;81490060005;Execução Judicial;202506;1;0;0;0;3;0;0;9
JE;81490060005;Execução de Título Extrajudicial;202507;0;0;0;0;1;0;0;0
JE;81490060005;Conhecimento;202507;2;0;0;0;6;1;0;3
JE;81490060005;Execução Judicial;202507;1;0;0;3;4;0;0;12
JE;81490060005;Execução Judicial;202508;2;0;0;0;6;0;0;12
JE;81490060005;Execução de Título Extrajudicial;202508;0;0;0;0;1;0;0;0
JE;81490060005;Conhecimento;202508;0;0;0;1;6;1;0;3
JE;81490060005;Execução de Título Extrajudicial;202509;0;0;0;0;1;0;0;0
JE;81490060005;Execução Judicial;202509;2;1;0;0;8;1;0;11
JE;81490060005;Conhecimento;202509;0;0;0;1;5;1;0;4
JE;81490060005;Conhecimento;202510;3;0;0;0;8;1;0;4
JE;81490060005;Execução Judicial;202510;0;0;0;0;7;1;0;11
JE;81490060005;Execução de Título Extrajudicial;202510;1;0;0;0;2;0;0;0
JE;81490060005;Execução Judicial;202511;0;0;0;0;7;1;0;8
JE;81490060005;Conhecimento;202511;0;0;0;1;8;1;0;5
JE;81490060005;Conhecimento;202512;0;0;0;0;8;1;0;5
JE;81490060005;Execução Judicial;202512;1;0;0;0;8;1;0;8
JE;81490060005;Execução Judicial;202601;1;0;0;0;9;1;0;8
JE;81490060005;Conhecimento;202601;0;0;0;0;8;1;0;5
JE;81490060005;Conhecimento;202602;0;0;0;2;7;0;0;6
JE;81490060005;Execução Judicial;202602;5;0;0;0;14;1;0;8
JE;81490060005;Execução Judicial;202603;1;0;0;0;15;1;0;3
JE;81490060005;Conhecimento;202603;0;0;0;1;7;0;0;6
JE;81490060005;Conhecimento;202604;0;0;0;1;7;0;0;7
JE;81490060005;Execução Judicial;202604;0;0;0;0;15;1;0;3
JE;81490060005;Execução Judicial;202605;0;0;0;1;14;1;0;4
JE;81490060005;Conhecimento;202605;0;0;0;0;5;0;0;7
JE;81490060005;Conhecimento;202606;0;1;0;0;5;1;0;7
JE;81490060005;Execução Judicial;202606;0;0;0;1;13;1;0;5
JE;81500100001;Conhecimento;202309;0;0;0;1;0;0;0;1
JE;81500100001;Conhecimento;202311;0;0;1;0;0;0;1;1
JE;81500100001;Conhecimento;202503;0;0;0;1;0;0;0;1
JE;81500100001;Conhecimento;202504;0;0;1;0;0;0;1;1
JE;81500100001;Conhecimento;202506;0;0;0;1;0;0;1;2
JE;81500100001;Conhecimento;202510;0;0;1;0;0;0;2;2
JE;81500100002;Conhecimento;202404;0;0;0;2;0;0;0;2
JE;81500100002;Conhecimento;202409;0;0;1;0;0;0;1;2
JE;81500100003;Execução de Título Extrajudicial;202301;1;0;0;0;1;0;0;0
JE;81500100003;Conhecimento;202301;14;1;0;5;14;1;0;5
JE;81500100003;Execução Judicial;202301;0;0;0;1;0;0;0;1
JE;81500100003;Execução de Título Extrajudicial;202302;0;0;0;1;1;0;0;1
JE;81500100003;Conhecimento;202302;8;0;0;5;22;1;0;10
JE;81500100003;Execução Judicial;202302;2;0;0;0;2;0;0;1
JE;81500100003;Execução de Título Extrajudicial;202303;0;0;0;0;1;0;0;1
JE;81500100003;Execução Judicial;202303;1;0;0;0;3;0;0;1
JE;81500100003;Conhecimento;202303;6;0;0;3;28;1;0;13
JE;81500100003;Conhecimento;202304;2;1;0;5;30;2;0;18
JE;81500100003;Execução Judicial;202304;0;0;0;0;3;0;0;1
JE;81500100003;Execução de Título Extrajudicial;202304;0;0;0;1;1;0;0;2
JE;81500100003;Conhecimento;202305;9;2;0;12;39;4;0;30
JE;81500100003;Execução Judicial;202305;2;0;0;0;5;0;0;1
JE;81500100003;Execução de Título Extrajudicial;202305;0;0;0;0;1;0;0;2
JE;81500100003;Execução de Título Extrajudicial;202306;0;0;0;0;1;0;0;2
JE;81500100003;Conhecimento;202306;12;0;0;4;51;4;0;34
JE;81500100003;Execução Judicial;202306;0;0;0;0;5;0;0;1
JE;81500100003;Execução de Título Extrajudicial;202307;0;0;0;0;1;0;0;2
JE;81500100003;Conhecimento;202307;4;0;0;9;55;4;0;43
JE;81500100003;Execução Judicial;202307;0;0;0;0;5;0;0;1
JE;81500100003;Execução de Título Extrajudicial;202308;0;0;0;0;1;0;0;2
JE;81500100003;Execução Judicial;202308;1;0;0;0;6;0;0;1
JE;81500100003;Conhecimento;202308;11;0;0;4;66;4;0;47
JE;81500100003;Execução de Título Extrajudicial;202309;0;0;0;2;1;0;0;4
JE;81500100003;Conhecimento;202309;6;0;0;4;72;4;0;51
JE;81500100003;Execução Judicial;202309;0;0;0;0;6;0;0;1
JE;81500100003;Execução Judicial;202310;0;0;0;4;6;0;0;5
JE;81500100003;Conhecimento;202310;16;0;0;12;88;4;0;63
JE;81500100003;Execução de Título Extrajudicial;202310;0;0;0;0;1;0;0;4
JE;81500100003;Execução de Título Extrajudicial;202311;1;0;0;1;2;0;0;5
JE;81500100003;Execução Judicial;202311;0;0;0;0;6;0;0;5
JE;81500100003;Conhecimento;202311;13;0;0;10;101;4;0;73
JE;81500100003;Conhecimento;202312;9;0;0;3;110;4;0;76
JE;81500100003;Execução Judicial;202312;2;0;0;2;8;0;0;7
JE;81500100003;Execução de Título Extrajudicial;202312;0;0;0;1;2;0;0;6
JE;81500100003;Execução de Título Extrajudicial;202401;0;0;0;0;1;0;0;6
JE;81500100003;Execução Judicial;202401;0;0;0;1;8;0;0;7
JE;81500100003;Conhecimento;202401;2;0;0;6;98;3;0;77
JE;81500100003;Execução Judicial;202402;2;0;0;0;8;0;0;7
JE;81500100003;Conhecimento;202402;3;0;0;3;93;3;0;75
JE;81500100003;Execução de Título Extrajudicial;202402;0;0;0;2;1;0;0;7
JE;81500100003;Execução Judicial;202403;1;0;0;5;8;0;0;12
JE;81500100003;Conhecimento;202403;10;1;1;6;97;4;1;78
JE;81500100003;Execução de Título Extrajudicial;202403;1;0;0;0;2;0;0;7
JE;81500100003;Conhecimento;202404;12;0;0;10;107;3;1;83
JE;81500100003;Execução Judicial;202404;6;0;0;2;14;0;0;14
JE;81500100003;Execução de Título Extrajudicial;202404;0;0;0;0;2;0;0;6
JE;81500100003;Execução de Título Extrajudicial;202405;0;0;0;1;2;0;0;7
JE;81500100003;Execução Judicial;202405;2;0;0;3;14;0;0;17
JE;81500100003;Conhecimento;202405;11;0;1;13;109;1;2;84
JE;81500100003;Conhecimento;202406;12;0;0;4;109;1;2;84
JE;81500100003;Execução Judicial;202406;4;0;0;3;18;0;0;20
JE;81500100003;Execução de Título Extrajudicial;202406;0;0;0;1;2;0;0;8
JE;81500100003;Execução Judicial;202407;1;0;0;2;19;0;0;22
JE;81500100003;Conhecimento;202407;9;0;0;4;114;1;2;79
JE;81500100003;Execução de Título Extrajudicial;202407;1;0;0;0;3;0;0;8
JE;81500100003;Conhecimento;202408;3;0;0;4;106;1;2;79
JE;81500100003;Execução de Título Extrajudicial;202408;0;0;0;2;3;0;0;10
JE;81500100003;Execução Judicial;202408;2;0;0;0;20;0;0;22
JE;81500100003;Execução Judicial;202409;2;0;0;0;22;0;0;22
JE;81500100003;Conhecimento;202409;6;0;0;4;106;1;2;79
JE;81500100003;Execução de Título Extrajudicial;202409;1;0;0;0;4;0;0;8
JE;81500100003;Execução de Título Extrajudicial;202410;0;0;0;0;4;0;0;8
JE;81500100003;Execução Judicial;202410;0;0;0;3;22;0;0;21
JE;81500100003;Conhecimento;202410;8;0;1;10;98;1;3;77
JE;81500100003;Execução Judicial;202411;3;0;0;2;25;0;0;23
JE;81500100003;Conhecimento;202411;11;0;0;5;96;1;3;72
JE;81500100003;Execução de Título Extrajudicial;202411;0;0;0;0;3;0;0;7
JE;81500100003;Execução de Título Extrajudicial;202412;1;0;0;0;4;0;0;6
JE;81500100003;Conhecimento;202412;1;0;0;1;88;1;3;70
JE;81500100003;Execução Judicial;202412;1;0;0;1;24;0;0;22
JE;81500100003;Execução Judicial;202501;1;0;0;1;25;0;0;22
JE;81500100003;Execução de Título Extrajudicial;202501;0;0;0;0;4;0;0;6
JE;81500100003;Conhecimento;202501;3;0;0;7;89;1;3;71
JE;81500100003;Execução de Título Extrajudicial;202502;0;0;0;0;4;0;0;4
JE;81500100003;Execução Judicial;202502;1;0;0;2;24;0;0;24
JE;81500100003;Conhecimento;202502;8;0;0;8;94;1;3;76
JE;81500100003;Conhecimento;202503;8;0;0;4;92;0;2;74
JE;81500100003;Execução de Título Extrajudicial;202503;0;0;0;0;3;0;0;4
JE;81500100003;Execução Judicial;202503;1;0;0;3;24;0;0;22
JE;81500100003;Conhecimento;202504;8;0;0;6;88;0;2;70
JE;81500100003;Execução de Título Extrajudicial;202504;0;0;0;0;3;0;0;4
JE;81500100003;Execução Judicial;202504;1;0;0;1;19;0;0;21
JE;81500100003;Execução de Título Extrajudicial;202505;0;0;0;0;3;0;0;3
JE;81500100003;Conhecimento;202505;2;0;0;10;79;0;1;67
JE;81500100003;Execução Judicial;202505;0;0;0;1;17;0;0;19
JE;81500100003;Execução de Título Extrajudicial;202506;0;0;0;0;3;0;0;2
JE;81500100003;Execução Judicial;202506;2;0;0;1;15;0;0;17
JE;81500100003;Conhecimento;202506;1;0;0;18;68;0;1;81
JE;81500100003;Execução Judicial;202507;4;0;0;3;18;0;0;18
JE;81500100003;Execução de Título Extrajudicial;202507;2;0;0;0;4;0;0;2
JE;81500100003;Conhecimento;202507;3;0;0;8;62;0;1;85
JE;81500100003;Execução de Título Extrajudicial;202508;0;0;0;0;4;0;0;0
JE;81500100003;Conhecimento;202508;5;0;0;9;64;0;1;90
JE;81500100003;Execução Judicial;202508;2;0;0;1;18;0;0;19
JE;81500100003;Execução Judicial;202509;2;0;0;2;18;0;0;21
JE;81500100003;Execução de Título Extrajudicial;202509;1;0;0;0;4;0;0;0
JE;81500100003;Conhecimento;202509;4;0;0;14;62;0;1;100
JE;81500100003;Execução de Título Extrajudicial;202510;0;0;0;8;4;0;0;8
JE;81500100003;Execução Judicial;202510;5;0;0;1;23;0;0;19
JE;81500100003;Conhecimento;202510;14;0;0;12;68;0;0;102
JE;81500100003;Execução de Título Extrajudicial;202511;1;0;0;0;5;0;0;8
JE;81500100003;Conhecimento;202511;11;0;0;11;68;0;0;108
JE;81500100003;Execução Judicial;202511;3;0;0;2;23;0;0;19
JE;81500100003;Execução de Título Extrajudicial;202512;0;0;0;0;4;0;0;8
JE;81500100003;Execução Judicial;202512;1;0;0;0;23;0;0;18
JE;81500100003;Conhecimento;202512;16;0;0;5;83;0;0;112
JE;81500100003;Execução Judicial;202601;1;0;0;1;23;0;0;18
JE;81500100003;Conhecimento;202601;7;0;0;9;87;0;0;114
JE;81500100003;Execução de Título Extrajudicial;202601;0;0;0;0;4;0;0;8
JE;81500100003;Conhecimento;202602;9;0;0;7;88;0;0;113
JE;81500100003;Execução de Título Extrajudicial;202602;0;0;0;0;4;0;0;8
JE;81500100003;Execução Judicial;202602;2;0;0;2;24;0;0;18
JE;81500100003;Execução Judicial;202603;2;0;0;3;25;0;0;18
JE;81500100003;Execução de Título Extrajudicial;202603;2;0;0;2;6;0;0;10
JE;81500100003;Conhecimento;202603;11;0;0;13;91;0;0;122
JE;81500100003;Execução Judicial;202604;2;0;0;1;26;0;0;18
JE;81500100003;Conhecimento;202604;12;0;0;5;95;0;0;121
JE;81500100003;Execução de Título Extrajudicial;202604;1;0;0;1;7;0;0;11
JE;81500100003;Execução Judicial;202605;0;0;0;5;26;0;0;22
JE;81500100003;Conhecimento;202605;6;0;0;6;99;0;0;117
JE;81500100003;Execução de Título Extrajudicial;202605;0;0;0;3;7;0;0;14
JE;81500100003;Conhecimento;202606;6;0;0;1;104;0;0;100
JE;81500100003;Execução de Título Extrajudicial;202606;0;0;0;1;7;0;0;15
JE;81500100003;Execução Judicial;202606;0;0;0;1;24;0;0;22
JE;81500100004;Conhecimento;202301;11;0;0;2;11;0;0;2
JE;81500100004;Conhecimento;202302;1;0;0;6;12;0;0;8
JE;81500100004;Conhecimento;202303;0;0;0;4;12;0;0;12
JE;81500100004;Conhecimento;202304;0;0;0;6;12;0;0;18
JE;81500100004;Conhecimento;202305;3;0;0;1;15;0;0;19
JE;81500100004;Conhecimento;202306;5;1;0;4;20;1;0;23
JE;81500100004;Conhecimento;202307;0;1;0;1;20;2;0;24
JE;81500100004;Conhecimento;202308;11;0;0;2;31;2;0;26
JE;81500100004;Conhecimento;202309;0;0;0;1;31;2;0;27
JE;81500100004;Conhecimento;202310;12;0;0;0;43;2;0;27
JE;81500100004;Conhecimento;202311;1;0;0;4;44;2;0;31
JE;81500100004;Conhecimento;202312;11;0;0;0;55;2;0;31
JE;81500100004;Conhecimento;202401;4;1;0;5;48;3;0;34
JE;81500100004;Conhecimento;202402;0;0;0;1;47;3;0;29
JE;81500100004;Conhecimento;202403;0;0;0;1;47;3;0;26
JE;81500100004;Conhecimento;202404;2;0;0;10;49;3;0;30
JE;81500100004;Conhecimento;202405;5;1;0;4;51;4;0;33
JE;81500100004;Conhecimento;202406;28;1;0;1;74;4;0;30
JE;81500100004;Conhecimento;202407;2;0;0;3;76;3;0;32
JE;81500100004;Conhecimento;202408;2;0;0;6;67;3;0;36
JE;81500100004;Conhecimento;202409;16;1;0;1;83;4;0;36
JE;81500100004;Conhecimento;202410;2;1;0;0;73;5;0;36
JE;81500100004;Conhecimento;202411;9;0;0;2;81;5;0;34
JE;81500100004;Conhecimento;202412;1;2;0;7;71;7;0;41
JE;81500100004;Conhecimento;202501;0;1;0;3;67;7;0;39
JE;81500100004;Conhecimento;202502;12;1;0;2;79;8;0;40
JE;81500100004;Conhecimento;202503;0;0;0;1;79;8;0;40
JE;81500100004;Conhecimento;202504;3;0;0;0;80;8;0;30
JE;81500100004;Conhecimento;202505;7;0;0;1;82;7;0;27
JE;81500100004;Conhecimento;202506;1;0;0;0;55;6;0;26
JE;81500100004;Conhecimento;202507;2;0;0;3;55;6;0;26
JE;81500100004;Conhecimento;202508;6;0;0;0;59;6;0;20
JE;81500100004;Conhecimento;202509;8;2;0;3;51;7;0;22
JE;81500100004;Conhecimento;202510;0;1;0;2;49;7;0;24
JE;81500100004;Conhecimento;202511;3;0;0;1;43;7;0;23
JE;81500100004;Conhecimento;202512;1;0;0;1;43;5;0;17
JE;81500100004;Conhecimento;202601;0;0;0;0;43;4;0;14
JE;81500100004;Conhecimento;202602;1;0;0;1;32;3;0;13
JE;81500100004;Conhecimento;202603;0;2;0;5;32;5;0;17
JE;81500100004;Conhecimento;202604;1;0;0;2;30;5;0;19
JE;81500100004;Conhecimento;202605;4;0;0;2;27;5;0;20
JE;81500100004;Conhecimento;202606;0;0;0;0;26;5;0;20
JE;81500100005;Execução de Título Extrajudicial;202301;0;0;0;0;0;0;0;0
JE;81500100005;Conhecimento;202301;0;0;0;0;0;0;0;0
JE;81500100005;Execução Judicial;202301;0;0;0;2;0;0;0;2
JE;81500100005;Conhecimento;202302;1;0;0;1;1;0;0;1
JE;81500100005;Execução Judicial;202302;0;0;0;1;0;0;0;3
JE;81500100005;Execução de Título Extrajudicial;202302;0;0;0;0;0;0;0;0
JE;81500100005;Execução Judicial;202303;0;0;0;1;0;0;0;4
JE;81500100005;Execução de Título Extrajudicial;202303;0;0;0;0;0;0;0;0
JE;81500100005;Conhecimento;202303;1;0;0;0;2;0;0;1
JE;81500100005;Execução Judicial;202304;0;0;0;0;0;0;0;4
JE;81500100005;Conhecimento;202304;0;0;0;0;2;0;0;1
JE;81500100005;Execução de Título Extrajudicial;202304;0;0;0;0;0;0;0;0
JE;81500100005;Execução Judicial;202305;1;0;0;0;1;0;0;4
JE;81500100005;Conhecimento;202305;1;0;0;0;3;0;0;1
JE;81500100005;Execução de Título Extrajudicial;202305;0;0;0;0;0;0;0;0
JE;81500100005;Execução Judicial;202306;0;0;0;0;1;0;0;4
JE;81500100005;Conhecimento;202306;0;0;0;0;3;0;0;1
JE;81500100005;Execução de Título Extrajudicial;202306;0;0;0;0;0;0;0;0
JE;81500100005;Execução Judicial;202307;0;0;0;0;1;0;0;4
JE;81500100005;Execução de Título Extrajudicial;202307;0;0;0;0;0;0;0;0
JE;81500100005;Conhecimento;202307;1;0;0;0;4;0;0;1
JE;81500100005;Conhecimento;202308;0;0;0;3;4;0;0;4
JE;81500100005;Execução de Título Extrajudicial;202308;1;0;0;0;1;0;0;0
JE;81500100005;Execução Judicial;202308;2;0;0;5;3;0;0;9
JE;81500100005;Conhecimento;202309;0;0;0;0;4;0;0;4
JE;81500100005;Execução Judicial;202309;1;0;0;1;4;0;0;10
JE;81500100005;Execução Judicial;202310;1;0;0;1;5;0;0;11
JE;81500100005;Conhecimento;202310;0;0;0;1;4;0;0;5
JE;81500100005;Conhecimento;202311;2;1;0;0;6;1;0;5
JE;81500100005;Execução Judicial;202311;0;0;0;0;5;0;0;11
JE;81500100005;Conhecimento;202312;0;0;0;1;6;1;0;6
JE;81500100005;Execução Judicial;202312;0;0;0;1;5;0;0;12
JE;81500100005;Execução Judicial;202401;0;0;0;0;5;0;0;10
JE;81500100005;Conhecimento;202401;0;0;0;0;6;1;0;6
JE;81500100005;Execução Judicial;202402;0;0;0;1;5;0;0;10
JE;81500100005;Conhecimento;202402;1;0;0;1;6;1;0;6
JE;81500100005;Conhecimento;202403;0;0;0;1;5;1;0;7
JE;81500100005;Execução Judicial;202403;0;0;0;1;5;0;0;10
JE;81500100005;Conhecimento;202404;0;0;0;0;5;1;0;7
JE;81500100005;Execução Judicial;202404;0;0;0;0;5;0;0;10
JE;81500100005;Execução Judicial;202405;4;0;0;0;8;0;0;10
JE;81500100005;Conhecimento;202405;1;1;0;1;5;2;0;8
JE;81500100005;Execução Judicial;202406;1;0;0;0;9;0;0;10
JE;81500100005;Conhecimento;202406;3;0;0;0;8;2;0;8
JE;81500100005;Execução Judicial;202407;1;0;0;1;10;0;0;11
JE;81500100005;Conhecimento;202407;0;0;0;3;7;2;0;11
JE;81500100005;Conhecimento;202408;1;0;0;1;8;2;0;9
JE;81500100005;Execução Judicial;202408;0;0;0;0;8;0;0;6
JE;81500100005;Execução Judicial;202409;1;0;0;0;8;0;0;5
JE;81500100005;Conhecimento;202409;0;0;0;0;8;2;0;9
JE;81500100005;Execução Judicial;202410;0;0;0;1;7;0;0;5
JE;81500100005;Conhecimento;202410;5;1;0;0;13;3;0;8
JE;81500100005;Conhecimento;202411;0;0;0;0;11;2;0;8
JE;81500100005;Execução Judicial;202411;0;0;0;1;7;0;0;6
JE;81500100005;Execução Judicial;202412;0;0;0;0;7;0;0;5
JE;81500100005;Conhecimento;202412;0;0;0;0;11;2;0;7
JE;81500100005;Execução Judicial;202501;0;0;0;0;7;0;0;5
JE;81500100005;Conhecimento;202501;0;0;0;1;11;2;0;8
JE;81500100005;Conhecimento;202502;1;0;0;0;11;2;0;7
JE;81500100005;Execução Judicial;202502;1;0;0;0;8;0;0;4
JE;81500100005;Conhecimento;202503;0;1;0;0;11;3;0;6
JE;81500100005;Execução Judicial;202503;0;0;0;0;8;0;0;3
JE;81500100005;Conhecimento;202504;1;1;0;4;12;4;0;10
JE;81500100005;Execução Judicial;202504;0;0;0;0;8;0;0;3
JE;81500100005;Execução Judicial;202505;1;0;0;0;5;0;0;3
JE;81500100005;Conhecimento;202505;0;0;0;0;11;3;0;9
JE;81500100005;Conhecimento;202506;1;0;0;2;9;3;0;11
JE;81500100005;Execução Judicial;202506;0;0;0;1;4;0;0;4
JE;81500100005;Execução Judicial;202507;3;0;0;0;6;0;0;3
JE;81500100005;Conhecimento;202507;0;0;0;1;9;3;0;9
JE;81500100005;Execução Judicial;202508;0;0;0;1;6;0;0;4
JE;81500100005;Conhecimento;202508;1;0;0;0;9;3;0;8
JE;81500100005;Execução Judicial;202509;1;0;0;1;6;0;0;5
JE;81500100005;Conhecimento;202509;0;0;0;0;9;3;0;8
JE;81500100005;Execução Judicial;202510;0;0;0;0;6;0;0;4
JE;81500100005;Conhecimento;202510;0;1;0;1;4;3;0;9
JE;81500100005;Execução de Título Extrajudicial;202510;0;0;0;1;0;0;0;1
JE;81500100005;Execução de Título Extrajudicial;202511;0;0;0;0;0;0;0;1
JE;81500100005;Execução Judicial;202511;0;0;0;0;6;0;0;3
JE;81500100005;Conhecimento;202511;0;0;0;5;4;3;0;14
JE;81500100005;Conhecimento;202512;0;0;0;3;4;3;0;17
JE;81500100005;Execução Judicial;202512;0;0;0;0;6;0;0;3
JE;81500100005;Execução de Título Extrajudicial;202512;0;0;0;0;0;0;0;1
JE;81500100005;Execução de Título Extrajudicial;202601;0;0;0;0;0;0;0;1
JE;81500100005;Execução Judicial;202601;0;0;0;0;6;0;0;3
JE;81500100005;Conhecimento;202601;1;0;0;1;5;3;0;17
JE;81500100005;Execução Judicial;202602;0;0;0;0;5;0;0;3
JE;81500100005;Execução de Título Extrajudicial;202602;0;0;0;0;0;0;0;1
JE;81500100005;Conhecimento;202602;2;0;0;2;6;3;0;19
JE;81500100005;Execução Judicial;202603;3;0;0;0;8;0;0;3
JE;81500100005;Execução de Título Extrajudicial;202603;0;0;0;0;0;0;0;1
JE;81500100005;Conhecimento;202603;2;0;0;0;8;2;0;19
JE;81500100005;Conhecimento;202604;0;0;0;0;7;1;0;15
JE;81500100005;Execução de Título Extrajudicial;202604;0;0;0;0;0;0;0;1
JE;81500100005;Execução Judicial;202604;0;0;0;0;8;0;0;3
JE;81500100005;Execução de Título Extrajudicial;202605;0;0;0;0;0;0;0;1
JE;81500100005;Conhecimento;202605;0;0;0;4;7;1;0;19
JE;81500100005;Execução Judicial;202605;0;0;0;1;7;0;0;4
JE;81500100005;Execução Judicial;202606;0;1;0;1;7;1;0;4
JE;81500100005;Conhecimento;202606;4;0;0;1;10;1;0;18
JE;81500100005;Execução de Título Extrajudicial;202606;0;0;0;0;0;0;0;1
JE;81510050001;Conhecimento;202508;0;0;0;1;0;0;0;1
JE;81510050001;Conhecimento;202603;0;0;1;0;0;0;1;1
JE;81510050001;Execução Judicial;202604;0;0;0;1;0;0;0;1
JE;81510050001;Execução Judicial;202605;0;0;1;0;0;0;1;1
JE;81510050002;Conhecimento;202309;0;0;1;1;0;0;1;1
JE;81510050002;Conhecimento;202312;0;0;1;0;0;0;2;1
JE;81510050002;Conhecimento;202501;0;0;1;1;0;0;1;1
JE;81510050002;Conhecimento;202605;0;0;0;1;0;0;0;1
JE;81510050002;Conhecimento;202606;0;1;1;0;0;1;1;1
JE;81510050003;Execução de Título Extrajudicial;202301;0;0;0;0;0;0;0;0
JE;81510050003;Conhecimento;202301;2;0;0;5;2;0;0;5
JE;81510050003;Execução Judicial;202301;0;0;0;1;0;0;0;1
JE;81510050003;Conhecimento;202302;6;0;0;16;8;0;0;21
JE;81510050003;Execução de Título Extrajudicial;202302;0;0;0;0;0;0;0;0
JE;81510050003;Execução Judicial;202302;1;0;0;0;1;0;0;1
JE;81510050003;Conhecimento;202303;6;0;0;7;14;0;0;28
JE;81510050003;Execução de Título Extrajudicial;202303;0;0;0;0;0;0;0;0
JE;81510050003;Execução Judicial;202303;0;0;0;4;1;0;0;5
JE;81510050003;Execução Judicial;202304;0;0;0;0;1;0;0;5
JE;81510050003;Conhecimento;202304;0;0;0;5;14;0;0;33
JE;81510050003;Execução de Título Extrajudicial;202304;0;0;0;0;0;0;0;0
JE;81510050003;Execução de Título Extrajudicial;202305;0;0;0;0;0;0;0;0
JE;81510050003;Conhecimento;202305;7;0;0;4;21;0;0;37
JE;81510050003;Execução Judicial;202305;1;0;0;0;2;0;0;5
JE;81510050003;Conhecimento;202306;2;0;1;7;23;0;1;44
JE;81510050003;Execução de Título Extrajudicial;202306;0;0;0;0;0;0;0;0
JE;81510050003;Execução Judicial;202306;1;0;0;1;3;0;0;6
JE;81510050003;Execução Judicial;202307;0;0;0;2;3;0;0;8
JE;81510050003;Execução de Título Extrajudicial;202307;0;0;0;0;0;0;0;0
JE;81510050003;Conhecimento;202307;9;0;0;6;32;0;1;50
JE;81510050003;Execução Judicial;202308;2;0;0;1;5;0;0;9
JE;81510050003;Conhecimento;202308;5;0;0;9;37;0;1;59
JE;81510050003;Execução de Título Extrajudicial;202308;0;0;0;0;0;0;0;0
JE;81510050003;Execução de Título Extrajudicial;202309;0;0;0;0;0;0;0;0
JE;81510050003;Execução Judicial;202309;1;0;0;2;6;0;0;11
JE;81510050003;Conhecimento;202309;13;0;0;10;50;0;1;69
JE;81510050003;Conhecimento;202310;4;0;0;4;54;0;1;73
JE;81510050003;Execução de Título Extrajudicial;202310;0;0;0;2;0;0;0;2
JE;81510050003;Execução Judicial;202310;1;0;0;3;7;0;0;14
JE;81510050003;Conhecimento;202311;3;0;0;7;57;0;1;80
JE;81510050003;Execução Judicial;202311;1;0;0;0;8;0;0;14
JE;81510050003;Execução de Título Extrajudicial;202311;0;0;0;0;0;0;0;2
JE;81510050003;Conhecimento;202312;13;0;0;2;70;0;1;82
JE;81510050003;Execução de Título Extrajudicial;202312;0;0;0;0;0;0;0;2
JE;81510050003;Execução Judicial;202312;1;0;0;2;9;0;0;16
JE;81510050003;Execução Judicial;202401;0;0;0;3;9;0;0;18
JE;81510050003;Conhecimento;202401;4;0;0;9;72;0;1;86
JE;81510050003;Execução de Título Extrajudicial;202401;0;0;0;0;0;0;0;2
JE;81510050003;Execução de Título Extrajudicial;202402;0;0;0;0;0;0;0;2
JE;81510050003;Conhecimento;202402;8;0;0;5;74;0;1;75
JE;81510050003;Execução Judicial;202402;1;0;0;1;9;0;0;19
JE;81510050003;Execução Judicial;202403;2;0;0;4;11;0;0;19
JE;81510050003;Execução de Título Extrajudicial;202403;0;0;0;0;0;0;0;2
JE;81510050003;Conhecimento;202403;13;0;0;4;81;0;1;72
JE;81510050003;Execução Judicial;202404;1;0;0;0;12;0;0;19
JE;81510050003;Conhecimento;202404;6;0;0;10;87;0;1;77
JE;81510050003;Execução de Título Extrajudicial;202404;0;0;0;0;0;0;0;2
JE;81510050003;Execução de Título Extrajudicial;202405;0;0;0;0;0;0;0;2
JE;81510050003;Execução Judicial;202405;1;0;0;2;12;0;0;21
JE;81510050003;Conhecimento;202405;3;0;0;7;83;0;1;80
JE;81510050003;Conhecimento;202406;9;0;0;9;90;0;0;82
JE;81510050003;Execução Judicial;202406;3;0;0;0;14;0;0;20
JE;81510050003;Execução de Título Extrajudicial;202406;0;0;0;0;0;0;0;2
JE;81510050003;Execução de Título Extrajudicial;202407;1;0;0;0;1;0;0;2
JE;81510050003;Execução Judicial;202407;1;0;0;4;15;0;0;22
JE;81510050003;Conhecimento;202407;21;0;0;2;102;0;0;78
JE;81510050003;Conhecimento;202408;2;0;0;4;99;0;0;73
JE;81510050003;Execução Judicial;202408;1;0;0;1;14;0;0;22
JE;81510050003;Execução de Título Extrajudicial;202408;0;0;0;0;1;0;0;2
JE;81510050003;Conhecimento;202409;10;0;0;8;96;0;0;71
JE;81510050003;Execução de Título Extrajudicial;202409;0;0;0;0;1;0;0;2
JE;81510050003;Execução Judicial;202409;1;0;0;5;14;0;0;25
JE;81510050003;Execução de Título Extrajudicial;202410;0;0;0;1;1;0;0;1
JE;81510050003;Execução Judicial;202410;3;0;0;3;16;0;0;25
JE;81510050003;Conhecimento;202410;4;0;0;7;96;0;0;74
JE;81510050003;Conhecimento;202411;6;0;0;2;99;0;0;69
JE;81510050003;Execução de Título Extrajudicial;202411;0;0;0;0;1;0;0;1
JE;81510050003;Execução Judicial;202411;0;0;0;1;15;0;0;26
JE;81510050003;Conhecimento;202412;4;0;0;7;90;0;0;74
JE;81510050003;Execução de Título Extrajudicial;202412;0;0;0;0;1;0;0;1
JE;81510050003;Execução Judicial;202412;0;0;0;0;14;0;0;24
JE;81510050003;Execução de Título Extrajudicial;202501;1;0;0;0;2;0;0;1
JE;81510050003;Execução Judicial;202501;3;0;0;0;17;0;0;21
JE;81510050003;Conhecimento;202501;3;0;0;6;89;0;0;71
JE;81510050003;Execução Judicial;202502;3;0;0;3;19;0;0;23
JE;81510050003;Execução de Título Extrajudicial;202502;0;0;0;0;2;0;0;1
JE;81510050003;Conhecimento;202502;7;0;0;3;88;0;0;69
JE;81510050003;Conhecimento;202503;7;0;0;3;82;0;0;68
JE;81510050003;Execução de Título Extrajudicial;202503;1;0;0;0;3;0;0;1
JE;81510050003;Execução Judicial;202503;0;0;0;1;17;0;0;20
JE;81510050003;Execução Judicial;202504;1;0;0;1;17;0;0;21
JE;81510050003;Conhecimento;202504;5;0;0;5;81;0;0;63
JE;81510050003;Execução de Título Extrajudicial;202504;0;0;0;0;3;0;0;1
JE;81510050003;Execução Judicial;202505;0;0;0;2;16;0;0;21
JE;81510050003;Conhecimento;202505;3;0;0;7;81;0;0;63
JE;81510050003;Execução de Título Extrajudicial;202505;0;0;0;0;3;0;0;1
JE;81510050003;Execução de Título Extrajudicial;202506;1;0;0;0;4;0;0;1
JE;81510050003;Execução Judicial;202506;2;0;0;2;15;0;0;23
JE;81510050003;Conhecimento;202506;5;0;0;18;77;0;0;72
JE;81510050003;Execução Judicial;202507;1;0;0;1;15;0;0;20
JE;81510050003;Execução de Título Extrajudicial;202507;0;0;0;0;3;0;0;1
JE;81510050003;Conhecimento;202507;9;0;0;12;65;0;0;82
JE;81510050003;Execução de Título Extrajudicial;202508;0;0;0;0;3;0;0;1
JE;81510050003;Execução Judicial;202508;1;0;0;1;15;0;0;20
JE;81510050003;Conhecimento;202508;9;0;0;11;72;0;0;89
JE;81510050003;Execução Judicial;202509;2;0;0;4;16;0;0;19
JE;81510050003;Execução de Título Extrajudicial;202509;0;0;0;0;3;0;0;1
JE;81510050003;Conhecimento;202509;17;0;0;12;79;0;0;93
JE;81510050003;Execução de Título Extrajudicial;202510;0;0;0;0;3;0;0;0
JE;81510050003;Conhecimento;202510;7;0;0;13;82;0;0;99
JE;81510050003;Execução Judicial;202510;1;0;1;1;14;0;1;17
JE;81510050003;Execução Judicial;202511;1;0;0;0;15;0;1;16
JE;81510050003;Conhecimento;202511;19;0;0;2;95;0;0;99
JE;81510050003;Execução de Título Extrajudicial;202511;0;0;0;0;3;0;0;0
JE;81510050003;Execução de Título Extrajudicial;202512;0;0;0;1;3;0;0;1
JE;81510050003;Execução Judicial;202512;3;0;0;0;18;0;1;16
JE;81510050003;Conhecimento;202512;5;0;0;0;96;0;0;92
JE;81510050003;Execução Judicial;202601;0;0;0;1;15;0;1;17
JE;81510050003;Conhecimento;202601;4;0;0;13;97;0;0;99
JE;81510050003;Execução de Título Extrajudicial;202601;0;0;0;0;2;0;0;1
JE;81510050003;Execução de Título Extrajudicial;202602;0;0;0;0;2;0;0;1
JE;81510050003;Execução Judicial;202602;0;0;0;2;12;0;1;16
JE;81510050003;Conhecimento;202602;3;0;0;13;93;0;0;109
JE;81510050003;Conhecimento;202603;8;0;0;2;94;0;0;108
JE;81510050003;Execução de Título Extrajudicial;202603;1;0;0;1;2;0;0;2
JE;81510050003;Execução Judicial;202603;4;0;0;3;16;0;1;18
JE;81510050003;Execução Judicial;202604;0;0;0;2;15;0;1;19
JE;81510050003;Execução de Título Extrajudicial;202604;0;0;0;0;2;0;0;2
JE;81510050003;Conhecimento;202604;3;0;0;8;92;0;0;111
JE;81510050003;Execução Judicial;202605;2;1;1;2;17;1;2;19
JE;81510050003;Conhecimento;202605;13;0;0;5;102;0;0;109
JE;81510050003;Execução de Título Extrajudicial;202605;0;0;0;0;2;0;0;2
JE;81510050003;Execução de Título Extrajudicial;202606;0;0;0;0;1;0;0;2
JE;81510050003;Conhecimento;202606;12;0;0;12;109;0;0;103
JE;81510050003;Execução Judicial;202606;5;0;0;1;20;1;2;18
JE;81510050004;Conhecimento;202301;0;0;0;4;0;0;0;4
JE;81510050004;Conhecimento;202302;1;0;0;2;1;0;0;6
JE;81510050004;Conhecimento;202303;0;0;0;4;1;0;0;10
JE;81510050004;Conhecimento;202304;2;0;0;0;3;0;0;10
JE;81510050004;Conhecimento;202305;1;0;0;1;4;0;0;11
JE;81510050004;Conhecimento;202306;0;0;0;1;4;0;0;12
JE;81510050004;Conhecimento;202307;2;0;0;0;6;0;0;12
JE;81510050004;Conhecimento;202308;1;0;0;7;7;0;0;19
JE;81510050004;Conhecimento;202309;2;1;0;3;9;1;0;22
JE;81510050004;Conhecimento;202310;0;0;0;0;9;1;0;22
JE;81510050004;Conhecimento;202311;4;0;0;3;13;1;0;25
JE;81510050004;Conhecimento;202312;1;3;1;0;14;4;1;25
JE;81510050004;Conhecimento;202401;0;0;0;0;14;4;1;21
JE;81510050004;Conhecimento;202402;0;0;0;0;13;4;1;19
JE;81510050004;Conhecimento;202403;9;0;0;3;22;4;1;18
JE;81510050004;Conhecimento;202404;6;0;0;4;26;4;1;22
JE;81510050004;Conhecimento;202405;1;0;1;6;26;4;2;27
JE;81510050004;Conhecimento;202406;4;0;0;0;30;4;2;26
JE;81510050004;Conhecimento;202407;5;0;0;0;33;4;2;26
JE;81510050004;Conhecimento;202408;1;0;0;2;33;4;2;21
JE;81510050004;Conhecimento;202409;2;0;0;1;33;3;2;19
JE;81510050004;Conhecimento;202410;1;0;0;2;34;3;2;21
JE;81510050004;Conhecimento;202411;3;0;0;3;33;3;2;21
JE;81510050004;Conhecimento;202412;1;0;0;0;33;0;1;21
JE;81510050004;Conhecimento;202501;0;1;0;0;33;1;1;21
JE;81510050004;Conhecimento;202502;1;0;0;0;34;1;1;21
JE;81510050004;Conhecimento;202503;1;0;0;0;26;1;1;18
JE;81510050004;Conhecimento;202504;1;0;0;1;21;1;1;15
JE;81510050004;Conhecimento;202505;2;0;0;0;22;1;0;9
JE;81510050004;Conhecimento;202506;2;0;0;1;20;1;0;10
JE;81510050004;Conhecimento;202507;1;0;0;0;16;1;0;10
JE;81510050004;Conhecimento;202508;0;0;0;0;15;1;0;8
JE;81510050004;Conhecimento;202509;0;0;0;4;13;1;0;11
JE;81510050004;Conhecimento;202510;0;0;0;3;12;1;0;12
JE;81510050004;Conhecimento;202511;0;0;0;1;9;1;0;10
JE;81510050004;Conhecimento;202512;1;0;0;0;9;1;0;10
JE;81510050004;Conhecimento;202601;0;0;0;0;9;0;0;10
JE;81510050004;Conhecimento;202602;1;0;0;1;9;0;0;11
JE;81510050004;Conhecimento;202603;0;0;0;1;8;0;0;12
JE;81510050004;Conhecimento;202604;0;0;0;2;7;0;0;13
JE;81510050004;Conhecimento;202605;9;0;0;0;14;0;0;13
JE;81510050004;Conhecimento;202606;0;1;0;2;12;1;0;14
JE;81510050006;Conhecimento;202301;0;0;0;0;0;0;0;0
JE;81510050006;Execução Judicial;202301;0;0;0;3;0;0;0;3
JE;81510050006;Execução Judicial;202302;0;0;0;0;0;0;0;3
JE;81510050006;Conhecimento;202302;0;0;0;1;0;0;0;1
JE;81510050006;Conhecimento;202303;0;0;0;1;0;0;0;2
JE;81510050006;Execução Judicial;202303;4;0;0;1;4;0;0;4
JE;81510050006;Conhecimento;202304;2;0;0;0;2;0;0;2
JE;81510050006;Execução Judicial;202304;0;0;0;2;4;0;0;6
JE;81510050006;Conhecimento;202305;0;0;0;0;2;0;0;2
JE;81510050006;Execução Judicial;202305;0;0;0;1;4;0;0;7
JE;81510050006;Conhecimento;202306;0;1;0;1;2;1;0;3
JE;81510050006;Execução Judicial;202306;0;0;0;0;4;0;0;7
JE;81510050006;Execução Judicial;202307;0;0;0;0;4;0;0;7
JE;81510050006;Conhecimento;202307;1;0;0;0;3;1;0;3
JE;81510050006;Execução Judicial;202308;0;0;0;0;4;0;0;7
JE;81510050006;Conhecimento;202308;2;0;0;0;5;1;0;3
JE;81510050006;Conhecimento;202309;1;0;0;0;6;1;0;3
JE;81510050006;Execução Judicial;202309;0;0;0;0;4;0;0;7
JE;81510050006;Execução Judicial;202310;0;0;0;0;4;0;0;7
JE;81510050006;Conhecimento;202310;1;0;0;0;7;1;0;3
JE;81510050006;Conhecimento;202311;1;0;0;1;8;1;0;4
JE;81510050006;Execução Judicial;202311;0;0;0;0;4;0;0;7
JE;81510050006;Conhecimento;202312;1;0;0;0;9;1;0;4
JE;81510050006;Execução Judicial;202312;1;0;0;0;5;0;0;7
JE;81510050006;Conhecimento;202401;0;0;0;0;9;1;0;4
JE;81510050006;Execução Judicial;202401;0;0;0;0;5;0;0;4
JE;81510050006;Conhecimento;202402;0;0;0;0;9;1;0;3
JE;81510050006;Execução Judicial;202402;0;0;0;0;5;0;0;4
JE;81510050006;Conhecimento;202403;0;0;0;0;9;1;0;2
JE;81510050006;Execução Judicial;202403;0;0;0;1;1;0;0;4
JE;81510050006;Execução Judicial;202404;1;0;0;0;2;0;0;2
JE;81510050006;Conhecimento;202404;0;0;0;1;7;1;0;3
JE;81510050006;Execução Judicial;202405;0;0;0;1;2;0;0;2
JE;81510050006;Conhecimento;202405;0;0;0;0;7;1;0;3
JE;81510050006;Execução Judicial;202406;2;0;0;0;4;0;0;2
JE;81510050006;Conhecimento;202406;1;0;0;0;8;0;0;2
JE;81510050006;Conhecimento;202407;0;0;0;0;7;0;0;2
JE;81510050006;Execução Judicial;202407;2;0;0;0;6;0;0;2
JE;81510050006;Conhecimento;202408;1;0;0;0;6;0;0;2
JE;81510050006;Execução Judicial;202408;1;0;0;0;7;0;0;2
JE;81510050006;Execução Judicial;202409;2;0;0;0;9;0;0;2
JE;81510050006;Conhecimento;202409;1;0;0;0;6;0;0;2
JE;81510050006;Conhecimento;202410;0;0;0;0;5;0;0;2
JE;81510050006;Execução Judicial;202410;2;0;0;0;11;0;0;2
JE;81510050006;Conhecimento;202411;0;0;0;2;4;0;0;3
JE;81510050006;Execução Judicial;202411;0;0;0;0;11;0;0;2
JE;81510050006;Execução Judicial;202412;0;0;0;0;10;0;0;2
JE;81510050006;Conhecimento;202412;1;0;0;2;4;0;0;5
JE;81510050006;Execução Judicial;202501;0;0;0;1;10;0;0;3
JE;81510050006;Conhecimento;202501;1;0;0;4;5;0;0;9
JE;81510050006;Conhecimento;202502;5;0;0;5;10;0;0;14
JE;81510050006;Execução Judicial;202502;0;0;0;1;10;0;0;4
JE;81510050006;Conhecimento;202503;3;0;0;42;13;0;0;56
JE;81510050006;Execução Judicial;202503;2;0;0;1;12;0;0;4
JE;81510050006;Execução Judicial;202504;0;0;0;2;11;0;0;6
JE;81510050006;Conhecimento;202504;0;0;0;27;13;0;0;82
JE;81510050006;Conhecimento;202505;0;0;0;1;13;0;0;83
JE;81510050006;Execução Judicial;202505;0;0;0;1;11;0;0;6
JE;81510050006;Execução Judicial;202506;2;0;0;0;11;0;0;6
JE;81510050006;Conhecimento;202506;0;0;0;0;12;0;0;83
JE;81510050006;Conhecimento;202507;0;0;0;0;12;0;0;83
JE;81510050006;Execução Judicial;202507;1;0;0;0;10;0;0;6
JE;81510050006;Conhecimento;202508;28;0;0;1;39;0;0;84
JE;81510050006;Execução Judicial;202508;0;0;0;1;9;0;0;7
JE;81510050006;Execução Judicial;202509;0;0;0;1;7;0;0;8
JE;81510050006;Conhecimento;202509;6;0;0;1;44;0;0;85
JE;81510050006;Conhecimento;202510;11;0;0;0;55;0;0;85
JE;81510050006;Execução Judicial;202510;0;1;0;9;5;1;0;17
JE;81510050006;Execução Judicial;202511;1;0;0;0;6;1;0;17
JE;81510050006;Conhecimento;202511;30;0;0;1;85;0;0;84
JE;81510050006;Conhecimento;202512;1;0;0;1;85;0;0;83
JE;81510050006;Execução Judicial;202512;0;0;0;0;6;1;0;17
JE;81510050006;Execução Judicial;202601;0;0;0;0;6;1;0;16
JE;81510050006;Conhecimento;202601;0;0;0;1;84;0;0;80
JE;81510050006;Conhecimento;202602;0;0;0;1;79;0;0;76
JE;81510050006;Execução Judicial;202602;0;0;0;0;6;1;0;15
JE;81510050006;Conhecimento;202603;0;1;0;1;76;1;0;35
JE;81510050006;Execução Judicial;202603;1;0;0;1;5;1;0;15
JE;81510050006;Execução Judicial;202604;0;0;0;0;5;1;0;13
JE;81510050006;Conhecimento;202604;0;0;0;1;76;1;0;9
JE;81510050006;Conhecimento;202605;0;0;0;2;76;1;0;10
JE;81510050006;Execução Judicial;202605;2;1;0;0;7;2;0;12
JE;81510050006;Execução Judicial;202606;1;0;0;1;6;2;0;13
JE;81510050006;Conhecimento;202606;2;0;0;1;78;1;0;11
JE;81520120001;Conhecimento;202311;0;0;0;2;0;0;0;2
JE;81520120001;Conhecimento;202403;0;0;1;0;0;0;1;2
JE;81520120001;Conhecimento;202405;0;1;2;1;0;1;3;3
JE;81520120001;Conhecimento;202406;0;0;1;0;0;1;4;3
JE;81520120001;Conhecimento;202409;0;1;0;0;0;2;4;3
JE;81520120001;Conhecimento;202411;0;0;1;0;0;2;5;1
JE;81520120002;Conhecimento;202306;0;0;1;1;0;0;1;1
JE;81520120002;Conhecimento;202309;0;0;1;2;0;0;2;3
JE;81520120002;Conhecimento;202311;0;0;1;0;0;0;3;3
JE;81520120002;Conhecimento;202401;0;0;1;2;0;0;4;5
JE;81520120002;Conhecimento;202402;0;0;1;0;0;0;5;5
JE;81520120002;Conhecimento;202403;0;0;0;0;0;0;5;5
JE;81520120002;Conhecimento;202404;0;0;0;0;0;0;5;5
JE;81520120002;Conhecimento;202405;0;0;0;1;0;0;5;6
JE;81520120002;Conhecimento;202410;0;1;1;0;0;1;4;3
JE;81520120002;Conhecimento;202412;0;0;1;0;0;1;4;3
JE;81520120003;Execução Judicial;202301;0;0;0;0;0;0;0;0
JE;81520120003;Execução de Título Extrajudicial;202301;0;0;0;0;0;0;0;0
JE;81520120003;Conhecimento;202301;1;0;0;9;1;0;0;9
JE;81520120003;Execução de Título Extrajudicial;202302;0;0;0;0;0;0;0;0
JE;81520120003;Conhecimento;202302;0;0;0;0;1;0;0;9
JE;81520120003;Execução Judicial;202302;0;0;0;0;0;0;0;0
JE;81520120003;Execução Judicial;202303;1;0;0;0;1;0;0;0
JE;81520120003;Conhecimento;202303;11;0;0;6;12;0;0;15
JE;81520120003;Execução de Título Extrajudicial;202303;0;0;0;0;0;0;0;0
JE;81520120003;Conhecimento;202304;5;1;0;8;17;1;0;23
JE;81520120003;Execução Judicial;202304;0;0;0;0;1;0;0;0
JE;81520120003;Execução de Título Extrajudicial;202304;0;0;0;0;0;0;0;0
JE;81520120003;Execução Judicial;202305;0;0;0;0;1;0;0;0
JE;81520120003;Execução de Título Extrajudicial;202305;0;0;0;0;0;0;0;0
JE;81520120003;Conhecimento;202305;2;1;0;10;19;2;0;33
JE;81520120003;Execução de Título Extrajudicial;202306;0;0;0;0;0;0;0;0
JE;81520120003;Conhecimento;202306;15;0;0;6;34;2;0;39
JE;81520120003;Execução Judicial;202306;5;0;0;3;6;0;0;3
JE;81520120003;Execução Judicial;202307;0;0;0;0;6;0;0;3
JE;81520120003;Conhecimento;202307;3;1;1;3;37;3;1;42
JE;81520120003;Execução de Título Extrajudicial;202307;0;0;0;0;0;0;0;0
JE;81520120003;Execução de Título Extrajudicial;202308;0;0;0;0;0;0;0;0
JE;81520120003;Conhecimento;202308;9;0;0;8;46;3;1;50
JE;81520120003;Execução Judicial;202308;0;0;0;2;6;0;0;5
JE;81520120003;Conhecimento;202309;19;3;0;16;65;6;1;66
JE;81520120003;Execução Judicial;202309;8;0;0;2;14;0;0;7
JE;81520120003;Execução de Título Extrajudicial;202309;0;0;0;0;0;0;0;0
JE;81520120003;Execução de Título Extrajudicial;202310;0;0;0;0;0;0;0;0
JE;81520120003;Execução Judicial;202310;1;0;0;3;15;0;0;10
JE;81520120003;Conhecimento;202310;23;1;0;11;88;7;1;77
JE;81520120003;Execução de Título Extrajudicial;202311;1;0;0;0;1;0;0;0
JE;81520120003;Execução Judicial;202311;10;0;0;6;25;0;0;16
JE;81520120003;Conhecimento;202311;39;0;0;4;127;7;1;81
JE;81520120003;Execução de Título Extrajudicial;202312;0;0;0;0;1;0;0;0
JE;81520120003;Execução Judicial;202312;4;0;0;2;29;0;0;18
JE;81520120003;Conhecimento;202312;27;0;0;6;154;7;1;87
JE;81520120003;Execução Judicial;202401;1;0;0;1;30;0;0;19
JE;81520120003;Conhecimento;202401;5;1;0;9;158;8;1;87
JE;81520120003;Execução de Título Extrajudicial;202401;0;0;0;0;1;0;0;0
JE;81520120003;Conhecimento;202402;12;0;0;4;170;8;1;91
JE;81520120003;Execução Judicial;202402;2;0;0;0;32;0;0;19
JE;81520120003;Execução de Título Extrajudicial;202402;0;0;0;0;1;0;0;0
JE;81520120003;Execução Judicial;202403;12;0;0;1;43;0;0;20
JE;81520120003;Execução de Título Extrajudicial;202403;0;0;0;1;1;0;0;1
JE;81520120003;Conhecimento;202403;11;1;0;2;170;9;1;87
JE;81520120003;Conhecimento;202404;22;0;0;15;187;8;1;94
JE;81520120003;Execução Judicial;202404;3;0;0;4;46;0;0;24
JE;81520120003;Execução de Título Extrajudicial;202404;0;0;0;0;1;0;0;1
JE;81520120003;Execução Judicial;202405;2;0;0;5;48;0;0;29
JE;81520120003;Execução de Título Extrajudicial;202405;2;0;0;0;3;0;0;1
JE;81520120003;Conhecimento;202405;19;1;0;5;204;8;1;89
JE;81520120003;Execução Judicial;202406;1;0;0;0;44;0;0;26
JE;81520120003;Conhecimento;202406;7;0;0;5;196;8;1;88
JE;81520120003;Execução Judicial;202407;2;0;0;4;46;0;0;30
JE;81520120003;Execução de Título Extrajudicial;202407;0;0;0;1;3;0;0;2
JE;81520120003;Conhecimento;202407;18;0;0;4;211;7;0;89
JE;81520120003;Execução Judicial;202408;6;0;0;3;52;0;0;31
JE;81520120003;Execução de Título Extrajudicial;202408;0;0;0;0;3;0;0;2
JE;81520120003;Conhecimento;202408;4;0;0;10;206;7;0;91
JE;81520120003;Conhecimento;202409;0;0;0;4;187;4;0;79
JE;81520120003;Execução Judicial;202409;1;0;0;2;45;0;0;31
JE;81520120003;Execução de Título Extrajudicial;202409;0;0;0;0;3;0;0;2
JE;81520120003;Execução de Título Extrajudicial;202410;0;0;0;0;3;0;0;2
JE;81520120003;Execução Judicial;202410;0;0;0;2;44;0;0;30
JE;81520120003;Conhecimento;202410;8;2;0;16;172;5;0;84
JE;81520120003;Execução de Título Extrajudicial;202411;0;0;0;0;2;0;0;2
JE;81520120003;Conhecimento;202411;18;1;0;12;151;6;0;92
JE;81520120003;Execução Judicial;202411;6;0;0;1;40;0;0;25
JE;81520120003;Execução de Título Extrajudicial;202412;0;0;0;0;2;0;0;2
JE;81520120003;Conhecimento;202412;16;0;0;5;140;6;0;91
JE;81520120003;Execução Judicial;202412;1;0;0;1;37;0;0;24
JE;81520120003;Execução Judicial;202501;1;0;0;1;37;0;0;24
JE;81520120003;Execução de Título Extrajudicial;202501;0;0;0;1;2;0;0;3
JE;81520120003;Conhecimento;202501;10;0;0;10;145;5;0;92
JE;81520120003;Execução de Título Extrajudicial;202502;0;0;0;0;2;0;0;3
JE;81520120003;Execução Judicial;202502;1;0;0;2;36;0;0;26
JE;81520120003;Conhecimento;202502;14;1;1;14;147;6;1;102
JE;81520120003;Conhecimento;202503;8;0;0;14;144;5;1;114
JE;81520120003;Execução de Título Extrajudicial;202503;0;0;0;1;2;0;0;3
JE;81520120003;Execução Judicial;202503;1;0;0;1;25;0;0;26
JE;81520120003;Execução de Título Extrajudicial;202504;0;0;0;0;2;0;0;3
JE;81520120003;Conhecimento;202504;3;0;0;4;125;5;1;103
JE;81520120003;Execução Judicial;202504;0;0;0;0;22;0;0;22
JE;81520120003;Conhecimento;202505;5;0;0;7;111;4;1;105
JE;81520120003;Execução de Título Extrajudicial;202505;0;0;0;0;0;0;0;3
JE;81520120003;Execução Judicial;202505;2;0;0;2;22;0;0;19
JE;81520120003;Execução Judicial;202506;5;0;0;0;26;0;0;19
JE;81520120003;Execução de Título Extrajudicial;202506;0;0;0;0;0;0;0;3
JE;81520120003;Conhecimento;202506;14;0;0;18;118;4;1;118
JE;81520120003;Conhecimento;202507;6;0;0;3;106;4;1;117
JE;81520120003;Execução de Título Extrajudicial;202507;0;0;0;0;0;0;0;2
JE;81520120003;Execução Judicial;202507;0;0;0;0;24;0;0;15
JE;81520120003;Execução Judicial;202508;2;0;0;2;20;0;0;14
JE;81520120003;Conhecimento;202508;19;0;0;13;121;4;1;120
JE;81520120003;Execução de Título Extrajudicial;202508;0;0;0;1;0;0;0;3
JE;81520120003;Execução de Título Extrajudicial;202509;0;0;0;0;0;0;0;3
JE;81520120003;Execução Judicial;202509;2;0;0;0;21;0;0;12
JE;81520120003;Conhecimento;202509;8;0;0;5;129;4;1;121
JE;81520120003;Execução de Título Extrajudicial;202510;0;0;0;0;0;0;0;3
JE;81520120003;Conhecimento;202510;12;0;0;7;133;2;1;112
JE;81520120003;Execução Judicial;202510;1;0;0;1;22;0;0;11
JE;81520120003;Execução Judicial;202511;3;0;0;0;19;0;0;10
JE;81520120003;Conhecimento;202511;15;0;0;11;130;1;1;111
JE;81520120003;Execução de Título Extrajudicial;202511;0;0;0;0;0;0;0;3
JE;81520120003;Conhecimento;202512;15;0;0;11;129;1;1;117
JE;81520120003;Execução de Título Extrajudicial;202512;0;0;0;2;0;0;0;5
JE;81520120003;Execução Judicial;202512;2;0;0;3;20;0;0;12
JE;81520120003;Conhecimento;202601;1;0;0;13;120;1;1;120
JE;81520120003;Execução de Título Extrajudicial;202601;0;0;0;1;0;0;0;5
JE;81520120003;Execução Judicial;202601;2;0;0;3;21;0;0;14
JE;81520120003;Execução de Título Extrajudicial;202602;0;0;0;0;0;0;0;5
JE;81520120003;Conhecimento;202602;3;0;0;5;109;0;0;111
JE;81520120003;Execução Judicial;202602;1;0;0;1;21;0;0;13
JE;81520120003;Conhecimento;202603;15;0;0;12;116;0;0;109
JE;81520120003;Execução de Título Extrajudicial;202603;1;0;0;0;1;0;0;4
JE;81520120003;Execução Judicial;202603;1;0;0;5;21;0;0;17
JE;81520120003;Execução Judicial;202604;6;0;0;4;27;0;0;21
JE;81520120003;Conhecimento;202604;3;2;0;10;116;2;0;115
JE;81520120003;Execução de Título Extrajudicial;202604;0;0;0;0;1;0;0;4
JE;81520120003;Execução Judicial;202605;2;0;0;1;27;0;0;20
JE;81520120003;Execução de Título Extrajudicial;202605;0;0;0;0;1;0;0;4
JE;81520120003;Conhecimento;202605;6;0;0;9;117;2;0;117
JE;81520120003;Execução de Título Extrajudicial;202606;2;0;0;0;3;0;0;4
JE;81520120003;Execução Judicial;202606;6;0;0;6;28;0;0;26
JE;81520120003;Conhecimento;202606;12;0;0;6;115;2;0;105
JE;81520120004;Conhecimento;202301;0;1;0;4;0;1;0;4
JE;81520120004;Conhecimento;202302;0;0;0;0;0;1;0;4
JE;81520120004;Conhecimento;202303;0;0;0;6;0;1;0;10
JE;81520120004;Execução Judicial;202303;0;0;0;0;0;0;0;0
JE;81520120004;Conhecimento;202304;0;0;0;0;0;1;0;10
JE;81520120004;Execução Judicial;202304;0;0;0;0;0;0;0;0
JE;81520120004;Conhecimento;202305;3;0;0;1;3;1;0;11
JE;81520120004;Execução Judicial;202305;0;0;0;0;0;0;0;0
JE;81520120004;Conhecimento;202306;52;1;1;2;55;2;1;13
JE;81520120004;Conhecimento;202307;0;0;0;2;55;2;1;15
JE;81520120004;Conhecimento;202308;6;0;0;4;61;2;1;19
JE;81520120004;Conhecimento;202309;25;1;0;3;86;3;1;22
JE;81520120004;Conhecimento;202310;1;0;0;4;87;3;1;26
JE;81520120004;Conhecimento;202311;22;1;0;2;109;4;1;28
JE;81520120004;Conhecimento;202312;8;0;0;4;117;4;1;32
JE;81520120004;Conhecimento;202401;0;1;0;6;117;4;1;34
JE;81520120004;Conhecimento;202402;0;1;0;2;117;5;1;36
JE;81520120004;Conhecimento;202403;2;0;0;3;119;5;1;33
JE;81520120004;Conhecimento;202404;13;0;0;0;132;5;1;33
JE;81520120004;Conhecimento;202405;2;0;0;11;131;5;1;43
JE;81520120004;Conhecimento;202406;1;0;0;5;80;4;0;46
JE;81520120004;Conhecimento;202407;1;0;0;4;81;4;0;48
JE;81520120004;Conhecimento;202408;4;1;0;6;79;5;0;50
JE;81520120004;Conhecimento;202409;0;1;0;0;54;5;0;47
JE;81520120004;Conhecimento;202410;11;0;0;2;64;5;0;45
JE;81520120004;Conhecimento;202411;0;0;0;8;42;4;0;51
JE;81520120004;Conhecimento;202412;3;1;0;1;37;5;0;48
JE;81520120004;Conhecimento;202501;18;0;0;0;55;4;0;42
JE;81520120004;Conhecimento;202502;0;0;0;9;55;3;0;49
JE;81520120004;Conhecimento;202503;4;0;0;2;57;3;0;48
JE;81520120004;Conhecimento;202504;1;0;0;7;45;3;0;55
JE;81520120004;Conhecimento;202505;1;0;0;2;44;3;0;46
JE;81520120004;Conhecimento;202506;11;0;0;0;54;3;0;41
JE;81520120004;Conhecimento;202507;14;0;0;0;67;3;0;37
JE;81520120004;Conhecimento;202508;8;0;0;0;71;2;0;31
JE;81520120004;Conhecimento;202509;3;0;0;2;74;1;0;33
JE;81520120004;Conhecimento;202510;1;0;0;1;64;1;0;32
JE;81520120004;Conhecimento;202511;2;0;0;3;66;1;0;27
JE;81520120004;Conhecimento;202512;5;0;0;0;68;0;0;26
JE;81520120004;Conhecimento;202601;6;0;0;0;56;0;0;26
JE;81520120004;Conhecimento;202602;0;0;0;0;56;0;0;17
JE;81520120004;Conhecimento;202603;5;0;0;0;57;0;0;15
JE;81520120004;Conhecimento;202604;4;0;0;1;60;0;0;9
JE;81520120004;Conhecimento;202605;4;0;0;1;63;0;0;8
JE;81520120004;Conhecimento;202606;0;0;0;5;52;0;0;13
JE;81520120005;Execução de Título Extrajudicial;202301;0;0;0;0;0;0;0;0
JE;81520120005;Conhecimento;202301;0;0;0;1;0;0;0;1
JE;81520120005;Execução Judicial;202301;0;0;0;0;0;0;0;0
JE;81520120005;Conhecimento;202302;0;0;0;0;0;0;0;1
JE;81520120005;Execução Judicial;202302;0;0;0;0;0;0;0;0
JE;81520120005;Execução de Título Extrajudicial;202302;0;0;0;0;0;0;0;0
JE;81520120005;Conhecimento;202303;0;0;0;0;0;0;0;1
JE;81520120005;Execução Judicial;202303;0;0;0;0;0;0;0;0
JE;81520120005;Execução de Título Extrajudicial;202303;0;0;0;0;0;0;0;0
JE;81520120005;Conhecimento;202304;9;1;0;1;9;1;0;2
JE;81520120005;Execução Judicial;202304;4;0;0;1;4;0;0;1
JE;81520120005;Execução de Título Extrajudicial;202304;1;0;0;0;1;0;0;0
JE;81520120005;Execução de Título Extrajudicial;202305;0;0;0;0;1;0;0;0
JE;81520120005;Conhecimento;202305;0;0;0;0;9;1;0;2
JE;81520120005;Execução Judicial;202305;0;0;0;1;4;0;0;2
JE;81520120005;Execução de Título Extrajudicial;202306;0;0;0;0;1;0;0;0
JE;81520120005;Execução Judicial;202306;1;0;0;1;5;0;0;3
JE;81520120005;Conhecimento;202306;0;0;0;0;9;1;0;2
JE;81520120005;Execução Judicial;202307;1;0;0;2;6;0;0;5
JE;81520120005;Conhecimento;202307;0;1;0;0;9;2;0;2
JE;81520120005;Execução de Título Extrajudicial;202307;0;0;0;0;1;0;0;0
JE;81520120005;Execução Judicial;202308;9;0;0;3;15;0;0;8
JE;81520120005;Execução de Título Extrajudicial;202308;1;0;0;0;2;0;0;0
JE;81520120005;Conhecimento;202308;3;0;0;0;12;2;0;2
JE;81520120005;Execução de Título Extrajudicial;202309;1;0;0;0;3;0;0;0
JE;81520120005;Execução Judicial;202309;2;0;0;1;17;0;0;9
JE;81520120005;Conhecimento;202309;2;0;0;0;14;2;0;2
JE;81520120005;Conhecimento;202310;2;0;0;1;16;2;0;3
JE;81520120005;Execução Judicial;202310;3;0;0;0;20;0;0;9
JE;81520120005;Execução de Título Extrajudicial;202310;1;0;0;0;4;0;0;0
JE;81520120005;Execução Judicial;202311;9;0;0;2;29;0;0;11
JE;81520120005;Conhecimento;202311;1;0;0;0;17;2;0;3
JE;81520120005;Execução de Título Extrajudicial;202311;6;0;0;0;10;0;0;0
JE;81520120005;Execução de Título Extrajudicial;202312;6;0;0;0;16;0;0;0
JE;81520120005;Execução Judicial;202312;17;0;0;2;46;0;0;13
JE;81520120005;Conhecimento;202312;4;0;0;0;21;2;0;3
JE;81520120005;Execução de Título Extrajudicial;202401;0;0;0;0;16;0;0;0
JE;81520120005;Execução Judicial;202401;0;0;0;1;46;0;0;14
JE;81520120005;Conhecimento;202401;0;0;0;1;21;2;0;3
JE;81520120005;Execução de Título Extrajudicial;202402;0;0;0;0;16;0;0;0
JE;81520120005;Execução Judicial;202402;0;0;0;0;46;0;0;14
JE;81520120005;Conhecimento;202402;2;0;0;0;23;2;0;3
JE;81520120005;Conhecimento;202403;3;1;0;1;26;3;0;4
JE;81520120005;Execução Judicial;202403;4;0;0;2;50;0;0;16
JE;81520120005;Execução de Título Extrajudicial;202403;4;0;0;0;20;0;0;0
JE;81520120005;Conhecimento;202404;1;0;0;19;18;2;0;22
JE;81520120005;Execução Judicial;202404;0;0;0;1;46;0;0;16
JE;81520120005;Execução de Título Extrajudicial;202404;0;0;0;0;19;0;0;0
JE;81520120005;Execução Judicial;202405;3;0;0;1;49;0;0;16
JE;81520120005;Execução de Título Extrajudicial;202405;2;0;0;0;21;0;0;0
JE;81520120005;Conhecimento;202405;1;1;0;2;19;3;0;24
JE;81520120005;Execução de Título Extrajudicial;202406;1;0;0;0;22;0;0;0
JE;81520120005;Execução Judicial;202406;4;0;0;1;52;0;0;16
JE;81520120005;Conhecimento;202406;4;1;0;37;23;4;0;61
JE;81520120005;Execução de Título Extrajudicial;202407;0;0;0;0;22;0;0;0
JE;81520120005;Conhecimento;202407;7;0;0;6;30;3;0;67
JE;81520120005;Execução Judicial;202407;0;0;0;2;51;0;0;16
JE;81520120005;Execução de Título Extrajudicial;202408;0;0;0;0;21;0;0;0
JE;81520120005;Conhecimento;202408;3;0;0;3;30;3;0;70
JE;81520120005;Execução Judicial;202408;1;0;0;1;43;0;0;14
JE;81520120005;Execução de Título Extrajudicial;202409;0;0;0;0;20;0;0;0
JE;81520120005;Conhecimento;202409;0;0;0;1;28;3;0;71
JE;81520120005;Execução Judicial;202409;0;0;0;2;41;0;0;15
JE;81520120005;Execução Judicial;202410;0;0;0;2;38;0;0;17
JE;81520120005;Execução de Título Extrajudicial;202410;0;0;0;0;19;0;0;0
JE;81520120005;Conhecimento;202410;1;0;0;4;27;3;0;74
JE;81520120005;Execução de Título Extrajudicial;202411;0;0;0;0;13;0;0;0
JE;81520120005;Conhecimento;202411;3;0;0;2;29;3;0;76
JE;81520120005;Execução Judicial;202411;1;0;0;0;30;0;0;15
JE;81520120005;Execução de Título Extrajudicial;202412;0;0;0;0;7;0;0;0
JE;81520120005;Conhecimento;202412;4;0;0;10;29;3;0;86
JE;81520120005;Execução Judicial;202412;0;0;0;0;13;0;0;13
JE;81520120005;Execução Judicial;202501;0;0;0;1;13;0;0;13
JE;81520120005;Execução de Título Extrajudicial;202501;0;0;0;0;7;0;0;0
JE;81520120005;Conhecimento;202501;14;0;0;4;43;3;0;89
JE;81520120005;Execução Judicial;202502;0;0;0;0;13;0;0;13
JE;81520120005;Conhecimento;202502;11;0;0;7;52;3;0;96
JE;81520120005;Execução de Título Extrajudicial;202502;0;0;0;0;7;0;0;0
JE;81520120005;Execução de Título Extrajudicial;202503;0;0;0;0;3;0;0;0
JE;81520120005;Conhecimento;202503;4;0;0;2;53;2;0;97
JE;81520120005;Execução Judicial;202503;4;0;0;0;13;0;0;11
JE;81520120005;Execução Judicial;202504;7;0;0;0;20;0;0;10
JE;81520120005;Conhecimento;202504;3;0;0;13;55;2;0;91
JE;81520120005;Execução Judicial;202505;0;0;0;0;17;0;0;9
JE;81520120005;Conhecimento;202505;1;0;0;1;55;1;0;90
JE;81520120005;Conhecimento;202506;0;0;0;1;51;0;0;54
JE;81520120005;Execução Judicial;202506;1;0;0;0;14;0;0;8
JE;81520120005;Execução de Título Extrajudicial;202506;0;0;0;0;0;0;0;0
JE;81520120005;Conhecimento;202507;10;0;0;1;54;0;0;49
JE;81520120005;Execução Judicial;202507;2;0;0;1;16;0;0;7
JE;81520120005;Execução de Título Extrajudicial;202507;0;0;0;0;0;0;0;0
JE;81520120005;Execução de Título Extrajudicial;202508;0;0;0;0;0;0;0;0
JE;81520120005;Execução Judicial;202508;0;0;0;0;15;0;0;6
JE;81520120005;Conhecimento;202508;5;1;1;0;56;1;1;46
JE;81520120005;Execução de Título Extrajudicial;202509;0;0;0;0;0;0;0;0
JE;81520120005;Conhecimento;202509;4;0;0;1;60;1;1;46
JE;81520120005;Execução Judicial;202509;5;0;0;0;20;0;0;4
JE;81520120005;Conhecimento;202510;3;0;0;0;62;1;1;42
JE;81520120005;Execução de Título Extrajudicial;202510;0;0;0;0;0;0;0;0
JE;81520120005;Execução Judicial;202510;0;0;0;4;20;0;0;6
JE;81520120005;Execução Judicial;202511;1;0;0;0;20;0;0;6
JE;81520120005;Execução de Título Extrajudicial;202511;0;0;0;0;0;0;0;0
JE;81520120005;Conhecimento;202511;22;0;0;0;81;1;1;40
JE;81520120005;Execução de Título Extrajudicial;202512;0;0;0;0;0;0;0;0
JE;81520120005;Conhecimento;202512;1;0;0;0;78;1;1;30
JE;81520120005;Execução Judicial;202512;2;0;0;2;22;0;0;8
JE;81520120005;Execução de Título Extrajudicial;202601;0;0;0;0;0;0;0;0
JE;81520120005;Conhecimento;202601;9;0;0;2;73;1;1;28
JE;81520120005;Execução Judicial;202601;0;0;0;4;22;0;0;11
JE;81520120005;Execução Judicial;202602;1;0;0;2;23;0;0;13
JE;81520120005;Execução de Título Extrajudicial;202602;0;0;0;0;0;0;0;0
JE;81520120005;Conhecimento;202602;0;0;0;2;62;1;1;23
JE;81520120005;Execução Judicial;202603;13;0;0;17;32;0;0;30
JE;81520120005;Conhecimento;202603;2;0;0;8;60;1;1;29
JE;81520120005;Execução de Título Extrajudicial;202603;1;0;0;0;1;0;0;0
JE;81520120005;Execução Judicial;202604;1;0;0;1;26;0;0;31
JE;81520120005;Conhecimento;202604;1;0;0;1;58;1;1;17
JE;81520120005;Execução de Título Extrajudicial;202604;0;0;0;0;1;0;0;0
JE;81520120005;Execução de Título Extrajudicial;202605;0;0;0;0;1;0;0;0
JE;81520120005;Conhecimento;202605;0;1;0;0;57;2;1;16
JE;81520120005;Execução Judicial;202605;2;0;0;2;28;0;0;33
JE;81520120005;Conhecimento;202606;8;0;0;0;65;2;1;15
JE;81520120005;Execução de Título Extrajudicial;202606;0;0;0;0;1;0;0;0
JE;81520120005;Execução Judicial;202606;1;0;0;0;28;0;0;33
JE;81520180005;Conhecimento;202301;0;0;0;2;0;0;0;2
JE;81520180005;Execução Judicial;202301;0;0;0;0;0;0;0;0
JE;81520180005;Execução de Título Extrajudicial;202301;0;0;0;0;0;0;0;0
JE;81520180005;Execução de Título Extrajudicial;202302;0;0;0;0;0;0;0;0
JE;81520180005;Execução Judicial;202302;0;0;0;0;0;0;0;0
JE;81520180005;Conhecimento;202302;0;0;0;0;0;0;0;2
JE;81520180005;Execução Judicial;202303;1;0;0;0;1;0;0;0
JE;81520180005;Execução de Título Extrajudicial;202303;0;0;0;0;0;0;0;0
JE;81520180005;Conhecimento;202303;8;1;0;1;8;1;0;3
JE;81520180005;Execução Judicial;202304;0;0;0;0;1;0;0;0
JE;81520180005;Conhecimento;202304;0;0;0;2;8;1;0;5
JE;81520180005;Execução de Título Extrajudicial;202304;0;0;0;0;0;0;0;0
JE;81520180005;Execução Judicial;202305;0;0;0;0;1;0;0;0
JE;81520180005;Conhecimento;202305;0;0;0;0;8;1;0;5
JE;81520180005;Execução de Título Extrajudicial;202305;0;0;0;0;0;0;0;0
JE;81520180005;Conhecimento;202306;0;0;0;1;8;1;0;6
JE;81520180005;Execução de Título Extrajudicial;202306;0;0;0;0;0;0;0;0
JE;81520180005;Execução Judicial;202306;0;0;0;0;1;0;0;0
JE;81520180005;Execução de Título Extrajudicial;202307;0;0;0;0;0;0;0;0
JE;81520180005;Conhecimento;202307;0;0;0;0;8;1;0;6
JE;81520180005;Execução Judicial;202307;0;0;0;0;1;0;0;0
JE;81520180005;Conhecimento;202308;1;0;0;3;9;1;0;9
JE;81520180005;Execução de Título Extrajudicial;202308;0;0;0;0;0;0;0;0
JE;81520180005;Execução Judicial;202308;0;0;0;0;1;0;0;0
JE;81520180005;Conhecimento;202309;0;2;0;2;9;3;0;11
JE;81520180005;Execução Judicial;202309;0;0;0;0;1;0;0;0
JE;81520180005;Execução de Título Extrajudicial;202309;0;0;0;0;0;0;0;0
JE;81520180005;Conhecimento;202310;0;0;0;0;9;3;0;11
JE;81520180005;Execução Judicial;202310;0;0;0;0;1;0;0;0
JE;81520180005;Execução de Título Extrajudicial;202310;0;0;0;0;0;0;0;0
JE;81520180005;Conhecimento;202311;5;2;0;3;14;5;0;14
JE;81520180005;Execução de Título Extrajudicial;202311;0;0;0;0;0;0;0;0
JE;81520180005;Execução Judicial;202311;0;0;0;2;1;0;0;2
JE;81520180005;Conhecimento;202312;0;0;0;1;14;5;0;15
JE;81520180005;Execução de Título Extrajudicial;202312;0;0;0;0;0;0;0;0
JE;81520180005;Execução Judicial;202312;0;0;0;0;1;0;0;2
JE;81520180005;Conhecimento;202401;0;0;0;0;14;5;0;13
JE;81520180005;Execução de Título Extrajudicial;202401;1;0;0;0;1;0;0;0
JE;81520180005;Execução Judicial;202401;0;0;0;0;1;0;0;2
JE;81520180005;Conhecimento;202402;0;0;0;1;14;5;0;14
JE;81520180005;Execução Judicial;202402;0;0;0;0;1;0;0;2
JE;81520180005;Execução de Título Extrajudicial;202402;0;0;0;0;1;0;0;0
JE;81520180005;Execução Judicial;202403;0;0;0;0;0;0;0;2
JE;81520180005;Conhecimento;202403;0;0;0;1;6;4;0;14
JE;81520180005;Execução de Título Extrajudicial;202403;0;0;0;0;1;0;0;0
JE;81520180005;Execução de Título Extrajudicial;202404;0;0;0;0;1;0;0;0
JE;81520180005;Conhecimento;202404;5;0;0;3;11;4;0;15
JE;81520180005;Execução Judicial;202404;2;0;0;0;2;0;0;2
JE;81520180005;Conhecimento;202405;7;0;0;0;18;4;0;15
JE;81520180005;Execução de Título Extrajudicial;202405;0;0;0;0;1;0;0;0
JE;81520180005;Execução Judicial;202405;2;0;0;0;4;0;0;2
JE;81520180005;Execução Judicial;202406;0;0;0;0;4;0;0;2
JE;81520180005;Conhecimento;202406;1;0;0;2;19;4;0;16
JE;81520180005;Execução de Título Extrajudicial;202406;0;0;0;0;1;0;0;0
JE;81520180005;Execução Judicial;202407;1;0;0;1;5;0;0;3
JE;81520180005;Execução de Título Extrajudicial;202407;0;0;0;0;1;0;0;0
JE;81520180005;Conhecimento;202407;3;0;0;1;22;4;0;17
JE;81520180005;Conhecimento;202408;1;0;0;1;22;4;0;15
JE;81520180005;Execução de Título Extrajudicial;202408;1;0;0;0;2;0;0;0
JE;81520180005;Execução Judicial;202408;0;0;0;1;5;0;0;4
JE;81520180005;Execução Judicial;202409;2;0;0;0;7;0;0;4
JE;81520180005;Conhecimento;202409;3;0;0;2;25;2;0;15
JE;81520180005;Conhecimento;202410;6;2;0;4;31;4;0;19
JE;81520180005;Execução Judicial;202410;0;0;0;0;7;0;0;4
JE;81520180005;Execução Judicial;202411;0;0;0;0;7;0;0;2
JE;81520180005;Conhecimento;202411;1;1;0;2;27;3;0;18
JE;81520180005;Conhecimento;202412;2;2;0;8;29;5;0;25
JE;81520180005;Execução Judicial;202412;0;0;0;0;7;0;0;2
JE;81520180005;Execução Judicial;202501;1;0;0;0;8;0;0;2
JE;81520180005;Conhecimento;202501;1;3;0;5;30;8;0;30
JE;81520180005;Conhecimento;202502;2;1;0;5;32;9;0;34
JE;81520180005;Execução Judicial;202502;0;0;0;0;8;0;0;2
JE;81520180005;Execução Judicial;202503;1;0;0;0;9;0;0;2
JE;81520180005;Conhecimento;202503;11;2;0;2;43;11;0;35
JE;81520180005;Conhecimento;202504;2;0;0;2;40;11;0;34
JE;81520180005;Execução Judicial;202504;0;0;0;0;7;0;0;2
JE;81520180005;Execução de Título Extrajudicial;202505;0;0;0;1;1;0;0;1
JE;81520180005;Conhecimento;202505;6;0;0;1;39;11;0;35
JE;81520180005;Execução Judicial;202505;0;0;0;0;5;0;0;2
JE;81520180005;Execução Judicial;202506;0;0;0;0;5;0;0;2
JE;81520180005;Conhecimento;202506;4;0;0;0;42;11;0;33
JE;81520180005;Execução de Título Extrajudicial;202506;0;0;0;0;1;0;0;1
JE;81520180005;Execução Judicial;202507;0;0;0;0;4;0;0;1
JE;81520180005;Execução de Título Extrajudicial;202507;0;0;0;0;1;0;0;1
JE;81520180005;Conhecimento;202507;1;0;0;1;40;11;0;33
JE;81520180005;Execução Judicial;202508;0;0;0;0;4;0;0;0
JE;81520180005;Conhecimento;202508;6;0;0;8;45;11;0;40
JE;81520180005;Execução de Título Extrajudicial;202508;0;0;0;0;0;0;0;1
JE;81520180005;Execução Judicial;202509;0;0;0;0;2;0;0;0
JE;81520180005;Execução de Título Extrajudicial;202509;0;0;0;0;0;0;0;1
JE;81520180005;Conhecimento;202509;1;0;0;0;43;11;0;38
JE;81520180005;Conhecimento;202510;1;0;0;7;38;9;0;41
JE;81520180005;Execução de Título Extrajudicial;202510;0;0;0;0;0;0;0;1
JE;81520180005;Execução Judicial;202510;0;0;0;0;2;0;0;0
JE;81520180005;Execução de Título Extrajudicial;202511;0;0;0;0;0;0;0;1
JE;81520180005;Execução Judicial;202511;0;0;0;0;2;0;0;0
JE;81520180005;Conhecimento;202511;6;0;0;11;43;8;0;50
JE;81520180005;Execução Judicial;202512;1;0;0;0;3;0;0;0
JE;81520180005;Conhecimento;202512;14;0;0;0;55;6;0;42
JE;81520180005;Execução de Título Extrajudicial;202512;1;0;0;0;1;0;0;1
JE;81520180005;Conhecimento;202601;7;0;0;0;61;3;0;37
JE;81520180005;Execução Judicial;202601;0;0;0;0;2;0;0;0
JE;81520180005;Conhecimento;202602;2;0;0;0;61;2;0;32
JE;81520180005;Execução Judicial;202602;0;0;0;0;2;0;0;0
JE;81520180005;Conhecimento;202603;4;0;0;0;54;0;0;30
JE;81520180005;Execução Judicial;202603;0;0;0;0;1;0;0;0
JE;81520180005;Execução Judicial;202604;0;0;0;1;1;0;0;1
JE;81520180005;Conhecimento;202604;2;0;0;0;54;0;0;28
JE;81520180005;Conhecimento;202605;0;0;0;0;48;0;0;27
JE;81520180005;Execução Judicial;202605;0;0;0;0;1;0;0;1
JE;81520180005;Conhecimento;202606;3;0;0;0;47;0;0;27
JE;81520180005;Execução Judicial;202606;0;0;0;0;1;0;0;1
JE;81520180006;Conhecimento;202301;0;0;0;0;0;0;0;0
JE;81520180006;Conhecimento;202302;0;0;0;0;0;0;0;0
JE;81520180006;Conhecimento;202303;0;0;0;1;0;0;0;1
JE;81520180006;Conhecimento;202304;0;0;0;0;0;0;0;1
JE;81520180006;Conhecimento;202305;0;0;0;0;0;0;0;1
JE;81520180006;Conhecimento;202306;0;0;0;1;0;0;0;2
JE;81520180006;Conhecimento;202307;0;0;0;0;0;0;0;2
JE;81520180006;Conhecimento;202308;0;0;0;6;0;0;0;8
JE;81520180006;Conhecimento;202309;0;0;0;1;0;0;0;9
JE;81520180006;Conhecimento;202310;0;0;0;0;0;0;0;9
JE;81520180006;Conhecimento;202311;3;0;0;1;3;0;0;10
JE;81520180006;Conhecimento;202312;0;0;0;1;3;0;0;11
JE;81520180006;Execução Judicial;202401;1;0;0;0;1;0;0;0
JE;81520180006;Conhecimento;202401;3;0;0;0;6;0;0;11
JE;81520180006;Conhecimento;202402;0;0;0;0;6;0;0;11
JE;81520180006;Conhecimento;202403;0;0;0;0;6;0;0;10
JE;81520180006;Conhecimento;202404;0;0;0;0;6;0;0;10
JE;81520180006;Conhecimento;202405;0;0;0;0;6;0;0;10
JE;81520180006;Conhecimento;202406;0;0;0;0;6;0;0;9
JE;81520180006;Conhecimento;202407;33;0;0;0;39;0;0;9
JE;81520180006;Conhecimento;202408;0;0;0;0;39;0;0;3
JE;81520180006;Conhecimento;202409;0;0;0;1;39;0;0;3
JE;81520180006;Conhecimento;202410;8;0;0;0;47;0;0;3
JE;81520180006;Conhecimento;202411;2;0;0;1;46;0;0;3
JE;81520180006;Conhecimento;202412;1;0;0;0;47;0;0;2
JE;81520180006;Conhecimento;202501;0;0;0;0;44;0;0;2
JE;81520180006;Conhecimento;202502;4;0;0;0;48;0;0;2
JE;81520180006;Conhecimento;202503;0;0;0;0;48;0;0;2
JE;81520180006;Conhecimento;202504;3;0;0;1;51;0;0;3
JE;81520180006;Conhecimento;202505;1;0;0;0;52;0;0;3
JE;81520180006;Conhecimento;202506;3;0;0;0;55;0;0;3
JE;81520180006;Conhecimento;202507;4;0;0;0;26;0;0;3
JE;81520180006;Conhecimento;202508;1;0;0;0;27;0;0;3
JE;81520180006;Conhecimento;202509;0;0;0;0;27;0;0;2
JE;81520180006;Conhecimento;202510;0;0;0;0;19;0;0;2
JE;81520180006;Conhecimento;202511;0;0;0;3;17;0;0;4
JE;81520180006;Conhecimento;202512;0;0;0;0;16;0;0;4
JE;81520180006;Conhecimento;202601;0;0;0;0;16;0;0;4
JE;81520180006;Conhecimento;202602;0;0;0;0;12;0;0;4
JE;81520180006;Conhecimento;202603;3;0;0;0;15;0;0;4
JE;81520180006;Conhecimento;202604;2;1;0;0;14;1;0;3
JE;81520180006;Conhecimento;202605;0;0;0;0;13;1;0;3
JE;81520180006;Conhecimento;202606;0;0;0;0;10;1;0;3
JE;81520180007;Conhecimento;202301;0;0;0;1;0;0;0;1
JE;81520180007;Execução Judicial;202301;0;0;0;0;0;0;0;0
JE;81520180007;Execução Judicial;202302;0;0;0;0;0;0;0;0
JE;81520180007;Conhecimento;202302;0;0;0;0;0;0;0;1
JE;81520180007;Conhecimento;202303;0;0;0;0;0;0;0;1
JE;81520180007;Execução Judicial;202303;0;0;0;0;0;0;0;0
JE;81520180007;Conhecimento;202304;0;0;0;0;0;0;0;1
JE;81520180007;Execução Judicial;202304;0;0;0;0;0;0;0;0
JE;81520180007;Conhecimento;202305;0;0;0;1;0;0;0;2
JE;81520180007;Execução Judicial;202305;0;0;0;0;0;0;0;0
JE;81520180007;Conhecimento;202306;0;0;0;0;0;0;0;2
JE;81520180007;Execução Judicial;202306;0;0;0;0;0;0;0;0
JE;81520180007;Conhecimento;202307;0;0;0;0;0;0;0;2
JE;81520180007;Execução Judicial;202307;0;0;0;0;0;0;0;0
JE;81520180007;Execução Judicial;202308;0;0;0;0;0;0;0;0
JE;81520180007;Conhecimento;202308;2;0;0;0;2;0;0;2
JE;81520180007;Execução Judicial;202309;0;0;0;0;0;0;0;0
JE;81520180007;Conhecimento;202309;0;0;0;0;2;0;0;2
JE;81520180007;Execução Judicial;202310;0;0;0;1;0;0;0;1
JE;81520180007;Conhecimento;202310;1;0;0;0;3;0;0;2
JE;81520180007;Conhecimento;202311;0;0;0;0;3;0;0;2
JE;81520180007;Execução Judicial;202311;0;0;0;0;0;0;0;1
JE;81520180007;Execução Judicial;202312;0;0;0;0;0;0;0;1
JE;81520180007;Conhecimento;202312;0;0;0;0;3;0;0;2
JE;81520180007;Conhecimento;202401;0;0;0;0;3;0;0;1
JE;81520180007;Execução Judicial;202401;0;0;0;0;0;0;0;1
JE;81520180007;Conhecimento;202402;0;0;0;0;3;0;0;1
JE;81520180007;Execução Judicial;202402;0;0;0;0;0;0;0;1
JE;81520180007;Execução Judicial;202403;0;0;0;0;0;0;0;1
JE;81520180007;Conhecimento;202403;0;0;0;0;3;0;0;1
JE;81520180007;Conhecimento;202404;2;0;0;0;5;0;0;1
JE;81520180007;Execução Judicial;202404;0;0;0;2;0;0;0;3
JE;81520180007;Execução Judicial;202405;1;0;0;1;1;0;0;4
JE;81520180007;Conhecimento;202405;0;0;0;0;5;0;0;0
JE;81520180007;Execução Judicial;202406;0;0;0;1;1;0;0;5
JE;81520180007;Conhecimento;202406;1;0;0;0;6;0;0;0
JE;81520180007;Execução Judicial;202407;0;0;0;0;1;0;0;5
JE;81520180007;Conhecimento;202407;0;0;0;0;6;0;0;0
JE;81520180007;Conhecimento;202408;0;0;0;0;4;0;0;0
JE;81520180007;Execução Judicial;202408;0;0;0;0;1;0;0;5
JE;81520180007;Execução Judicial;202409;0;0;0;0;1;0;0;5
JE;81520180007;Conhecimento;202409;0;0;0;0;4;0;0;0
JE;81520180007;Execução Judicial;202410;0;0;0;0;1;0;0;4
JE;81520180007;Conhecimento;202410;0;0;0;0;3;0;0;0
JE;81520180007;Conhecimento;202411;0;0;0;0;3;0;0;0
JE;81520180007;Execução Judicial;202411;0;0;0;0;1;0;0;4
JE;81520180007;Conhecimento;202412;1;0;0;1;4;0;0;1
JE;81520180007;Execução Judicial;202412;0;0;0;0;1;0;0;4
JE;81520180007;Conhecimento;202501;0;0;0;0;4;0;0;1
JE;81520180007;Execução Judicial;202501;0;0;0;0;1;0;0;4
JE;81520180007;Execução Judicial;202502;0;0;0;0;1;0;0;4
JE;81520180007;Conhecimento;202502;0;0;0;1;4;0;0;2
JE;81520180007;Conhecimento;202503;0;0;0;0;4;0;0;2
JE;81520180007;Execução Judicial;202503;0;0;0;0;1;0;0;4
JE;81520180007;Execução Judicial;202504;0;0;0;0;1;0;0;2
JE;81520180007;Conhecimento;202504;0;0;0;0;2;0;0;2
JE;81520180007;Conhecimento;202505;0;0;0;0;2;0;0;2
JE;81520180007;Execução Judicial;202505;0;0;0;0;0;0;0;1
JE;81520180007;Execução Judicial;202506;0;0;0;0;0;0;0;0
JE;81520180007;Conhecimento;202506;0;0;0;0;1;0;0;2
JE;81520180007;Execução Judicial;202507;0;0;0;0;0;0;0;0
JE;81520180007;Conhecimento;202507;0;0;0;1;1;0;0;3
JE;81520180007;Execução Judicial;202508;0;0;0;0;0;0;0;0
JE;81520180007;Conhecimento;202508;0;0;0;0;1;0;0;3
JE;81520180007;Conhecimento;202509;0;0;0;0;1;0;0;3
JE;81520180007;Execução Judicial;202509;0;0;0;0;0;0;0;0
JE;81520180007;Conhecimento;202510;0;0;0;0;1;0;0;3
JE;81520180007;Execução Judicial;202510;0;0;0;0;0;0;0;0
JE;81520180007;Execução Judicial;202511;0;0;0;0;0;0;0;0
JE;81520180007;Conhecimento;202511;0;0;0;0;1;0;0;3
JE;81520180007;Execução Judicial;202512;0;0;0;0;0;0;0;0
JE;81520180007;Conhecimento;202512;0;0;0;0;0;0;0;2
JE;81520180007;Execução Judicial;202601;4;0;0;0;4;0;0;0
JE;81520180007;Conhecimento;202601;0;0;0;0;0;0;0;2
JE;81520180007;Execução Judicial;202602;0;0;0;0;4;0;0;0
JE;81520180007;Conhecimento;202602;0;0;0;0;0;0;0;1
JE;81520180007;Conhecimento;202603;0;0;0;0;0;0;0;1
JE;81520180007;Execução Judicial;202603;0;0;0;0;4;0;0;0
JE;81520180007;Execução Judicial;202604;0;0;0;0;4;0;0;0
JE;81520180007;Conhecimento;202604;0;0;0;0;0;0;0;1
JE;81520180007;Conhecimento;202605;0;0;0;0;0;0;0;1
JE;81520180007;Execução Judicial;202605;0;0;0;0;4;0;0;0
JE;81520180007;Execução Judicial;202606;0;0;0;0;4;0;0;0
JE;81520180007;Conhecimento;202606;0;0;0;0;0;0;0;1
JE;81530130001;Conhecimento;202304;0;0;1;1;0;0;1;1
JE;81530130001;Conhecimento;202306;0;0;1;0;0;0;2;1
JE;81530130001;Conhecimento;202308;1;0;0;0;1;0;2;1
JE;81530130001;Conhecimento;202309;1;0;0;0;2;0;2;1
JE;81530130001;Conhecimento;202402;0;1;0;0;2;1;2;1
JE;81530130001;Conhecimento;202405;0;0;0;1;2;1;1;1
JE;81530130001;Conhecimento;202407;0;0;2;0;2;1;2;1
JE;81530130001;Conhecimento;202408;0;1;1;0;1;2;3;1
JE;81530130001;Conhecimento;202505;0;1;1;0;0;2;4;0
JE;81530130003;Execução de Título Extrajudicial;202301;2;0;0;0;2;0;0;0
JE;81530130003;Conhecimento;202301;11;0;0;0;11;0;0;0
JE;81530130003;Execução Judicial;202301;1;0;0;0;1;0;0;0
JE;81530130003;Conhecimento;202302;12;1;1;0;23;1;1;0
JE;81530130003;Execução de Título Extrajudicial;202302;2;0;0;0;4;0;0;0
JE;81530130003;Execução Judicial;202302;2;0;0;0;3;0;0;0
JE;81530130003;Conhecimento;202303;21;10;2;11;44;11;3;11
JE;81530130003;Execução de Título Extrajudicial;202303;1;0;0;0;5;0;0;0
JE;81530130003;Execução Judicial;202303;2;0;0;1;5;0;0;1
JE;81530130003;Execução Judicial;202304;1;0;0;2;6;0;0;3
JE;81530130003;Conhecimento;202304;17;11;6;6;61;22;9;17
JE;81530130003;Execução de Título Extrajudicial;202304;1;0;0;0;6;0;0;0
JE;81530130003;Execução de Título Extrajudicial;202305;0;0;0;1;6;0;0;1
JE;81530130003;Conhecimento;202305;25;12;0;9;86;34;9;26
JE;81530130003;Execução Judicial;202305;5;0;0;0;11;0;0;3
JE;81530130003;Conhecimento;202306;13;3;0;2;99;37;9;28
JE;81530130003;Execução de Título Extrajudicial;202306;3;0;0;0;9;0;0;1
JE;81530130003;Execução Judicial;202306;2;0;0;1;13;0;0;4
JE;81530130003;Execução Judicial;202307;0;0;0;0;13;0;0;4
JE;81530130003;Execução de Título Extrajudicial;202307;0;0;1;0;9;0;1;1
JE;81530130003;Conhecimento;202307;12;13;3;9;111;50;12;37
JE;81530130003;Execução Judicial;202308;0;0;0;2;13;0;0;6
JE;81530130003;Conhecimento;202308;12;8;1;7;123;58;13;44
JE;81530130003;Execução de Título Extrajudicial;202308;0;0;0;0;9;0;1;1
JE;81530130003;Execução de Título Extrajudicial;202309;0;0;0;0;9;0;1;1
JE;81530130003;Execução Judicial;202309;0;0;0;1;13;0;0;7
JE;81530130003;Conhecimento;202309;20;12;1;14;143;70;14;58
JE;81530130003;Conhecimento;202310;7;9;3;8;150;79;17;66
JE;81530130003;Execução de Título Extrajudicial;202310;0;0;0;0;9;0;1;1
JE;81530130003;Execução Judicial;202310;1;0;0;1;14;0;0;8
JE;81530130003;Conhecimento;202311;5;5;0;7;155;84;17;73
JE;81530130003;Execução de Título Extrajudicial;202311;0;0;0;1;9;0;1;2
JE;81530130003;Execução Judicial;202311;0;0;0;2;14;0;0;10
JE;81530130003;Execução de Título Extrajudicial;202312;0;0;0;0;9;0;1;2
JE;81530130003;Execução Judicial;202312;1;0;0;1;15;0;0;11
JE;81530130003;Conhecimento;202312;13;4;0;4;168;88;17;77
JE;81530130003;Execução de Título Extrajudicial;202401;1;0;0;0;8;0;1;2
JE;81530130003;Conhecimento;202401;9;1;0;1;166;89;17;78
JE;81530130003;Execução Judicial;202401;1;0;0;4;15;0;0;15
JE;81530130003;Execução de Título Extrajudicial;202402;2;0;0;0;8;0;1;2
JE;81530130003;Conhecimento;202402;8;2;3;7;162;90;19;85
JE;81530130003;Execução Judicial;202402;1;1;0;0;14;1;0;15
JE;81530130003;Conhecimento;202403;16;1;5;2;157;81;22;76
JE;81530130003;Execução Judicial;202403;3;0;0;3;15;1;0;17
JE;81530130003;Execução de Título Extrajudicial;202403;2;0;0;0;9;0;1;2
JE;81530130003;Execução Judicial;202404;4;0;0;0;18;1;0;15
JE;81530130003;Conhecimento;202404;20;7;1;3;160;77;17;73
JE;81530130003;Execução de Título Extrajudicial;202404;0;0;0;0;8;0;1;2
JE;81530130003;Execução Judicial;202405;1;0;0;1;14;1;0;16
JE;81530130003;Execução de Título Extrajudicial;202405;1;0;0;1;9;0;1;2
JE;81530130003;Conhecimento;202405;17;5;2;12;152;70;19;76
JE;81530130003;Execução de Título Extrajudicial;202406;0;0;0;1;6;0;1;3
JE;81530130003;Conhecimento;202406;23;6;9;4;162;73;28;78
JE;81530130003;Execução Judicial;202406;1;0;0;4;13;1;0;19
JE;81530130003;Execução Judicial;202407;2;0;0;5;15;1;0;24
JE;81530130003;Conhecimento;202407;23;19;8;16;173;79;33;85
JE;81530130003;Execução de Título Extrajudicial;202407;0;0;0;1;6;0;0;4
JE;81530130003;Execução Judicial;202408;0;0;0;3;15;1;0;25
JE;81530130003;Execução de Título Extrajudicial;202408;0;0;0;0;6;0;0;4
JE;81530130003;Conhecimento;202408;17;11;5;11;178;82;37;89
JE;81530130003;Conhecimento;202409;12;14;0;7;170;84;36;82
JE;81530130003;Execução Judicial;202409;1;1;0;0;16;2;0;24
JE;81530130003;Execução de Título Extrajudicial;202409;0;0;0;0;6;0;0;4
JE;81530130003;Conhecimento;202410;20;9;0;10;183;84;33;84
JE;81530130003;Execução Judicial;202410;0;0;0;1;15;2;0;24
JE;81530130003;Execução de Título Extrajudicial;202410;0;0;0;1;6;0;0;5
JE;81530130003;Execução de Título Extrajudicial;202411;0;0;0;0;6;0;0;4
JE;81530130003;Conhecimento;202411;17;17;1;18;195;96;34;95
JE;81530130003;Execução Judicial;202411;0;0;0;0;15;2;0;22
JE;81530130003;Execução Judicial;202412;1;0;0;1;15;2;0;22
JE;81530130003;Conhecimento;202412;29;31;0;25;211;123;34;116
JE;81530130003;Execução de Título Extrajudicial;202412;0;0;0;0;6;0;0;4
JE;81530130003;Conhecimento;202501;33;27;0;54;235;149;34;169
JE;81530130003;Execução Judicial;202501;0;0;0;1;14;2;0;19
JE;81530130003;Execução de Título Extrajudicial;202501;0;0;0;0;5;0;0;4
JE;81530130003;Execução de Título Extrajudicial;202502;0;0;0;0;3;0;0;4
JE;81530130003;Execução Judicial;202502;4;0;0;1;17;1;0;20
JE;81530130003;Conhecimento;202502;34;29;1;37;261;176;32;199
JE;81530130003;Execução de Título Extrajudicial;202503;0;0;0;1;1;0;0;5
JE;81530130003;Conhecimento;202503;16;5;0;30;261;180;27;227
JE;81530130003;Execução Judicial;202503;2;0;0;13;16;1;0;30
JE;81530130003;Conhecimento;202504;26;1;0;32;267;174;26;256
JE;81530130003;Execução Judicial;202504;5;0;0;0;17;1;0;30
JE;81530130003;Execução de Título Extrajudicial;202504;3;0;0;0;4;0;0;5
JE;81530130003;Conhecimento;202505;20;2;0;17;270;171;24;261
JE;81530130003;Execução Judicial;202505;2;0;0;4;18;1;0;33
JE;81530130003;Execução de Título Extrajudicial;202505;2;0;0;0;5;0;0;4
JE;81530130003;Execução Judicial;202506;6;0;0;15;23;1;0;44
JE;81530130003;Conhecimento;202506;53;10;0;26;300;175;15;283
JE;81530130003;Execução de Título Extrajudicial;202506;0;0;0;0;5;0;0;3
JE;81530130003;Conhecimento;202507;51;0;0;13;328;156;7;280
JE;81530130003;Execução de Título Extrajudicial;202507;0;0;0;0;5;0;0;2
JE;81530130003;Execução Judicial;202507;6;0;0;1;27;1;0;40
JE;81530130003;Execução Judicial;202508;2;0;0;2;29;1;0;39
JE;81530130003;Conhecimento;202508;17;0;0;24;328;145;2;293
JE;81530130003;Execução de Título Extrajudicial;202508;1;0;0;0;6;0;0;2
JE;81530130003;Execução Judicial;202509;1;0;0;1;29;0;0;40
JE;81530130003;Conhecimento;202509;19;0;0;10;335;131;2;296
JE;81530130003;Execução de Título Extrajudicial;202509;0;0;0;0;6;0;0;2
JE;81530130003;Conhecimento;202510;24;0;0;57;339;122;2;343
JE;81530130003;Execução de Título Extrajudicial;202510;0;0;0;0;6;0;0;1
JE;81530130003;Execução Judicial;202510;0;0;0;0;29;0;0;39
JE;81530130003;Execução de Título Extrajudicial;202511;0;0;0;0;6;0;0;1
JE;81530130003;Conhecimento;202511;26;0;1;13;348;105;2;338
JE;81530130003;Execução Judicial;202511;0;0;0;0;29;0;0;39
JE;81530130003;Execução Judicial;202512;2;0;0;3;30;0;0;41
JE;81530130003;Conhecimento;202512;58;0;1;11;377;74;3;324
JE;81530130003;Execução de Título Extrajudicial;202512;0;0;0;4;6;0;0;5
JE;81530130003;Conhecimento;202601;16;2;0;13;360;49;3;283
JE;81530130003;Execução de Título Extrajudicial;202601;0;0;0;3;6;0;0;8
JE;81530130003;Execução Judicial;202601;2;0;0;1;32;0;0;41
JE;81530130003;Execução de Título Extrajudicial;202602;0;0;0;2;6;0;0;10
JE;81530130003;Conhecimento;202602;10;0;0;30;336;20;2;276
JE;81530130003;Execução Judicial;202602;1;0;0;0;29;0;0;40
JE;81530130003;Execução Judicial;202603;1;0;0;7;28;0;0;34
JE;81530130003;Execução de Título Extrajudicial;202603;0;0;0;0;6;0;0;9
JE;81530130003;Conhecimento;202603;21;0;0;14;341;15;2;260
JE;81530130003;Execução de Título Extrajudicial;202604;1;0;0;1;4;0;0;10
JE;81530130003;Conhecimento;202604;7;0;0;11;322;14;2;239
JE;81530130003;Execução Judicial;202604;2;0;0;0;25;0;0;34
JE;81530130003;Conhecimento;202605;21;0;0;19;323;12;2;241
JE;81530130003;Execução de Título Extrajudicial;202605;1;0;0;1;3;0;0;11
JE;81530130003;Execução Judicial;202605;2;0;0;12;25;0;0;42
JE;81530130003;Execução de Título Extrajudicial;202606;0;0;0;0;3;0;0;11
JE;81530130003;Conhecimento;202606;16;0;1;8;286;2;3;223
JE;81530130003;Execução Judicial;202606;0;0;0;3;19;0;0;30
JE;81530130005;Conhecimento;202301;0;0;0;1;0;0;0;1
JE;81530130005;Execução Judicial;202301;0;0;0;1;0;0;0;1
JE;81530130005;Execução de Título Extrajudicial;202301;0;0;0;0;0;0;0;0
JE;81530130005;Conhecimento;202302;1;1;0;0;1;1;0;1
JE;81530130005;Execução Judicial;202302;4;0;0;0;4;0;0;1
JE;81530130005;Execução de Título Extrajudicial;202302;1;0;0;0;1;0;0;0
JE;81530130005;Execução Judicial;202303;5;0;0;1;9;0;0;2
JE;81530130005;Conhecimento;202303;0;0;0;1;1;1;0;2
JE;81530130005;Execução de Título Extrajudicial;202303;6;0;0;0;7;0;0;0
JE;81530130005;Execução de Título Extrajudicial;202304;0;0;0;0;7;0;0;0
JE;81530130005;Conhecimento;202304;4;4;0;5;5;5;0;7
JE;81530130005;Execução Judicial;202304;1;0;0;1;10;0;0;3
JE;81530130005;Execução de Título Extrajudicial;202305;5;0;0;0;12;0;0;0
JE;81530130005;Conhecimento;202305;3;0;0;0;8;5;0;7
JE;81530130005;Execução Judicial;202305;2;0;0;0;12;0;0;3
JE;81530130005;Execução de Título Extrajudicial;202306;0;0;0;0;12;0;0;0
JE;81530130005;Conhecimento;202306;0;0;0;0;8;5;0;7
JE;81530130005;Execução Judicial;202306;0;0;0;0;12;0;0;3
JE;81530130005;Execução de Título Extrajudicial;202307;0;0;0;0;12;0;0;0
JE;81530130005;Conhecimento;202307;0;0;0;2;8;5;0;9
JE;81530130005;Execução Judicial;202307;0;0;0;0;12;0;0;3
JE;81530130005;Execução de Título Extrajudicial;202308;0;0;0;0;12;0;0;0
JE;81530130005;Conhecimento;202308;3;0;0;1;11;5;0;10
JE;81530130005;Execução Judicial;202308;0;0;0;0;12;0;0;3
JE;81530130005;Execução de Título Extrajudicial;202309;0;0;0;0;12;0;0;0
JE;81530130005;Execução Judicial;202309;0;0;0;0;12;0;0;3
JE;81530130005;Conhecimento;202309;0;0;0;2;11;5;0;12
JE;81530130005;Execução de Título Extrajudicial;202310;0;0;0;0;12;0;0;0
JE;81530130005;Conhecimento;202310;3;0;0;0;14;5;0;12
JE;81530130005;Execução Judicial;202310;0;0;0;0;12;0;0;3
JE;81530130005;Execução Judicial;202311;0;0;0;1;12;0;0;4
JE;81530130005;Execução de Título Extrajudicial;202311;0;0;0;0;12;0;0;0
JE;81530130005;Conhecimento;202311;0;0;0;2;14;5;0;14
JE;81530130005;Execução Judicial;202312;2;0;0;1;14;0;0;5
JE;81530130005;Conhecimento;202312;2;0;0;1;16;5;0;15
JE;81530130005;Execução de Título Extrajudicial;202312;3;0;0;0;15;0;0;0
JE;81530130005;Conhecimento;202401;0;0;0;1;16;5;0;15
JE;81530130005;Execução de Título Extrajudicial;202401;0;0;0;0;15;0;0;0
JE;81530130005;Execução Judicial;202401;1;0;0;3;15;0;0;7
JE;81530130005;Execução de Título Extrajudicial;202402;1;0;0;0;15;0;0;0
JE;81530130005;Execução Judicial;202402;2;0;0;3;13;0;0;10
JE;81530130005;Conhecimento;202402;1;0;1;5;16;4;1;20
JE;81530130005;Execução de Título Extrajudicial;202403;1;0;0;0;10;0;0;0
JE;81530130005;Conhecimento;202403;0;0;0;1;16;4;1;20
JE;81530130005;Execução Judicial;202403;0;0;0;1;8;0;0;10
JE;81530130005;Execução de Título Extrajudicial;202404;0;0;0;0;10;0;0;0
JE;81530130005;Conhecimento;202404;1;0;0;1;13;0;1;16
JE;81530130005;Execução Judicial;202404;1;0;0;0;8;0;0;9
JE;81530130005;Execução Judicial;202405;0;0;0;1;6;0;0;10
JE;81530130005;Conhecimento;202405;0;0;0;1;10;0;1;17
JE;81530130005;Execução de Título Extrajudicial;202405;0;0;0;0;5;0;0;0
JE;81530130005;Execução Judicial;202406;0;0;0;1;6;0;0;11
JE;81530130005;Execução de Título Extrajudicial;202406;0;0;0;0;5;0;0;0
JE;81530130005;Conhecimento;202406;2;0;0;3;12;0;1;20
JE;81530130005;Execução Judicial;202407;0;0;0;1;6;0;0;12
JE;81530130005;Conhecimento;202407;0;1;0;3;12;1;1;21
JE;81530130005;Execução de Título Extrajudicial;202407;0;0;0;0;5;0;0;0
JE;81530130005;Conhecimento;202408;2;0;0;0;11;1;1;20
JE;81530130005;Execução Judicial;202408;0;0;0;1;6;0;0;13
JE;81530130005;Execução de Título Extrajudicial;202408;1;0;0;0;6;0;0;0
JE;81530130005;Conhecimento;202409;1;0;0;1;12;1;1;19
JE;81530130005;Execução de Título Extrajudicial;202409;1;0;0;0;7;0;0;0
JE;81530130005;Execução Judicial;202409;0;0;0;0;6;0;0;13
JE;81530130005;Execução Judicial;202410;0;0;0;1;6;0;0;14
JE;81530130005;Conhecimento;202410;0;0;0;1;9;1;1;20
JE;81530130005;Conhecimento;202411;0;0;0;0;9;1;1;18
JE;81530130005;Execução Judicial;202411;0;0;0;0;6;0;0;13
JE;81530130005;Execução Judicial;202412;2;0;0;0;6;0;0;12
JE;81530130005;Conhecimento;202412;1;1;0;1;8;2;1;18
JE;81530130005;Execução Judicial;202501;0;0;0;1;5;0;0;10
JE;81530130005;Conhecimento;202501;0;0;0;0;8;2;1;17
JE;81530130005;Execução de Título Extrajudicial;202502;0;0;0;1;3;0;0;1
JE;81530130005;Conhecimento;202502;2;1;0;2;9;3;0;14
JE;81530130005;Execução Judicial;202502;1;0;0;1;4;0;0;8
JE;81530130005;Execução Judicial;202503;0;0;0;0;4;0;0;7
JE;81530130005;Execução de Título Extrajudicial;202503;0;0;0;0;2;0;0;1
JE;81530130005;Conhecimento;202503;1;0;0;0;10;3;0;13
JE;81530130005;Execução de Título Extrajudicial;202504;0;0;0;0;2;0;0;1
JE;81530130005;Conhecimento;202504;6;0;0;0;15;3;0;12
JE;81530130005;Execução Judicial;202504;1;1;1;3;4;1;1;10
JE;81530130005;Conhecimento;202505;2;0;0;4;17;3;0;15
JE;81530130005;Execução Judicial;202505;3;0;0;1;7;1;1;10
JE;81530130005;Execução de Título Extrajudicial;202505;0;0;0;0;2;0;0;1
JE;81530130005;Execução Judicial;202506;0;0;0;5;7;1;1;14
JE;81530130005;Execução de Título Extrajudicial;202506;0;0;0;0;2;0;0;1
JE;81530130005;Conhecimento;202506;5;0;0;0;20;3;0;12
JE;81530130005;Execução de Título Extrajudicial;202507;0;0;0;0;2;0;0;1
JE;81530130005;Execução Judicial;202507;1;0;0;2;8;1;1;15
JE;81530130005;Conhecimento;202507;6;0;0;1;26;2;0;10
JE;81530130005;Conhecimento;202508;3;0;0;1;27;2;0;11
JE;81530130005;Execução Judicial;202508;0;0;0;4;8;1;1;18
JE;81530130005;Execução de Título Extrajudicial;202508;0;0;0;0;1;0;0;1
JE;81530130005;Conhecimento;202509;1;0;0;1;27;2;0;11
JE;81530130005;Execução de Título Extrajudicial;202509;0;0;0;0;0;0;0;1
JE;81530130005;Execução Judicial;202509;2;0;0;0;10;1;1;18
JE;81530130005;Execução Judicial;202510;0;0;0;0;10;1;1;17
JE;81530130005;Execução de Título Extrajudicial;202510;0;0;0;0;0;0;0;1
JE;81530130005;Conhecimento;202510;1;0;0;1;28;2;0;11
JE;81530130005;Conhecimento;202511;0;0;0;0;28;2;0;11
JE;81530130005;Execução Judicial;202511;0;0;0;0;10;1;1;17
JE;81530130005;Execução de Título Extrajudicial;202511;0;0;0;0;0;0;0;1
JE;81530130005;Execução de Título Extrajudicial;202512;0;0;0;0;0;0;0;1
JE;81530130005;Execução Judicial;202512;2;0;0;0;10;1;1;17
JE;81530130005;Conhecimento;202512;1;1;0;0;28;2;0;10
JE;81530130005;Execução Judicial;202601;0;0;0;5;10;1;1;21
JE;81530130005;Execução de Título Extrajudicial;202601;0;0;0;0;0;0;0;1
JE;81530130005;Conhecimento;202601;0;0;0;2;28;2;0;12
JE;81530130005;Execução Judicial;202602;0;0;0;1;9;1;1;21
JE;81530130005;Execução de Título Extrajudicial;202602;0;0;0;0;0;0;0;0
JE;81530130005;Conhecimento;202602;0;0;0;2;26;1;0;12
JE;81530130005;Execução de Título Extrajudicial;202603;0;0;0;0;0;0;0;0
JE;81530130005;Execução Judicial;202603;0;0;0;8;9;1;1;29
JE;81530130005;Conhecimento;202603;4;0;0;2;29;1;0;14
JE;81530130005;Execução Judicial;202604;0;0;0;8;8;0;0;34
JE;81530130005;Conhecimento;202604;0;0;0;1;23;1;0;15
JE;81530130005;Execução de Título Extrajudicial;202605;0;0;0;1;0;0;0;1
JE;81530130005;Conhecimento;202605;0;0;0;2;21;1;0;13
JE;81530130005;Execução Judicial;202605;0;0;0;16;5;0;0;49
JE;81530130005;Conhecimento;202606;3;1;0;2;19;2;0;15
JE;81530130005;Execução Judicial;202606;0;0;0;0;5;0;0;44
JE;81530130005;Execução de Título Extrajudicial;202606;0;0;0;0;0;0;0;1
JE;81540130002;Conhecimento;202301;0;0;0;0;0;0;0;0
JE;81540130002;Conhecimento;202302;0;0;0;0;0;0;0;0
JE;81540130002;Conhecimento;202303;0;0;0;0;0;0;0;0
JE;81540130002;Conhecimento;202304;0;0;0;0;0;0;0;0
JE;81540130002;Conhecimento;202305;0;0;0;0;0;0;0;0
JE;81540130002;Conhecimento;202306;0;0;0;0;0;0;0;0
JE;81540130002;Conhecimento;202307;0;1;0;0;0;1;0;0
JE;81540130002;Conhecimento;202308;0;0;0;0;0;1;0;0
JE;81540130002;Conhecimento;202309;0;1;0;0;0;2;0;0
JE;81540130002;Conhecimento;202310;0;0;0;3;0;2;0;3
JE;81540130002;Conhecimento;202311;0;0;3;1;0;2;3;4
JE;81540130002;Conhecimento;202312;0;0;1;1;0;2;4;5
JE;81540130002;Conhecimento;202403;0;1;4;4;0;3;8;9
JE;81540130002;Conhecimento;202404;0;0;1;0;0;3;9;9
JE;81540130002;Conhecimento;202405;0;0;0;1;0;3;9;10
JE;81540130002;Conhecimento;202406;0;0;1;1;0;3;10;11
JE;81540130002;Conhecimento;202407;0;0;0;1;0;2;10;12
JE;81540130002;Conhecimento;202408;0;1;2;0;0;3;12;12
JE;81540130002;Conhecimento;202410;0;1;1;0;0;3;13;9
JE;81540130002;Conhecimento;202502;0;5;0;0;0;8;9;7
JE;81540130002;Conhecimento;202503;0;1;0;8;0;8;5;11
JE;81540130002;Conhecimento;202504;0;3;0;3;0;11;4;14
JE;81540130002;Conhecimento;202505;7;17;7;9;7;28;11;22
JE;81540130002;Conhecimento;202506;0;3;1;2;7;31;11;23
JE;81540130002;Conhecimento;202507;0;2;0;3;7;33;11;25
JE;81540130002;Conhecimento;202508;0;2;0;3;7;34;9;28
JE;81540130002;Conhecimento;202509;0;1;0;0;7;35;9;28
JE;81540130002;Conhecimento;202510;0;1;0;1;7;35;8;29
JE;81540130002;Conhecimento;202512;0;0;1;1;7;35;9;30
JE;81540130002;Conhecimento;202601;0;0;7;0;7;35;16;30
JE;81540130002;Conhecimento;202602;0;1;10;0;7;31;26;30
JE;81540130002;Conhecimento;202603;0;0;10;0;7;30;36;22
JE;81540130002;Conhecimento;202604;0;13;19;0;7;40;55;19
JE;81540130002;Conhecimento;202605;0;3;3;0;0;26;51;10
JE;81540130002;Conhecimento;202606;0;0;1;0;0;23;51;8
JE;81540130004;Conhecimento;202301;12;0;0;10;12;0;0;10
JE;81540130004;Conhecimento;202302;11;0;0;2;23;0;0;12
JE;81540130004;Conhecimento;202303;0;0;0;6;23;0;0;18
JE;81540130004;Conhecimento;202304;0;0;0;1;23;0;0;19
JE;81540130004;Conhecimento;202305;2;0;0;2;25;0;0;21
JE;81540130004;Conhecimento;202306;10;0;0;15;35;0;0;36
JE;81540130004;Conhecimento;202307;37;0;1;16;72;0;1;52
JE;81540130004;Conhecimento;202308;7;1;1;2;79;1;2;54
JE;81540130004;Conhecimento;202309;18;0;1;24;97;1;3;78
JE;81540130004;Conhecimento;202310;13;0;0;10;110;1;3;88
JE;81540130004;Conhecimento;202311;13;4;0;9;123;5;3;97
JE;81540130004;Conhecimento;202312;12;1;0;9;135;6;3;106
JE;81540130004;Conhecimento;202401;7;0;0;8;130;6;3;104
JE;81540130004;Conhecimento;202402;8;0;0;8;127;6;3;110
JE;81540130004;Conhecimento;202403;10;4;1;3;137;10;4;107
JE;81540130004;Conhecimento;202404;14;1;0;22;151;11;4;128
JE;81540130004;Conhecimento;202405;10;0;0;13;159;11;4;139
JE;81540130004;Conhecimento;202406;6;5;0;2;155;16;4;126
JE;81540130004;Conhecimento;202407;14;0;0;5;132;16;3;115
JE;81540130004;Conhecimento;202408;16;3;1;9;141;18;3;122
JE;81540130004;Conhecimento;202409;6;0;0;7;129;18;2;105
JE;81540130004;Conhecimento;202410;11;1;0;7;127;19;2;102
JE;81540130004;Conhecimento;202411;12;0;0;8;126;15;2;101
JE;81540130004;Conhecimento;202412;15;0;0;6;129;14;2;98
JE;81540130004;Conhecimento;202501;7;0;0;11;129;14;2;101
JE;81540130004;Conhecimento;202502;14;0;5;1;135;14;7;94
JE;81540130004;Conhecimento;202503;6;0;1;9;131;10;7;100
JE;81540130004;Conhecimento;202504;13;1;2;6;130;10;9;84
JE;81540130004;Conhecimento;202505;17;0;3;2;137;10;12;73
JE;81540130004;Conhecimento;202506;14;0;1;2;145;5;13;73
JE;81540130004;Conhecimento;202507;31;0;1;5;162;5;14;73
JE;81540130004;Conhecimento;202508;15;0;0;3;161;2;13;67
JE;81540130004;Conhecimento;202509;9;0;0;3;164;2;13;63
JE;81540130004;Conhecimento;202510;8;0;0;3;161;1;13;59
JE;81540130004;Conhecimento;202511;5;0;0;16;154;1;13;67
JE;81540130004;Conhecimento;202512;7;1;0;2;146;2;13;63
JE;81540130004;Conhecimento;202601;7;6;0;18;146;8;13;70
JE;81540130004;Conhecimento;202602;13;5;0;4;145;13;8;73
JE;81540130004;Conhecimento;202603;10;7;0;17;149;20;7;81
JE;81540130004;Conhecimento;202604;2;16;0;3;138;35;5;78
JE;81540130004;Conhecimento;202605;6;3;0;4;127;38;2;80
JE;81540130004;Conhecimento;202606;5;1;0;3;118;39;1;81
JE;81550140001;Conhecimento;202301;0;0;0;0;0;0;0;0
JE;81550140001;Execução Judicial;202301;0;0;0;0;0;0;0;0
JE;81550140001;Conhecimento;202302;0;0;0;0;0;0;0;0
JE;81550140001;Execução Judicial;202302;0;0;0;0;0;0;0;0
JE;81550140001;Conhecimento;202303;0;0;0;1;0;0;0;1
JE;81550140001;Execução Judicial;202303;0;0;0;0;0;0;0;0
JE;81550140001;Conhecimento;202304;0;0;0;0;0;0;0;1
JE;81550140001;Execução Judicial;202304;0;0;0;0;0;0;0;0
JE;81550140001;Execução Judicial;202305;0;0;0;0;0;0;0;0
JE;81550140001;Conhecimento;202305;0;0;0;0;0;0;0;1
JE;81550140001;Conhecimento;202306;3;0;0;0;3;0;0;1
JE;81550140001;Execução Judicial;202306;0;0;0;0;0;0;0;0
JE;81550140001;Execução Judicial;202307;0;0;0;0;0;0;0;0
JE;81550140001;Conhecimento;202307;0;0;0;0;3;0;0;1
JE;81550140001;Execução Judicial;202308;0;0;0;0;0;0;0;0
JE;81550140001;Conhecimento;202308;0;0;0;0;3;0;0;1
JE;81550140001;Conhecimento;202309;0;0;0;0;3;0;0;1
JE;81550140001;Execução Judicial;202309;0;0;0;0;0;0;0;0
JE;81550140001;Execução Judicial;202310;0;0;0;0;0;0;0;0
JE;81550140001;Conhecimento;202310;0;0;0;0;3;0;0;1
JE;81550140001;Conhecimento;202311;0;0;0;0;3;0;0;1
JE;81550140001;Execução Judicial;202311;0;0;0;0;0;0;0;0
JE;81550140001;Conhecimento;202312;0;0;0;0;3;0;0;1
JE;81550140001;Execução Judicial;202312;0;0;0;0;0;0;0;0
JE;81550140001;Execução Judicial;202401;0;0;0;0;0;0;0;0
JE;81550140001;Conhecimento;202401;0;0;0;0;3;0;0;1
JE;81550140001;Conhecimento;202402;0;0;0;0;3;0;0;1
JE;81550140001;Execução Judicial;202402;0;0;0;0;0;0;0;0
JE;81550140001;Execução Judicial;202403;0;0;0;0;0;0;0;0
JE;81550140001;Conhecimento;202403;0;0;0;0;3;0;0;0
JE;81550140001;Execução Judicial;202404;0;0;0;0;0;0;0;0
JE;81550140001;Conhecimento;202404;0;0;3;0;3;0;3;0
JE;81550140001;Conhecimento;202405;1;0;1;1;4;0;4;1
JE;81550140001;Execução Judicial;202405;0;0;0;0;0;0;0;0
JE;81550140001;Conhecimento;202406;4;0;0;0;5;0;4;1
JE;81550140001;Execução Judicial;202406;1;0;0;0;1;0;0;0
JE;81550140001;Execução Judicial;202407;0;0;0;0;1;0;0;0
JE;81550140001;Conhecimento;202407;33;0;0;0;38;0;4;1
JE;81550140001;Execução Judicial;202408;1;0;0;1;2;0;0;1
JE;81550140001;Conhecimento;202408;9;0;1;0;47;0;5;1
JE;81550140001;Execução Judicial;202409;4;0;0;0;6;0;0;1
JE;81550140001;Conhecimento;202409;7;0;0;0;54;0;5;1
JE;81550140001;Conhecimento;202410;6;0;0;0;60;0;5;1
JE;81550140001;Execução Judicial;202410;1;0;0;0;7;0;0;1
JE;81550140001;Conhecimento;202411;0;0;0;0;60;0;5;1
JE;81550140001;Execução Judicial;202411;1;0;0;0;8;0;0;1
JE;81550140001;Conhecimento;202412;0;5;0;0;60;5;5;1
JE;81550140001;Conhecimento;202501;0;0;5;0;60;5;10;1
JE;81550140001;Execução Judicial;202502;1;0;2;0;9;0;2;1
JE;81550140001;Conhecimento;202502;1;2;18;0;61;7;28;1
JE;81550140001;Execução Judicial;202503;0;0;1;0;9;0;3;1
JE;81550140001;Conhecimento;202503;0;0;9;0;61;7;37;1
JE;81550140001;Conhecimento;202504;0;0;2;0;61;7;36;1
JE;81550140001;Conhecimento;202506;0;0;1;0;56;7;36;0
JE;81550140001;Conhecimento;202507;0;0;3;0;23;7;39;0
JE;81550140001;Execução Judicial;202508;0;0;1;0;7;0;4;0
JE;81550140001;Conhecimento;202508;0;0;1;0;14;7;39;0
JE;81550140001;Conhecimento;202510;0;0;0;1;1;7;39;1
JE;81550140001;Execução Judicial;202510;0;0;0;5;2;0;4;5
JE;81550140001;Conhecimento;202511;0;0;10;0;1;7;49;1
JE;81550140001;Execução Judicial;202511;0;0;4;0;1;0;8;5
JE;81550140001;Execução Judicial;202512;0;0;1;0;1;0;9;5
JE;81550140001;Conhecimento;202512;0;0;2;0;1;2;51;1
JE;81550140001;Conhecimento;202602;0;2;5;0;0;2;33;1
JE;81550140001;Execução Judicial;202602;0;0;2;0;0;0;9;5
JE;81550140001;Conhecimento;202603;0;0;1;0;0;2;25;1
JE;81550140001;Execução Judicial;202603;0;0;3;0;0;0;11;5
JE;81550140001;Conhecimento;202604;0;1;1;0;0;3;24;1
JE;81550140003;Execução de Título Extrajudicial;202301;4;0;0;0;4;0;0;0
JE;81550140003;Conhecimento;202301;3;0;0;25;3;0;0;25
JE;81550140003;Execução Judicial;202301;0;0;0;1;0;0;0;1
JE;81550140003;Execução de Título Extrajudicial;202302;0;0;0;0;4;0;0;0
JE;81550140003;Conhecimento;202302;47;0;0;18;50;0;0;43
JE;81550140003;Execução Judicial;202302;1;0;0;0;1;0;0;1
JE;81550140003;Conhecimento;202303;4;0;0;15;54;0;0;58
JE;81550140003;Execução de Título Extrajudicial;202303;1;0;0;1;5;0;0;1
JE;81550140003;Execução Judicial;202303;4;0;0;0;5;0;0;1
JE;81550140003;Conhecimento;202304;89;84;0;17;143;84;0;75
JE;81550140003;Execução Judicial;202304;1;0;0;0;6;0;0;1
JE;81550140003;Execução de Título Extrajudicial;202304;2;0;0;1;7;0;0;2
JE;81550140003;Conhecimento;202305;7;0;0;26;150;84;0;101
JE;81550140003;Execução Judicial;202305;4;0;0;1;10;0;0;2
JE;81550140003;Execução de Título Extrajudicial;202305;0;0;0;0;7;0;0;2
JE;81550140003;Execução Judicial;202306;2;0;0;1;12;0;0;3
JE;81550140003;Conhecimento;202306;21;1;0;16;171;85;0;117
JE;81550140003;Execução de Título Extrajudicial;202306;0;0;0;0;7;0;0;2
JE;81550140003;Execução de Título Extrajudicial;202307;0;0;0;0;7;0;0;2
JE;81550140003;Conhecimento;202307;45;1;1;9;216;86;1;126
JE;81550140003;Execução Judicial;202307;3;0;0;3;15;0;0;6
JE;81550140003;Execução Judicial;202308;3;0;0;1;18;0;0;7
JE;81550140003;Conhecimento;202308;11;0;2;14;227;86;3;140
JE;81550140003;Execução de Título Extrajudicial;202308;2;0;0;0;9;0;0;2
JE;81550140003;Execução Judicial;202309;3;0;0;2;21;0;0;9
JE;81550140003;Execução de Título Extrajudicial;202309;0;0;0;2;9;0;0;4
JE;81550140003;Conhecimento;202309;12;0;1;14;239;86;4;154
JE;81550140003;Conhecimento;202310;12;0;0;10;251;86;4;164
JE;81550140003;Execução Judicial;202310;1;0;0;2;22;0;0;11
JE;81550140003;Execução de Título Extrajudicial;202310;0;0;0;1;9;0;0;5
JE;81550140003;Execução de Título Extrajudicial;202311;1;0;0;0;10;0;0;5
JE;81550140003;Execução Judicial;202311;1;0;0;3;23;0;0;14
JE;81550140003;Conhecimento;202311;16;0;0;11;267;86;4;175
JE;81550140003;Conhecimento;202312;26;0;0;6;293;86;4;181
JE;81550140003;Execução Judicial;202312;3;0;0;1;26;0;0;15
JE;81550140003;Execução de Título Extrajudicial;202312;2;0;0;0;12;0;0;5
JE;81550140003;Execução Judicial;202401;0;0;0;1;26;0;0;15
JE;81550140003;Execução de Título Extrajudicial;202401;0;0;0;0;8;0;0;5
JE;81550140003;Conhecimento;202401;3;0;0;13;293;86;4;169
JE;81550140003;Execução de Título Extrajudicial;202402;0;0;0;0;8;0;0;5
JE;81550140003;Conhecimento;202402;35;0;0;21;281;86;4;172
JE;81550140003;Execução Judicial;202402;2;0;0;1;27;0;0;16
JE;81550140003;Execução Judicial;202403;1;0;0;9;24;0;0;25
JE;81550140003;Execução de Título Extrajudicial;202403;0;0;0;0;7;0;0;4
JE;81550140003;Conhecimento;202403;49;0;1;18;326;86;5;175
JE;81550140003;Execução Judicial;202404;4;0;0;12;27;0;0;37
JE;81550140003;Conhecimento;202404;70;32;0;19;307;34;5;177
JE;81550140003;Execução de Título Extrajudicial;202404;1;0;0;1;6;0;0;4
JE;81550140003;Execução de Título Extrajudicial;202405;1;0;0;0;7;0;0;4
JE;81550140003;Conhecimento;202405;41;5;1;18;341;39;6;169
JE;81550140003;Execução Judicial;202405;14;4;0;3;37;4;0;39
JE;81550140003;Execução Judicial;202406;9;1;0;6;44;5;0;44
JE;81550140003;Conhecimento;202406;71;3;1;22;391;41;7;175
JE;81550140003;Execução de Título Extrajudicial;202406;0;0;0;0;7;0;0;4
JE;81550140003;Execução de Título Extrajudicial;202407;0;0;0;1;7;0;0;5
JE;81550140003;Conhecimento;202407;58;5;1;14;404;45;7;180
JE;81550140003;Execução Judicial;202407;10;1;0;3;51;6;0;44
JE;81550140003;Execução de Título Extrajudicial;202408;1;0;0;0;6;0;0;5
JE;81550140003;Conhecimento;202408;36;0;1;14;429;45;6;180
JE;81550140003;Execução Judicial;202408;7;0;0;6;55;6;0;49
JE;81550140003;Execução de Título Extrajudicial;202409;0;0;0;0;6;0;0;3
JE;81550140003;Conhecimento;202409;33;1;0;23;450;46;5;189
JE;81550140003;Execução Judicial;202409;6;0;0;2;58;6;0;49
JE;81550140003;Conhecimento;202410;36;0;1;13;474;46;6;192
JE;81550140003;Execução Judicial;202410;7;0;0;6;64;6;0;53
JE;81550140003;Execução de Título Extrajudicial;202410;5;0;0;0;11;0;0;2
JE;81550140003;Execução de Título Extrajudicial;202411;0;0;0;0;10;0;0;2
JE;81550140003;Execução Judicial;202411;7;0;0;3;70;6;0;53
JE;81550140003;Conhecimento;202411;27;0;1;15;485;46;7;196
JE;81550140003;Execução Judicial;202412;0;0;0;3;67;6;0;55
JE;81550140003;Execução de Título Extrajudicial;202412;0;0;0;0;8;0;0;2
JE;81550140003;Conhecimento;202412;8;0;0;5;467;46;7;195
JE;81550140003;Execução de Título Extrajudicial;202501;0;0;0;0;8;0;0;2
JE;81550140003;Execução Judicial;202501;1;0;0;6;68;6;0;60
JE;81550140003;Conhecimento;202501;8;0;0;14;472;46;7;196
JE;81550140003;Conhecimento;202502;20;0;0;16;457;46;7;191
JE;81550140003;Execução de Título Extrajudicial;202502;1;0;0;1;9;0;0;3
JE;81550140003;Execução Judicial;202502;5;0;0;6;71;6;0;65
JE;81550140003;Execução Judicial;202503;6;0;0;6;76;6;0;62
JE;81550140003;Execução de Título Extrajudicial;202503;0;0;0;0;9;0;0;3
JE;81550140003;Conhecimento;202503;19;0;1;24;427;46;7;197
JE;81550140003;Conhecimento;202504;25;0;0;17;382;14;7;195
JE;81550140003;Execução Judicial;202504;2;0;0;10;74;6;0;60
JE;81550140003;Execução de Título Extrajudicial;202504;0;0;0;1;8;0;0;3
JE;81550140003;Execução de Título Extrajudicial;202505;1;0;0;0;8;0;0;3
JE;81550140003;Execução Judicial;202505;2;0;0;3;62;2;0;60
JE;81550140003;Conhecimento;202505;9;0;0;20;350;9;6;197
JE;81550140003;Conhecimento;202506;33;0;0;8;312;6;5;183
JE;81550140003;Execução Judicial;202506;6;0;0;4;59;1;0;58
JE;81550140003;Execução de Título Extrajudicial;202506;1;0;0;0;9;0;0;3
JE;81550140003;Execução de Título Extrajudicial;202507;2;0;0;1;11;0;0;3
JE;81550140003;Conhecimento;202507;52;0;2;21;306;1;6;190
JE;81550140003;Execução Judicial;202507;12;0;1;9;61;0;1;64
JE;81550140003;Conhecimento;202508;18;0;0;22;288;1;5;198
JE;81550140003;Execução Judicial;202508;3;0;1;7;57;0;2;65
JE;81550140003;Execução de Título Extrajudicial;202508;2;0;0;0;12;0;0;3
JE;81550140003;Execução de Título Extrajudicial;202509;3;0;0;0;15;0;0;3
JE;81550140003;Conhecimento;202509;17;0;0;22;272;0;5;197
JE;81550140003;Execução Judicial;202509;4;0;0;2;55;0;2;65
JE;81550140003;Conhecimento;202510;17;0;0;22;253;0;4;206
JE;81550140003;Execução de Título Extrajudicial;202510;1;0;0;2;11;0;0;5
JE;81550140003;Execução Judicial;202510;6;0;0;5;54;0;2;64
JE;81550140003;Execução de Título Extrajudicial;202511;0;0;0;0;11;0;0;5
JE;81550140003;Execução Judicial;202511;6;0;0;0;53;0;2;61
JE;81550140003;Conhecimento;202511;20;0;0;15;246;0;3;206
JE;81550140003;Execução Judicial;202512;2;0;0;3;55;0;2;61
JE;81550140003;Conhecimento;202512;20;0;0;13;258;0;3;214
JE;81550140003;Execução de Título Extrajudicial;202512;1;0;0;0;12;0;0;5
JE;81550140003;Execução de Título Extrajudicial;202601;1;0;0;3;13;0;0;8
JE;81550140003;Conhecimento;202601;14;0;0;15;264;0;3;215
JE;81550140003;Execução Judicial;202601;10;0;0;10;64;0;2;65
JE;81550140003;Conhecimento;202602;25;1;0;18;269;1;3;217
JE;81550140003;Execução de Título Extrajudicial;202602;0;0;0;0;12;0;0;7
JE;81550140003;Execução Judicial;202602;2;0;0;10;61;0;2;69
JE;81550140003;Conhecimento;202603;17;0;0;19;267;1;2;212
JE;81550140003;Execução Judicial;202603;3;1;0;10;58;1;2;73
JE;81550140003;Execução de Título Extrajudicial;202603;1;0;0;9;13;0;0;16
JE;81550140003;Conhecimento;202604;25;1;0;20;267;2;2;215
JE;81550140003;Execução de Título Extrajudicial;202604;0;0;0;5;13;0;0;20
JE;81550140003;Execução Judicial;202604;4;0;2;5;60;1;4;68
JE;81550140003;Execução de Título Extrajudicial;202605;1;0;0;2;13;0;0;22
JE;81550140003;Conhecimento;202605;24;0;0;21;282;2;2;216
JE;81550140003;Execução Judicial;202605;6;0;0;4;64;1;4;69
JE;81550140003;Execução Judicial;202606;7;0;0;8;65;1;4;73
JE;81550140003;Conhecimento;202606;23;0;1;23;272;2;3;231
JE;81550140003;Execução de Título Extrajudicial;202606;1;0;0;2;13;0;0;24
JE;81550140005;Execução Judicial;202301;2;0;0;6;2;0;0;6
JE;81550140005;Execução de Título Extrajudicial;202301;0;0;0;0;0;0;0;0
JE;81550140005;Conhecimento;202301;0;0;0;6;0;0;0;6
JE;81550140005;Conhecimento;202302;0;0;0;5;0;0;0;11
JE;81550140005;Execução de Título Extrajudicial;202302;0;0;0;0;0;0;0;0
JE;81550140005;Execução Judicial;202302;0;0;0;2;2;0;0;8
JE;81550140005;Conhecimento;202303;2;0;0;13;2;0;0;24
JE;81550140005;Execução Judicial;202303;0;0;0;0;2;0;0;8
JE;81550140005;Conhecimento;202304;0;0;0;3;2;0;0;27
JE;81550140005;Execução Judicial;202304;1;0;0;0;3;0;0;8
JE;81550140005;Conhecimento;202305;0;0;0;2;2;0;0;29
JE;81550140005;Execução Judicial;202305;0;0;0;2;3;0;0;10
JE;81550140005;Execução Judicial;202306;0;0;0;14;3;0;0;24
JE;81550140005;Conhecimento;202306;3;0;0;3;5;0;0;32
JE;81550140005;Execução Judicial;202307;0;0;0;1;3;0;0;25
JE;81550140005;Conhecimento;202307;0;0;0;3;5;0;0;35
JE;81550140005;Execução Judicial;202308;0;0;0;4;3;0;0;29
JE;81550140005;Conhecimento;202308;1;0;0;7;6;0;0;42
JE;81550140005;Execução Judicial;202309;51;0;0;1;54;0;0;30
JE;81550140005;Conhecimento;202309;0;0;0;5;6;0;0;47
JE;81550140005;Execução Judicial;202310;21;0;0;1;75;0;0;31
JE;81550140005;Conhecimento;202310;0;0;0;1;6;0;0;48
JE;81550140005;Execução Judicial;202311;2;0;0;10;77;0;0;41
JE;81550140005;Conhecimento;202311;2;0;0;1;8;0;0;49
JE;81550140005;Execução Judicial;202312;3;0;0;1;80;0;0;42
JE;81550140005;Conhecimento;202312;0;0;0;0;8;0;0;49
JE;81550140005;Conhecimento;202401;3;0;0;2;11;0;0;45
JE;81550140005;Execução Judicial;202401;0;0;0;1;78;0;0;37
JE;81550140005;Execução Judicial;202402;4;0;0;0;82;0;0;35
JE;81550140005;Conhecimento;202402;6;0;0;0;17;0;0;40
JE;81550140005;Execução Judicial;202403;2;0;0;8;84;0;0;43
JE;81550140005;Conhecimento;202403;15;1;0;2;30;1;0;29
JE;81550140005;Conhecimento;202404;28;4;0;20;58;5;0;46
JE;81550140005;Execução Judicial;202404;8;0;0;3;91;0;0;46
JE;81550140005;Execução Judicial;202405;7;0;0;3;98;0;0;47
JE;81550140005;Conhecimento;202405;15;4;0;18;73;9;0;62
JE;81550140005;Conhecimento;202406;19;1;0;7;89;10;0;66
JE;81550140005;Execução Judicial;202406;7;0;0;2;105;0;0;35
JE;81550140005;Execução Judicial;202407;20;0;0;3;125;0;0;37
JE;81550140005;Conhecimento;202407;63;1;0;11;152;11;0;74
JE;81550140005;Execução Judicial;202408;6;0;0;5;131;0;0;38
JE;81550140005;Conhecimento;202408;14;2;0;1;165;13;0;68
JE;81550140005;Conhecimento;202409;21;0;0;3;186;13;0;66
JE;81550140005;Execução Judicial;202409;11;0;0;4;91;0;0;41
JE;81550140005;Execução Judicial;202410;4;0;0;2;74;0;0;42
JE;81550140005;Conhecimento;202410;15;1;0;14;201;14;0;79
JE;81550140005;Conhecimento;202411;17;1;0;8;216;15;0;86
JE;81550140005;Execução Judicial;202411;17;0;0;3;89;0;0;35
JE;81550140005;Execução Judicial;202412;0;0;0;17;86;0;0;51
JE;81550140005;Conhecimento;202412;1;0;0;2;217;15;0;88
JE;81550140005;Execução Judicial;202501;0;0;0;0;86;0;0;50
JE;81550140005;Conhecimento;202501;0;0;0;4;214;15;0;90
JE;81550140005;Execução Judicial;202502;5;1;0;0;87;1;0;50
JE;81550140005;Conhecimento;202502;4;19;0;3;212;34;0;93
JE;81550140005;Execução Judicial;202503;0;2;0;2;85;3;0;44
JE;81550140005;Conhecimento;202503;2;10;0;4;199;43;0;95
JE;81550140005;Conhecimento;202504;4;2;0;3;175;41;0;78
JE;81550140005;Execução Judicial;202504;2;0;0;4;79;3;0;45
JE;81550140005;Execução Judicial;202505;3;0;0;5;75;3;0;47
JE;81550140005;Conhecimento;202505;38;0;0;4;198;37;0;64
JE;81550140005;Execução Judicial;202506;3;0;0;4;71;3;0;49
JE;81550140005;Conhecimento;202506;9;3;0;3;188;39;0;60
JE;81550140005;Conhecimento;202507;3;5;0;4;128;43;0;53
JE;81550140005;Execução Judicial;202507;28;1;0;3;79;4;0;49
JE;81550140005;Execução Judicial;202508;1;2;0;1;74;6;0;45
JE;81550140005;Conhecimento;202508;4;1;0;1;118;42;0;53
JE;81550140005;Execução Judicial;202509;4;0;0;6;67;6;0;47
JE;81550140005;Conhecimento;202509;24;1;0;4;121;43;0;54
JE;81550140005;Execução Judicial;202510;5;0;0;5;68;6;0;50
JE;81550140005;Conhecimento;202510;2;0;0;2;108;42;0;42
JE;81550140005;Execução Judicial;202511;11;0;0;2;62;6;0;49
JE;81550140005;Conhecimento;202511;6;14;0;2;97;55;0;36
JE;81550140005;Execução Judicial;202512;8;1;0;1;70;7;0;33
JE;81550140005;Conhecimento;202512;0;2;0;0;96;57;0;34
JE;81550140005;Execução Judicial;202601;7;0;0;30;77;7;0;63
JE;81550140005;Conhecimento;202601;0;0;0;3;96;57;0;33
JE;81550140005;Execução de Título Extrajudicial;202601;0;0;0;3;0;0;0;3
JE;81550140005;Execução de Título Extrajudicial;202602;0;0;0;0;0;0;0;3
JE;81550140005;Execução Judicial;202602;0;2;0;10;72;8;0;73
JE;81550140005;Conhecimento;202602;2;3;0;4;94;41;0;34
JE;81550140005;Execução Judicial;202603;5;3;0;5;77;9;0;76
JE;81550140005;Execução de Título Extrajudicial;202603;0;0;0;0;0;0;0;3
JE;81550140005;Conhecimento;202603;10;1;0;28;102;32;0;58
JE;81550140005;Execução Judicial;202604;7;4;0;3;82;13;0;75
JE;81550140005;Conhecimento;202604;7;0;0;13;105;30;0;68
JE;81550140005;Execução de Título Extrajudicial;202604;0;0;0;3;0;0;0;6
JE;81550140005;Execução de Título Extrajudicial;202605;0;0;0;1;0;0;0;7
JE;81550140005;Conhecimento;202605;6;0;0;7;73;30;0;71
JE;81550140005;Execução Judicial;202605;40;0;0;6;119;13;0;76
JE;81550140005;Execução de Título Extrajudicial;202606;0;0;0;0;0;0;0;7
JE;81550140005;Conhecimento;202606;6;1;0;6;70;28;0;74
JE;81550140005;Execução Judicial;202606;9;0;0;0;125;13;0;72
JE;81550190001;Conhecimento;202302;0;1;0;0;0;1;0;0
JE;81550190001;Conhecimento;202304;0;0;1;0;0;1;1;0
JE;81550190003;Conhecimento;202301;0;0;0;0;0;0;0;0
JE;81550190003;Execução Judicial;202301;0;0;0;0;0;0;0;0
JE;81550190003;Conhecimento;202302;0;0;0;0;0;0;0;0
JE;81550190003;Execução Judicial;202302;0;0;0;0;0;0;0;0
JE;81550190003;Conhecimento;202303;0;0;0;0;0;0;0;0
JE;81550190003;Execução Judicial;202303;0;0;0;0;0;0;0;0
JE;81550190003;Execução Judicial;202304;0;0;0;0;0;0;0;0
JE;81550190003;Conhecimento;202304;0;1;1;0;0;1;1;0
JE;81550190003;Conhecimento;202305;0;0;0;0;0;1;1;0
JE;81550190003;Execução Judicial;202305;0;0;0;0;0;0;0;0
JE;81550190003;Execução Judicial;202306;0;0;0;0;0;0;0;0
JE;81550190003;Conhecimento;202306;0;0;0;1;0;1;1;1
JE;81550190003;Conhecimento;202307;0;0;0;1;0;1;1;2
JE;81550190003;Execução Judicial;202307;1;0;0;0;1;0;0;0
JE;81550190003;Execução Judicial;202308;0;0;0;1;1;0;0;1
JE;81550190003;Conhecimento;202308;0;0;0;0;0;1;1;2
JE;81550190003;Execução Judicial;202309;0;0;0;0;1;0;0;1
JE;81550190003;Conhecimento;202309;0;0;0;0;0;1;1;2
JE;81550190003;Execução Judicial;202310;0;0;0;0;1;0;0;1
JE;81550190003;Conhecimento;202310;0;0;0;1;0;1;1;3
JE;81550190003;Conhecimento;202311;0;0;0;0;0;1;1;3
JE;81550190003;Execução Judicial;202311;0;0;0;0;1;0;0;1
JE;81550190003;Conhecimento;202312;0;0;0;0;0;1;1;3
JE;81550190003;Execução Judicial;202312;0;0;0;0;1;0;0;1
JE;81550190003;Conhecimento;202401;0;0;0;0;0;1;1;3
JE;81550190003;Execução Judicial;202401;0;0;0;0;1;0;0;1
JE;81550190003;Conhecimento;202402;0;0;0;0;0;1;1;3
JE;81550190003;Execução Judicial;202402;0;0;0;0;1;0;0;1
JE;81550190003;Execução Judicial;202403;0;0;0;0;1;0;0;1
JE;81550190003;Conhecimento;202403;0;0;0;0;0;1;1;3
JE;81550190003;Conhecimento;202404;1;31;32;1;1;31;32;4
JE;81550190003;Execução Judicial;202404;5;0;0;0;6;0;0;1
JE;81550190003;Conhecimento;202405;0;5;5;0;1;36;37;4
JE;81550190003;Execução Judicial;202405;0;4;4;0;6;4;4;1
JE;81550190003;Execução Judicial;202406;0;1;1;0;6;5;5;1
JE;81550190003;Conhecimento;202406;0;3;3;0;1;39;40;3
JE;81550190003;Conhecimento;202407;0;1;1;1;1;40;41;3
JE;81550190003;Execução Judicial;202407;0;1;1;0;5;6;6;1
JE;81550190005;Conhecimento;202304;0;1;0;0;0;1;0;0
JE;81550190005;Conhecimento;202404;0;1;1;1;0;1;1;1
JE;81550190005;Conhecimento;202405;0;1;2;0;0;2;3;1
JE;81550190005;Execução Judicial;202503;0;1;1;1;0;1;1;1
JE;81550190005;Conhecimento;202509;0;1;1;1;0;1;1;1
JE;81560140002;Conhecimento;202311;0;1;0;0;0;1;0;0
JE;81560140002;Conhecimento;202312;0;0;1;0;0;1;1;0
JE;81560140002;Conhecimento;202403;0;0;0;1;0;1;1;1
JE;81560140002;Conhecimento;202407;0;0;0;1;0;1;1;2
JE;81560140002;Conhecimento;202501;0;0;1;0;0;0;1;2
JE;81560140002;Conhecimento;202502;0;0;1;0;0;0;2;2
JE;81560140002;Conhecimento;202506;0;0;1;0;0;0;3;1
JE;81560140002;Conhecimento;202601;0;0;1;0;0;0;3;0
JE;81560140004;Conhecimento;202301;0;0;0;2;0;0;0;2
JE;81560140004;Conhecimento;202302;5;0;0;12;5;0;0;14
JE;81560140004;Conhecimento;202303;3;0;0;11;8;0;0;25
JE;81560140004;Conhecimento;202304;6;0;0;1;14;0;0;26
JE;81560140004;Conhecimento;202305;71;0;0;6;85;0;0;32
JE;81560140004;Conhecimento;202306;6;0;0;11;91;0;0;43
JE;81560140004;Conhecimento;202307;12;1;0;12;103;1;0;55
JE;81560140004;Conhecimento;202308;5;0;0;9;108;1;0;64
JE;81560140004;Conhecimento;202309;8;0;0;7;116;1;0;71
JE;81560140004;Conhecimento;202310;12;0;0;13;128;1;0;84
JE;81560140004;Conhecimento;202311;8;0;1;11;136;1;1;95
JE;81560140004;Conhecimento;202312;2;1;0;2;138;2;1;97
JE;81560140004;Conhecimento;202401;0;0;0;6;138;2;1;101
JE;81560140004;Conhecimento;202402;2;0;0;12;135;2;1;101
JE;81560140004;Conhecimento;202403;1;0;0;7;133;2;1;97
JE;81560140004;Conhecimento;202404;3;0;0;11;130;2;1;107
JE;81560140004;Conhecimento;202405;9;0;0;9;68;2;1;110
JE;81560140004;Conhecimento;202406;23;0;0;14;85;2;1;113
JE;81560140004;Conhecimento;202407;41;0;0;6;114;1;1;107
JE;81560140004;Conhecimento;202408;3;0;0;12;112;1;1;110
JE;81560140004;Conhecimento;202409;0;0;0;6;104;1;1;109
JE;81560140004;Conhecimento;202410;3;0;0;17;95;1;1;113
JE;81560140004;Conhecimento;202411;14;0;0;2;101;1;0;104
JE;81560140004;Conhecimento;202412;1;0;0;2;100;0;0;104
JE;81560140004;Conhecimento;202501;6;1;0;2;106;1;0;100
JE;81560140004;Conhecimento;202502;2;1;0;15;106;2;0;103
JE;81560140004;Conhecimento;202503;16;0;0;9;121;2;0;105
JE;81560140004;Conhecimento;202504;19;0;0;11;137;2;0;105
JE;81560140004;Conhecimento;202505;7;0;0;14;135;2;0;110
JE;81560140004;Conhecimento;202506;15;1;0;10;127;3;0;106
JE;81560140004;Conhecimento;202507;52;0;0;9;138;3;0;109
JE;81560140004;Conhecimento;202508;2;1;0;3;137;4;0;100
JE;81560140004;Conhecimento;202509;17;0;0;17;154;4;0;111
JE;81560140004;Conhecimento;202510;9;0;0;14;160;4;0;108
JE;81560140004;Conhecimento;202511;15;0;0;12;161;4;0;118
JE;81560140004;Conhecimento;202512;12;0;0;0;172;4;0;116
JE;81560140004;Conhecimento;202601;1;1;0;0;167;4;0;114
JE;81560140004;Conhecimento;202602;1;0;0;6;166;3;0;105
JE;81560140004;Conhecimento;202603;22;0;0;11;172;3;0;107
JE;81560140004;Conhecimento;202604;3;0;0;5;156;3;0;101
JE;81560140004;Conhecimento;202605;26;0;0;1;175;3;0;88
JE;81560140004;Conhecimento;202606;14;1;1;0;174;3;1;78
JE;81560190002;Conhecimento;202407;0;0;0;1;0;0;0;1
JE;81560190002;Conhecimento;202408;0;0;0;0;0;0;0;1
JE;81560190002;Conhecimento;202409;0;0;0;0;0;0;0;1
JE;81560190002;Conhecimento;202410;0;0;0;1;0;0;0;2
JE;81560190002;Conhecimento;202503;0;0;0;1;0;0;0;3
JE;81560190002;Conhecimento;202508;0;1;1;0;0;1;1;2
JE;81560190002;Conhecimento;202511;0;0;1;0;0;1;2;1
JE;81560190004;Conhecimento;202301;0;0;0;0;0;0;0;0
JE;81560190004;Conhecimento;202302;0;0;0;0;0;0;0;0
JE;81560190004;Conhecimento;202303;0;0;0;1;0;0;0;1
JE;81560190004;Conhecimento;202304;0;0;0;1;0;0;0;2
JE;81560190004;Conhecimento;202305;40;0;0;0;40;0;0;2
JE;81560190004;Conhecimento;202306;0;0;0;0;40;0;0;2
JE;81560190004;Conhecimento;202307;0;1;1;3;40;1;1;5
JE;81560190004;Conhecimento;202308;0;0;0;2;40;1;1;7
JE;81560190004;Conhecimento;202309;0;0;0;2;40;1;1;9
JE;81560190004;Conhecimento;202310;0;0;0;4;40;1;1;13
JE;81560190004;Conhecimento;202311;6;0;0;0;46;1;1;13
JE;81560190004;Conhecimento;202312;0;0;0;0;46;1;1;13
JE;81560190004;Conhecimento;202401;0;0;0;0;46;1;1;13
JE;81560190004;Conhecimento;202402;0;0;0;0;46;1;1;13
JE;81560190004;Conhecimento;202403;0;0;0;0;46;1;1;12
JE;81560190004;Conhecimento;202404;0;0;0;0;46;1;1;11
JE;81560190004;Conhecimento;202405;9;0;0;1;15;1;1;12
JE;81560190004;Conhecimento;202406;12;0;0;0;27;1;1;12
JE;81560190004;Conhecimento;202407;2;0;0;1;29;0;0;10
JE;81560190004;Conhecimento;202408;0;0;0;0;29;0;0;8
JE;81560190004;Conhecimento;202409;8;0;0;0;37;0;0;6
JE;81560190004;Conhecimento;202410;4;0;0;0;41;0;0;2
JE;81560190004;Conhecimento;202411;1;0;0;0;36;0;0;2
JE;81560190004;Conhecimento;202412;0;0;0;0;36;0;0;2
JE;81560190004;Conhecimento;202501;0;0;0;0;36;0;0;2
JE;81560190004;Conhecimento;202502;2;0;0;0;38;0;0;2
JE;81560190004;Conhecimento;202503;0;0;0;0;38;0;0;2
JE;81560190004;Conhecimento;202504;0;0;0;0;38;0;0;2
JE;81560190004;Conhecimento;202505;0;0;0;0;29;0;0;1
JE;81560190004;Conhecimento;202506;4;0;0;0;21;0;0;1
JE;81560190004;Conhecimento;202507;1;0;0;0;20;0;0;0
JE;81560190004;Conhecimento;202508;0;0;0;0;20;0;0;0
JE;81560190004;Conhecimento;202509;0;0;0;0;12;0;0;0
JE;81560190004;Conhecimento;202510;2;0;0;0;10;0;0;0
JE;81560190004;Conhecimento;202511;4;1;0;0;13;1;0;0
JE;81560190004;Conhecimento;202512;0;0;0;0;13;1;0;0
JE;81560190004;Conhecimento;202601;1;0;0;0;14;1;0;0
JE;81560190004;Conhecimento;202602;0;0;0;0;12;1;0;0
JE;81560190004;Conhecimento;202603;2;0;0;0;14;1;0;0
JE;81560190004;Conhecimento;202604;2;0;0;0;16;1;0;0
JE;81560190004;Conhecimento;202605;0;0;0;0;16;1;0;0
JE;81560190004;Conhecimento;202606;5;0;0;0;17;1;0;0
JE;816940010111;Conhecimento;202305;1;0;0;0;1;0;0;0
JE;816940010111;Conhecimento;202306;0;1;2;0;1;1;2;0
JE;816940010111;Conhecimento;202309;0;1;0;0;1;2;2;0
JE;816940010111;Conhecimento;202310;0;1;0;0;1;3;2;0
JE;816940010111;Conhecimento;202311;0;1;0;0;1;4;2;0
JE;816940010111;Conhecimento;202312;0;0;0;1;1;4;2;1
JE;816940010111;Conhecimento;202402;0;2;0;0;1;6;2;1
JE;816940010111;Conhecimento;202403;0;1;0;0;1;7;2;1
JE;816940010111;Conhecimento;202404;0;3;5;1;1;10;7;2
JE;816940010111;Conhecimento;202405;0;0;0;0;0;10;7;2
JE;816940010111;Conhecimento;202406;0;2;3;2;0;11;8;4
JE;816940010111;Conhecimento;202407;0;4;3;4;0;15;11;8
JE;816940010111;Conhecimento;202408;0;2;2;3;0;17;13;11
JE;816940010111;Conhecimento;202409;1;0;1;0;1;16;14;11
JE;816940010111;Conhecimento;202410;0;1;1;1;1;16;15;12
JE;816940010111;Conhecimento;202411;0;3;2;7;1;18;17;19
JE;816940010111;Conhecimento;202412;0;9;9;3;1;27;26;21
JE;816940010111;Conhecimento;202501;0;8;8;8;1;35;34;29
JE;816940010111;Conhecimento;202502;0;2;2;2;1;35;36;31
JE;816940010111;Conhecimento;202503;0;4;2;0;1;38;38;31
JE;816940010111;Conhecimento;202504;0;4;6;6;1;39;39;36
JE;816940010111;Conhecimento;202505;0;9;10;9;1;48;49;45
JE;816940010111;Conhecimento;202506;0;15;14;10;1;61;60;53
JE;816940010111;Conhecimento;202507;0;7;8;7;1;64;65;56
JE;816940010111;Conhecimento;202508;0;16;17;16;1;78;80;69
JE;816940010111;Conhecimento;202509;1;13;12;12;1;91;91;81
JE;816940010111;Conhecimento;202510;0;11;12;12;1;101;102;92
JE;816940010111;Conhecimento;202511;0;5;5;4;1;103;105;89
JE;816940010111;Conhecimento;202512;0;5;5;5;1;99;101;91
JE;816940010111;Conhecimento;202601;0;3;3;3;1;94;96;86
JE;816940010111;Conhecimento;202602;0;4;4;4;1;96;98;88
JE;816940010111;Conhecimento;202603;0;7;6;7;1;99;102;95
JE;816940010111;Conhecimento;202604;0;6;7;7;1;101;103;96
JE;816940010111;Conhecimento;202605;0;1;2;1;1;93;95;88
JE;854040010949;Conhecimento;202304;0;0;0;2;0;0;0;2
JE;854040010949;Conhecimento;202306;0;0;0;1;0;0;0;3
JE;854040010949;Execução Judicial;202307;0;1;0;0;0;1;0;0
JE;854040010949;Conhecimento;202308;0;0;0;1;0;0;0;4
JE;854040010949;Conhecimento;202309;0;1;0;5;0;1;0;9
JE;854040010949;Conhecimento;202311;0;2;1;0;0;3;1;9
JE;854040010949;Conhecimento;202312;7;1;0;1;7;4;1;10
JE;854040010949;Conhecimento;202401;0;2;1;1;7;6;2;11
JE;854040010949;Conhecimento;202402;0;2;0;2;7;8;2;13
JE;854040010949;Conhecimento;202403;0;3;4;4;7;11;6;17
JE;854040010949;Conhecimento;202404;0;3;4;1;7;14;10;16
JE;854040010949;Conhecimento;202405;0;3;7;1;7;17;17;17
JE;854040010949;Conhecimento;202406;0;4;5;1;7;21;22;17
JE;854040010949;Conhecimento;202408;0;1;1;1;7;22;23;17
JE;854040010949;Conhecimento;202409;0;1;1;0;7;22;24;12
JE;854040010949;Conhecimento;202412;1;0;0;1;1;19;23;12
JE;854040010949;Conhecimento;202501;0;0;0;1;1;17;22;12
JE;854040010949;Conhecimento;202502;0;2;1;3;1;17;23;13
JE;854040010949;Conhecimento;202503;1;2;2;1;2;16;21;10
JE;854040010949;Conhecimento;202504;0;1;2;0;2;14;19;9
JE;854040010949;Conhecimento;202505;1;4;1;1;3;15;13;9
JE;854040010949;Conhecimento;202506;0;4;3;1;3;15;11;9
JE;854040010949;Conhecimento;202507;1;2;3;0;4;17;14;9
JE;854040010949;Conhecimento;202508;0;2;1;1;4;18;14;9
JE;854040010949;Conhecimento;202509;0;1;0;2;4;18;13;11
JE;854040010949;Conhecimento;202510;0;5;1;0;4;23;14;11
JE;854040010949;Conhecimento;202511;0;3;1;1;4;26;15;12
JE;854040010949;Conhecimento;202512;0;0;3;1;3;26;18;12
JE;854040010949;Conhecimento;202601;0;6;2;0;3;32;20;11
JE;854040010949;Conhecimento;202602;0;1;9;1;3;31;28;9
JE;854040010949;Conhecimento;202603;0;6;5;2;2;35;31;10
JE;854040010949;Conhecimento;202604;0;8;10;6;2;42;39;16
JE;854040010949;Conhecimento;202605;0;3;8;3;1;41;46;18
JE;854040010949;Conhecimento;202606;0;1;5;2;1;38;48;19
JE;888530100009;Conhecimento;202301;0;0;1;0;0;0;1;0
JE;888530100009;Conhecimento;202302;0;0;0;1;0;0;1;1
JE;888530100009;Conhecimento;202303;0;0;0;2;0;0;1;3
JE;888530100009;Conhecimento;202304;0;0;1;0;0;0;2;3
JE;888530100009;Conhecimento;202305;0;0;2;0;0;0;4;3
JE;888550020012;Conhecimento;202403;0;2;0;0;0;2;0;0
JE;888550020012;Conhecimento;202404;0;0;2;0;0;2;2;0
JE;888570130010;Conhecimento;202301;0;0;0;2;0;0;0;2
JE;888570130010;Conhecimento;202302;1;0;1;6;1;0;1;8
JE;888570130010;Conhecimento;202303;0;2;11;5;1;2;12;13
JE;888570130010;Conhecimento;202304;0;2;10;6;1;4;22;19
JE;888570130010;Conhecimento;202305;0;0;12;16;1;4;34;35
JE;888570130010;Conhecimento;202306;0;0;1;5;1;4;35;40
JE;888570130010;Execução de Título Extrajudicial;202307;0;1;0;0;0;1;0;0
JE;888570130010;Conhecimento;202307;0;3;12;6;1;7;47;46
JE;888570130010;Conhecimento;202308;0;1;8;7;1;8;55;53
JE;888570130010;Execução Judicial;202308;1;0;0;0;1;0;0;0
JE;888570130010;Conhecimento;202309;0;1;13;15;1;9;68;68
JE;888570130010;Conhecimento;202310;0;3;9;6;1;12;77;74
JE;888570130010;Conhecimento;202311;0;0;6;7;1;12;83;81
JE;888570130010;Conhecimento;202312;0;0;4;9;1;12;87;90
JE;888570130010;Conhecimento;202401;2;0;1;2;3;12;88;90
JE;888570130010;Conhecimento;202402;2;3;1;11;4;15;88;95
JE;888570130010;Execução Judicial;202402;1;0;1;0;2;0;1;0
JE;888570130010;Conhecimento;202403;1;5;0;8;5;18;77;98
JE;888570130010;Conhecimento;202404;2;1;7;10;7;17;74;102
JE;888570130010;Conhecimento;202405;1;2;6;10;8;19;68;96
JE;888570130010;Conhecimento;202406;1;9;6;11;9;28;73;102
JE;888570130010;Conhecimento;202407;0;8;17;14;9;33;78;110
JE;888570130010;Conhecimento;202408;2;5;11;7;11;37;81;110
JE;888570130010;Execução Judicial;202409;0;0;1;0;1;0;2;0
JE;888570130010;Conhecimento;202409;2;0;14;16;13;36;82;111
JE;888570130010;Conhecimento;202410;2;0;10;11;15;33;83;116
JE;888570130010;Conhecimento;202411;1;1;17;8;16;34;94;117
JE;888570130010;Conhecimento;202412;0;0;34;0;16;34;124;108
JE;888570130010;Conhecimento;202501;0;0;27;0;14;34;150;106
JE;888570130010;Conhecimento;202502;0;0;30;0;12;31;179;95
JE;888570130010;Conhecimento;202503;1;0;6;0;12;26;185;87
JE;888570130010;Conhecimento;202504;0;0;1;0;10;25;179;77
JE;888570130010;Conhecimento;202505;0;0;1;0;9;23;174;67
JE;888570130010;Conhecimento;202506;0;0;11;0;8;14;179;56
JE;888570130010;Conhecimento;202601;0;0;2;0;1;0;51;0
JE;888600120008;Conhecimento;202303;0;0;0;3;0;0;0;3
JE;888600120008;Conhecimento;202304;0;0;2;3;0;0;2;6
JE;888600120008;Conhecimento;202305;0;0;1;0;0;0;3;6
JE;888600120008;Conhecimento;202307;0;0;1;1;0;0;4;7
JE;888600120008;Conhecimento;202309;0;0;3;0;0;0;7;7
JE;888600120008;Conhecimento;202310;0;0;1;0;0;0;8;7
JE;888600120008;Conhecimento;202401;0;0;1;0;0;0;9;7
JE;888600120008;Conhecimento;202403;0;0;1;0;0;0;10;4
JE;888600120008;Conhecimento;202405;0;0;1;0;0;0;8;1
JE;888600120008;Conhecimento;202407;0;0;0;1;0;0;7;1
JE;888600120008;Conhecimento;202410;0;0;2;0;0;0;5;1
JE;888600120008;Conhecimento;202604;0;1;1;0;0;1;1;0
JE;888610210006;Conhecimento;202301;0;0;0;1;0;0;0;1
JE;888610210006;Conhecimento;202303;0;5;4;3;0;5;4;4
JE;888610210006;Conhecimento;202305;0;1;1;0;0;6;5;4
JE;888610210006;Conhecimento;202306;0;0;0;2;0;6;5;6
JE;888610210006;Conhecimento;202310;0;2;3;0;0;8;8;6
JE;888610210006;Conhecimento;202312;0;1;1;0;0;9;9;6
JE;888610210006;Conhecimento;202403;0;2;2;1;0;6;7;3
JE;888610210006;Conhecimento;202404;0;1;1;0;0;7;8;3
JE;888610210006;Conhecimento;202405;0;0;0;1;0;6;7;4
JE;888610210006;Conhecimento;202407;0;3;3;0;0;9;10;2
JE;888610210006;Conhecimento;202410;0;1;1;0;0;8;8;2
JE;888610210006;Conhecimento;202502;0;2;2;0;0;9;9;2
JE;888610210006;Conhecimento;202504;0;1;1;1;0;7;7;2
JE;888610210006;Execução de Título Extrajudicial;202506;0;4;4;4;0;4;4;4
JE;888610210006;Conhecimento;202507;0;3;3;3;0;7;7;4
JE;888610210006;Conhecimento;202511;0;1;1;1;0;7;7;5
JE;888620080008;Conhecimento;202601;0;0;1;1;0;0;1;1
JE;888630220007;Conhecimento;202511;0;0;0;1;0;0;0;1
JE;888630220007;Conhecimento;202602;0;0;1;0;0;0;1;1
JE;888640200006;Conhecimento;202301;0;2;2;0;0;2;2;0
JE;888640200006;Conhecimento;202312;0;4;4;0;0;6;6;0
JE;888640200006;Conhecimento;202403;0;1;1;0;0;5;5;0
JE;888640200006;Execução de Título Extrajudicial;202506;0;4;4;4;0;4;4;4
JE;888640200006;Conhecimento;202507;0;1;1;1;0;1;1;1
JE;888640200006;Conhecimento;202511;0;1;1;1;0;2;2;2
JE;888660180008;Conhecimento;202303;0;0;1;0;0;0;1;0
JE;888660180008;Conhecimento;202305;0;0;0;1;0;0;1;1
JE;888660180008;Conhecimento;202309;0;0;2;0;0;0;3;1
JE;888660180008;Conhecimento;202311;0;0;2;5;0;0;5;6
JE;888660180008;Conhecimento;202401;0;0;0;1;0;0;5;7
JE;888660180008;Conhecimento;202410;0;0;2;0;0;0;4;6
JE;888660180008;Conhecimento;202411;0;0;1;0;0;0;3;1
JE;888660180008;Conhecimento;202412;0;0;2;0;0;0;5;1
JE;888660180008;Conhecimento;202501;0;0;3;0;0;0;8;0
JE;888660180008;Conhecimento;202503;0;0;2;0;0;0;10;0
JE;888660180008;Conhecimento;202604;0;2;2;2;0;2;2;2
JE;888670090008;Conhecimento;202403;0;0;1;1;0;0;1;1
JE;888680110009;Execução Judicial;202301;0;0;1;0;0;0;1;0
JE;888680110009;Conhecimento;202304;0;0;0;1;0;0;0;1
JE;888680110009;Conhecimento;202405;0;0;1;0;0;0;1;0
JE;888680110009;Conhecimento;202502;0;0;0;13;0;0;1;13
JE;888680110009;Execução Judicial;202502;0;0;1;1;0;0;1;1
JE;888680110009;Conhecimento;202503;0;0;1;13;0;0;2;26
JE;888680110009;Conhecimento;202504;0;0;9;0;0;0;11;26
JE;888680110009;Conhecimento;202505;0;0;3;0;0;0;13;26
JE;888680110009;Conhecimento;202506;0;0;4;0;0;0;17;26
JE;888680110009;Execução Judicial;202506;0;0;1;0;0;0;2;1
JE;888680110009;Conhecimento;202507;0;0;9;0;0;0;26;26
JE;888680110009;Conhecimento;202511;0;0;0;1;0;0;26;27
JE;888680110009;Conhecimento;202601;0;0;1;0;0;0;27;27
JE;888690140008;Conhecimento;202301;0;0;0;1;0;0;0;1
JE;888690140008;Conhecimento;202303;0;0;0;3;0;0;0;4
JE;888690140008;Conhecimento;202304;0;79;84;0;0;79;84;4
JE;888690140008;Conhecimento;202306;0;0;1;0;0;79;85;4
JE;888690140008;Conhecimento;202307;0;1;0;0;0;80;85;4
JE;888690140008;Conhecimento;202308;0;2;0;0;0;82;85;4
JE;888690140008;Conhecimento;202309;0;1;0;1;0;83;85;5
JE;888690140008;Conhecimento;202311;0;0;1;0;0;83;86;5
JE;888690140008;Conhecimento;202401;0;0;0;1;0;83;86;5
JE;888690140008;Conhecimento;202403;0;0;0;2;0;83;86;4
JE;888690140008;Conhecimento;202405;0;1;0;0;0;5;2;4
JE;888690140008;Conhecimento;202407;0;0;4;0;0;4;5;4
JE;888690140008;Conhecimento;202409;0;0;1;0;0;1;6;3
JE;888690140008;Conhecimento;202601;0;0;0;1;0;0;0;1
JE;888690140008;Conhecimento;202602;0;0;1;0;0;0;1;1
JE;888690140008;Execução Judicial;202603;0;0;1;1;0;0;1;1
JE;888690140008;Conhecimento;202604;0;0;1;0;0;0;2;1
JE;888700070014;Conhecimento;202301;0;0;2;4;0;0;2;4
JE;888700070014;Execução Judicial;202301;0;0;0;1;0;0;0;1
JE;888700070014;Conhecimento;202302;0;0;2;1;0;0;4;5
JE;888700070014;Conhecimento;202304;0;0;1;6;0;0;5;11
JE;888700070014;Conhecimento;202305;1;0;7;0;1;0;12;11
JE;888700070014;Conhecimento;202306;0;0;0;3;1;0;12;14
JE;888700070014;Execução Judicial;202307;1;0;0;0;1;0;0;1
JE;888700070014;Conhecimento;202307;1;0;2;7;2;0;14;21
JE;888700070014;Conhecimento;202308;0;0;1;5;2;0;15;26
JE;888700070014;Conhecimento;202309;1;0;12;5;3;0;27;31
JE;888700070014;Conhecimento;202310;0;0;3;7;3;0;30;38
JE;888700070014;Execução Judicial;202310;0;0;0;1;1;0;0;2
JE;888700070014;Conhecimento;202311;1;0;7;8;4;0;37;46
JE;888700070014;Execução Judicial;202311;0;0;0;1;1;0;0;3
JE;888700070014;Conhecimento;202312;1;0;5;7;5;0;42;53
JE;888700070014;Execução Judicial;202312;1;0;0;0;2;0;0;3
JE;888700070014;Conhecimento;202401;0;0;0;1;5;0;40;50
JE;888700070014;Conhecimento;202402;0;0;0;1;5;0;38;50
JE;888700070014;Conhecimento;202403;0;0;0;1;5;0;38;51
JE;888700070014;Conhecimento;202404;3;0;0;5;8;0;37;50
JE;888700070014;Conhecimento;202405;2;0;22;8;9;0;52;58
JE;888700070014;Execução Judicial;202405;0;0;1;0;2;0;1;2
JE;888700070014;Conhecimento;202406;2;0;0;8;11;0;52;63
JE;888700070014;Conhecimento;202407;5;0;8;4;15;0;58;60
JE;888700070014;Execução Judicial;202407;0;0;1;0;1;0;2;2
JE;888700070014;Conhecimento;202408;0;0;3;4;15;0;60;59
JE;888700070014;Execução Judicial;202408;0;0;0;1;1;0;2;3
JE;888700070014;Conhecimento;202409;1;0;11;4;15;0;59;58
JE;888700070014;Execução Judicial;202410;0;0;1;0;1;0;3;2
JE;888700070014;Conhecimento;202410;0;0;12;6;15;0;68;57
JE;888700070014;Conhecimento;202411;0;0;0;2;14;0;61;51
JE;888700070014;Conhecimento;202412;1;0;6;0;14;0;62;44
JE;888700070014;Conhecimento;202501;1;0;0;0;15;0;62;43
JE;888700070014;Conhecimento;202503;0;0;1;0;15;0;63;41
JE;888700070014;Conhecimento;202505;0;0;1;0;10;0;42;28
JE;888700070014;Conhecimento;202510;0;0;1;0;2;0;9;2
JE;888710060007;Conhecimento;202307;0;0;0;1;0;0;0;1
JE;888710060007;Conhecimento;202407;0;0;1;0;0;0;1;0
JE;888750700016;Conhecimento;202301;0;0;3;5;0;0;3;5
JE;888750700016;Conhecimento;202302;0;0;4;8;0;0;7;13
JE;888750700016;Conhecimento;202303;0;0;9;11;0;0;16;24
JE;888750700016;Conhecimento;202304;0;0;0;14;0;0;16;38
JE;888750700016;Conhecimento;202305;1;0;20;10;1;0;36;48
JE;888750700016;Conhecimento;202306;1;0;10;9;2;0;46;57
JE;888750700016;Conhecimento;202307;0;0;8;12;2;0;54;69
JE;888750700016;Conhecimento;202308;18;0;16;56;20;0;70;125
JE;888750700016;Conhecimento;202309;17;0;0;44;37;0;70;169
JE;888750700016;Conhecimento;202310;40;0;12;53;77;0;82;222
JE;888750700016;Execução Judicial;202310;0;0;0;1;0;0;0;1
JE;888750700016;Execução Judicial;202311;0;0;1;0;0;0;1;1
JE;888750700016;Conhecimento;202311;59;0;13;42;136;0;95;264
JE;888750700016;Conhecimento;202312;25;0;1;40;161;0;96;304
JE;888750700016;Conhecimento;202401;0;0;4;33;161;0;97;332
JE;888750700016;Conhecimento;202402;50;0;10;31;211;0;103;355
JE;888750700016;Execução Judicial;202403;0;0;0;1;0;0;1;2
JE;888750700016;Conhecimento;202403;40;0;3;49;251;0;97;393
JE;888750700016;Conhecimento;202404;320;0;29;77;571;0;126;456
JE;888750700016;Execução Judicial;202404;0;0;1;0;0;0;2;2
JE;888750700016;Conhecimento;202405;64;0;9;86;634;0;115;532
JE;888750700016;Conhecimento;202406;83;0;10;83;716;0;115;606
JE;888750700016;Conhecimento;202407;75;0;4;95;791;0;111;689
JE;888750700016;Execução Judicial;202407;0;0;0;1;0;0;2;3
JE;888750700016;Conhecimento;202408;95;0;14;92;868;0;109;725
JE;888750700016;Conhecimento;202409;85;0;7;98;936;0;116;779
JE;888750700016;Conhecimento;202410;100;0;7;100;996;0;111;826
JE;888750700016;Conhecimento;202411;66;0;22;90;1003;0;120;874
JE;888750700016;Execução Judicial;202411;0;0;1;0;0;0;2;2
JE;888750700016;Conhecimento;202412;81;0;4;89;1059;0;123;923
JE;888750700016;Conhecimento;202501;25;0;0;73;1084;0;119;963
JE;888750700016;Conhecimento;202502;163;0;15;127;1197;0;124;1059
JE;888750700016;Conhecimento;202503;78;0;14;132;1235;0;135;1142
JE;888750700016;Conhecimento;202504;149;0;15;151;1064;0;121;1216
JE;888750700016;Conhecimento;202505;119;0;8;110;1119;0;120;1240
JE;888750700016;Conhecimento;202506;102;0;23;108;1138;0;133;1265
JE;888750700016;Conhecimento;202507;149;0;19;129;1212;0;148;1299
JE;888750700016;Conhecimento;202508;46;0;8;101;1163;0;142;1308
JE;888750700016;Conhecimento;202509;74;0;2;24;1152;0;137;1234
JE;888750700016;Conhecimento;202510;20;0;0;1;1072;0;130;1135
JE;896129120001;Conhecimento;202410;0;5;4;9;0;5;4;9
JE;896129120001;Conhecimento;202411;0;3;4;5;0;8;8;14
JE;896129120001;Conhecimento;202412;0;4;3;5;0;12;11;19
JE;896129120001;Conhecimento;202501;3;12;12;9;3;24;23;28
JE;896129120001;Conhecimento;202502;0;6;7;6;3;30;30;34
JE;896129120001;Conhecimento;202503;0;5;5;3;3;35;35;37
JE;896129120001;Conhecimento;202504;0;4;2;7;3;39;37;44
JE;896129120001;Conhecimento;202505;2;14;9;13;5;53;46;57
JE;896129120001;Conhecimento;202506;0;13;10;5;5;66;56;62
JE;896129120001;Conhecimento;202507;0;8;6;10;5;74;62;72
JE;896129120001;Conhecimento;202508;0;6;8;17;5;80;70;89
JE;896129120001;Conhecimento;202509;0;2;3;6;5;82;73;95
JE;896129120001;Conhecimento;202510;0;10;9;5;5;87;78;91
JE;896129120001;Conhecimento;202511;0;4;6;6;5;88;80;92
JE;896129120001;Conhecimento;202512;0;3;1;7;5;87;78;94
JE;896129120001;Conhecimento;202601;0;7;7;7;2;82;73;92
JE;896129120001;Conhecimento;202602;1;4;6;2;3;80;72;88
JE;896129120001;Conhecimento;202603;0;9;14;4;3;84;81;89
JE;896129120001;Conhecimento;202604;1;18;18;2;4;98;97;84
JE;896129120001;Conhecimento;202605;3;8;9;0;5;92;97;71
JE;896129120001;Conhecimento;202606;0;0;2;0;5;79;89;66
TR;335579002035;Conhecimento;202301;0;0;0;0;0;0;0;0
TR;335579002035;Conhecimento;202302;0;0;0;0;0;0;0;0
TR;335579002035;Conhecimento;202303;0;0;0;0;0;0;0;0
TR;335579002035;Conhecimento;202304;0;0;0;0;0;0;0;0
TR;335579002035;Conhecimento;202305;0;0;0;0;0;0;0;0
TR;335579002035;Conhecimento;202306;0;0;0;0;0;0;0;0
TR;335579002035;Conhecimento;202307;0;0;0;0;0;0;0;0
TR;335579002035;Conhecimento;202308;0;0;0;0;0;0;0;0
TR;335579002035;Conhecimento;202309;0;0;0;0;0;0;0;0
TR;335679010019;Conhecimento;202301;13;2;2;23;13;2;2;23
TR;335679010019;Conhecimento;202302;25;1;0;47;38;3;2;70
TR;335679010019;Conhecimento;202303;37;6;4;100;75;9;6;170
TR;335679010019;Conhecimento;202304;18;1;1;28;93;10;7;198
TR;335679010019;Conhecimento;202305;36;8;3;13;129;18;10;211
TR;335679010019;Conhecimento;202306;38;1;0;34;167;19;10;245
TR;335679010019;Conhecimento;202307;51;11;12;46;218;30;22;291
TR;335679010019;Conhecimento;202308;18;4;1;20;236;34;23;311
TR;335679010019;Conhecimento;202309;6;10;33;17;242;44;56;328
TR;335679010019;Conhecimento;202310;5;16;26;35;247;60;82;363
TR;335679010019;Conhecimento;202311;6;12;21;31;253;72;103;394
TR;335679010019;Conhecimento;202312;22;0;4;42;275;72;107;436
TR;335679010019;Conhecimento;202401;2;1;0;9;264;71;105;422
TR;335679010019;Conhecimento;202402;6;4;17;13;245;74;122;388
TR;335679010019;Conhecimento;202403;13;0;3;14;221;68;121;302
TR;335679010019;Conhecimento;202404;1;4;7;11;204;71;127;285
TR;335679010019;Conhecimento;202405;3;10;29;20;171;73;153;292
TR;335679010019;Conhecimento;202406;14;0;1;23;147;72;154;281
TR;335679010019;Conhecimento;202407;17;5;23;15;113;66;165;250
TR;335679010019;Conhecimento;202408;1;4;11;19;96;66;175;249
TR;335679010019;Conhecimento;202409;29;6;13;19;119;62;155;251
TR;335679010019;Conhecimento;202410;10;3;28;45;124;49;157;261
TR;335679010019;Conhecimento;202411;9;1;12;27;127;38;148;257
TR;335679010019;Conhecimento;202412;56;5;9;18;161;43;153;233
TR;335679010019;Conhecimento;202501;6;3;8;11;165;45;161;235
TR;335679010019;Conhecimento;202502;75;3;7;17;234;44;151;239
TR;335679010019;Conhecimento;202503;21;1;1;22;242;45;149;247
TR;335679010019;Conhecimento;202504;2;4;1;136;243;45;143;372
TR;335679010019;Conhecimento;202505;5;1;4;1;245;36;118;353
TR;335679010019;Conhecimento;202506;11;0;4;15;242;36;121;345
TR;335679010019;Conhecimento;202507;16;7;4;67;241;38;102;397
TR;335679010019;Conhecimento;202508;6;0;4;14;246;34;95;392
TR;335679010019;Conhecimento;202509;53;3;3;65;270;31;85;438
TR;335679010019;Conhecimento;202510;15;6;5;118;275;34;62;511
TR;335679010019;Conhecimento;202511;8;13;7;81;274;46;57;565
TR;335679010019;Conhecimento;202512;4;4;1;54;222;45;49;601
TR;335679010019;Conhecimento;202601;22;4;7;54;238;46;48;644
TR;335679010019;Conhecimento;202602;26;2;1;57;189;45;42;684
TR;335679010019;Conhecimento;202603;70;2;2;25;238;46;43;687
TR;335679010019;Conhecimento;202604;81;1;0;7;317;43;42;558
TR;335679010019;Conhecimento;202605;115;2;2;6;427;44;40;563
TR;335679010019;Conhecimento;202606;111;5;0;6;527;49;36;554
TR;335689012178;Conhecimento;202301;0;0;0;0;0;0;0;0
TR;335689012178;Conhecimento;202302;0;0;0;0;0;0;0;0
TR;335689012178;Conhecimento;202303;0;0;0;0;0;0;0;0
TR;335689012178;Conhecimento;202304;0;0;0;0;0;0;0;0
TR;335689012178;Conhecimento;202305;0;0;0;0;0;0;0;0
TR;335689012178;Conhecimento;202306;0;0;0;0;0;0;0;0
TR;335689012178;Conhecimento;202307;0;0;0;0;0;0;0;0
TR;335689012178;Conhecimento;202308;0;0;0;0;0;0;0;0
TR;335689012178;Conhecimento;202309;0;0;0;0;0;0;0;0
TR;335689012178;Conhecimento;202310;1;0;0;0;1;0;0;0
TR;335689012178;Conhecimento;202403;0;0;0;0;1;0;0;0
TR;335689012178;Conhecimento;202404;0;0;0;0;1;0;0;0
TR;335689012178;Conhecimento;202405;0;0;0;0;1;0;0;0
TR;335689012178;Conhecimento;202406;3;0;0;0;4;0;0;0
TR;335689012178;Conhecimento;202409;0;0;0;0;4;0;0;0
TR;335689012178;Conhecimento;202410;0;0;0;0;3;0;0;0
TR;335689012178;Conhecimento;202411;1;0;0;0;4;0;0;0
TR;335689012178;Conhecimento;202412;19;0;0;0;23;0;0;0
TR;335689012178;Conhecimento;202502;198;0;0;0;221;0;0;0
TR;335689012178;Conhecimento;202503;9;0;0;0;230;0;0;0
TR;335689012178;Conhecimento;202601;3;0;0;0;210;0;0;0
TR;335699012116;Conhecimento;202301;2;0;0;22;2;0;0;22
TR;335699012116;Conhecimento;202302;17;1;1;34;19;1;1;56
TR;335699012116;Conhecimento;202303;32;1;1;97;51;2;2;153
TR;335699012116;Conhecimento;202304;30;0;0;38;81;2;2;191
TR;335699012116;Conhecimento;202305;18;0;1;39;99;2;3;230
TR;335699012116;Conhecimento;202306;30;0;0;50;129;2;3;280
TR;335699012116;Conhecimento;202307;36;7;9;45;165;9;12;325
TR;335699012116;Conhecimento;202308;53;0;1;36;218;9;13;361
TR;335699012116;Conhecimento;202309;43;14;14;22;261;23;27;383
TR;335699012116;Conhecimento;202310;50;0;0;20;311;23;27;403
TR;335699012116;Conhecimento;202311;30;0;0;0;341;23;27;403
TR;335699012116;Conhecimento;202312;90;0;0;0;431;23;27;403
TR;335699012116;Conhecimento;202401;13;0;0;0;442;23;27;381
TR;335699012116;Conhecimento;202402;12;0;0;0;437;22;26;347
TR;335699012116;Conhecimento;202403;7;0;0;0;412;21;25;250
TR;335699012116;Conhecimento;202404;4;0;0;0;386;21;25;212
TR;335699012116;Conhecimento;202405;1;0;0;0;369;21;24;173
TR;335699012116;Conhecimento;202406;6;0;0;0;345;21;24;123
TR;335699012116;Conhecimento;202407;2;0;0;0;311;14;15;78
TR;335699012116;Conhecimento;202408;0;0;0;0;258;14;14;42
TR;335699012116;Conhecimento;202409;5;0;0;0;220;0;0;20
TR;335699012116;Conhecimento;202410;1;0;0;0;171;0;0;0
TR;335699012116;Conhecimento;202411;4;0;0;0;145;0;0;0
TR;335699012116;Conhecimento;202412;18;0;0;0;73;0;0;0
TR;335699012116;Conhecimento;202501;6;0;0;0;66;0;0;0
TR;335699012116;Conhecimento;202502;111;0;0;0;165;0;0;0
TR;335699012116;Conhecimento;202503;14;0;0;0;172;0;0;0
TR;335699012116;Conhecimento;202504;0;0;0;0;168;0;0;0
TR;335699012116;Conhecimento;202505;4;0;0;0;171;0;0;0
TR;335699012116;Conhecimento;202506;0;0;0;0;165;0;0;0
TR;335699012116;Conhecimento;202507;0;0;0;0;163;0;0;0
TR;335699012116;Conhecimento;202508;0;0;0;0;163;0;0;0
TR;335699012116;Conhecimento;202509;33;0;0;0;191;0;0;0
TR;335699012116;Conhecimento;202601;15;0;0;0;177;0;0;0
TR;335699012116;Conhecimento;202602;1;0;0;0;67;0;0;0
TR;335709012162;Conhecimento;202301;1;0;0;20;1;0;0;20
TR;335709012162;Conhecimento;202302;34;0;0;29;35;0;0;49
TR;335709012162;Conhecimento;202303;15;2;0;81;50;2;0;130
TR;335709012162;Conhecimento;202304;11;20;0;37;61;22;0;167
TR;335709012162;Conhecimento;202305;28;3;0;19;89;25;0;186
TR;335709012162;Conhecimento;202306;44;0;0;34;133;25;0;220
TR;335709012162;Conhecimento;202307;12;10;1;29;145;35;1;249
TR;335709012162;Conhecimento;202308;59;7;0;22;204;42;1;271
TR;335709012162;Conhecimento;202309;70;8;0;24;274;50;1;295
TR;335709012162;Conhecimento;202310;66;0;0;19;340;50;1;314
TR;335709012162;Conhecimento;202311;80;0;0;0;420;50;1;314
TR;335709012162;Conhecimento;202312;44;0;0;0;464;50;1;314
TR;335709012162;Conhecimento;202401;13;0;0;0;476;50;1;294
TR;335709012162;Conhecimento;202402;11;0;0;0;453;50;1;265
TR;335709012162;Conhecimento;202403;6;0;0;0;444;48;1;184
TR;335709012162;Conhecimento;202404;5;0;0;0;438;28;1;147
TR;335709012162;Conhecimento;202405;0;0;0;0;410;25;1;128
TR;335709012162;Conhecimento;202406;0;0;0;0;366;25;1;94
TR;335709012162;Conhecimento;202407;3;0;0;0;357;15;0;65
TR;335709012162;Conhecimento;202408;1;0;0;0;299;8;0;43
TR;335709012162;Conhecimento;202409;0;0;0;0;229;0;0;19
TR;335709012162;Conhecimento;202410;1;0;0;0;164;0;0;0
TR;335709012162;Conhecimento;202411;6;0;0;0;90;0;0;0
TR;335709012162;Conhecimento;202412;21;0;0;0;67;0;0;0
TR;335709012162;Conhecimento;202501;2;0;0;0;56;0;0;0
TR;335709012162;Conhecimento;202502;3;0;0;1;48;0;0;1
TR;335709012162;Conhecimento;202503;1;0;0;0;43;0;0;1
TR;335709012162;Conhecimento;202504;0;0;0;0;38;0;0;1
TR;335709012162;Conhecimento;202505;0;0;0;1;38;0;0;2
TR;335709012162;Conhecimento;202506;0;0;0;0;38;0;0;2
TR;335709012162;Conhecimento;202507;0;4;4;11;35;4;4;13
TR;335709012162;Conhecimento;202508;4;0;0;47;38;4;4;60
TR;335709012162;Conhecimento;202509;70;0;0;39;108;4;4;99
TR;335709012162;Conhecimento;202510;55;0;0;46;162;4;4;145
TR;335709012162;Conhecimento;202511;33;1;1;38;189;5;5;183
TR;335709012162;Conhecimento;202512;17;1;1;27;185;6;6;210
TR;335709012162;Conhecimento;202601;33;0;0;16;216;6;6;226
TR;335709012162;Conhecimento;202602;99;0;0;26;312;6;6;251
TR;335709012162;Conhecimento;202603;63;1;2;27;374;7;8;278
TR;335709012162;Conhecimento;202604;47;0;0;16;421;7;8;294
TR;335709012162;Conhecimento;202605;38;1;1;11;459;8;9;304
TR;335709012162;Conhecimento;202606;13;0;2;9;472;8;11;313
TR;335719012171;Conhecimento;202409;1;0;0;0;1;0;0;0
TR;335719012171;Conhecimento;202410;1;0;0;0;2;0;0;0
TR;335719012171;Conhecimento;202411;1;0;0;0;3;0;0;0
TR;335719012171;Conhecimento;202412;30;0;0;0;33;0;0;0
TR;335719012171;Conhecimento;202501;1;0;0;0;34;0;0;0
TR;335719012171;Conhecimento;202502;246;0;0;0;280;0;0;0
TR;335719012171;Conhecimento;202503;12;0;0;0;292;0;0;0
TR;335719012171;Conhecimento;202509;87;0;0;0;378;0;0;0
TR;335719012171;Conhecimento;202601;37;0;0;0;382;0;0;0
TR;335729010020;Conhecimento;202301;7;3;5;44;7;3;5;44
TR;335729010020;Conhecimento;202302;39;0;0;49;46;3;5;93
TR;335729010020;Conhecimento;202303;12;4;5;118;58;7;10;211
TR;335729010020;Conhecimento;202304;14;22;44;53;72;29;54;264
TR;335729010020;Conhecimento;202305;35;7;14;57;107;36;68;321
TR;335729010020;Conhecimento;202306;63;2;5;66;170;38;73;387
TR;335729010020;Conhecimento;202307;52;14;22;76;222;52;95;463
TR;335729010020;Conhecimento;202308;36;11;25;71;258;63;120;534
TR;335729010020;Conhecimento;202309;55;19;22;66;313;82;142;600
TR;335729010020;Conhecimento;202310;50;32;36;61;363;114;178;661
TR;335729010020;Conhecimento;202311;341;5;16;8;704;119;194;669
TR;335729010020;Conhecimento;202312;114;10;2;7;818;129;196;676
TR;335729010020;Conhecimento;202401;27;2;5;6;838;128;196;638
TR;335729010020;Conhecimento;202402;60;4;4;7;859;132;200;596
TR;335729010020;Conhecimento;202403;13;3;3;12;860;131;198;490
TR;335729010020;Conhecimento;202404;24;2;10;2;870;111;164;439
TR;335729010020;Conhecimento;202405;33;4;2;4;868;108;152;386
TR;335729010020;Conhecimento;202406;32;0;1;18;837;106;148;338
TR;335729010020;Conhecimento;202407;56;5;5;9;841;97;131;271
TR;335729010020;Conhecimento;202408;54;9;9;22;859;95;115;222
TR;335729010020;Conhecimento;202409;44;6;4;41;848;82;97;197
TR;335729010020;Conhecimento;202410;21;7;10;54;819;57;71;190
TR;335729010020;Conhecimento;202411;16;14;6;47;494;66;61;229
TR;335729010020;Conhecimento;202412;7;6;12;27;387;62;71;249
TR;335729010020;Conhecimento;202501;16;1;1;11;376;61;67;254
TR;335729010020;Conhecimento;202502;176;10;3;23;492;67;66;270
TR;335729010020;Conhecimento;202503;35;3;3;24;514;67;66;282
TR;335729010020;Conhecimento;202504;16;1;4;60;506;66;60;340
TR;335729010020;Conhecimento;202505;25;3;9;76;498;65;67;412
TR;335729010020;Conhecimento;202506;7;5;16;3;473;70;82;397
TR;335729010020;Conhecimento;202507;8;10;3;8;425;75;80;396
TR;335729010020;Conhecimento;202508;2;4;0;18;373;70;71;392
TR;335729010020;Conhecimento;202509;24;12;3;72;353;76;70;423
TR;335729010020;Conhecimento;202510;3;14;6;93;335;83;66;462
TR;335729010020;Conhecimento;202511;4;9;10;75;323;78;70;490
TR;335729010020;Conhecimento;202512;4;4;9;61;320;76;67;524
TR;335729010020;Conhecimento;202601;44;6;5;61;348;81;71;574
TR;335729010020;Conhecimento;202602;61;4;2;60;233;75;70;611
TR;335729010020;Conhecimento;202603;59;3;0;24;257;75;67;611
TR;335729010020;Conhecimento;202604;81;3;2;12;322;77;65;563
TR;335729010020;Conhecimento;202605;121;1;4;8;418;75;60;495
TR;335729010020;Conhecimento;202606;116;1;1;4;527;71;45;496
TR;335739012174;Conhecimento;202301;0;0;0;0;0;0;0;0
TR;335739012174;Conhecimento;202302;1;0;0;0;1;0;0;0
TR;335739012174;Conhecimento;202303;1;0;0;0;2;0;0;0
TR;335739012174;Conhecimento;202304;0;0;0;0;2;0;0;0
TR;335739012174;Conhecimento;202305;0;0;0;0;2;0;0;0
TR;335739012174;Conhecimento;202306;0;0;0;0;2;0;0;0
TR;335739012174;Conhecimento;202307;1;0;0;8;3;0;0;8
TR;335739012174;Conhecimento;202308;4;0;0;0;7;0;0;8
TR;335739012174;Conhecimento;202309;1;2;0;0;8;2;0;8
TR;335739012174;Conhecimento;202310;1;7;0;0;9;9;0;8
TR;335739012174;Conhecimento;202311;50;1;0;0;59;10;0;8
TR;335739012174;Conhecimento;202312;11;0;0;1;70;10;0;9
TR;335739012174;Conhecimento;202401;0;0;0;1;70;10;0;10
TR;335739012174;Conhecimento;202402;1;0;0;0;70;10;0;10
TR;335739012174;Conhecimento;202403;0;0;0;0;69;10;0;10
TR;335739012174;Conhecimento;202404;1;0;0;0;70;10;0;10
TR;335739012174;Conhecimento;202405;0;0;8;1;70;10;8;11
TR;335739012174;Conhecimento;202406;2;0;0;0;72;10;8;11
TR;335739012174;Conhecimento;202407;2;0;0;2;73;10;8;5
TR;335739012174;Conhecimento;202408;1;0;0;1;70;10;8;6
TR;335739012174;Conhecimento;202409;0;0;0;4;69;8;8;10
TR;335739012174;Conhecimento;202410;1;1;0;2;69;2;8;12
TR;335739012174;Conhecimento;202411;0;0;0;0;19;1;8;12
TR;335739012174;Conhecimento;202412;1;0;0;2;9;1;8;13
TR;335739012174;Conhecimento;202501;3;1;1;0;12;2;9;12
TR;335739012174;Conhecimento;202502;41;0;0;2;52;2;9;14
TR;335739012174;Conhecimento;202503;1;1;0;3;53;3;9;17
TR;335739012174;Conhecimento;202504;1;1;0;0;53;4;9;17
TR;335739012174;Conhecimento;202505;4;5;5;73;57;9;6;89
TR;335739012174;Conhecimento;202506;3;6;4;65;58;15;10;154
TR;335739012174;Conhecimento;202507;3;2;1;33;59;17;11;185
TR;335739012174;Conhecimento;202508;13;1;0;3;71;18;11;187
TR;335739012174;Conhecimento;202509;62;2;1;6;133;20;12;189
TR;335739012174;Conhecimento;202510;31;0;0;12;163;19;12;199
TR;335739012174;Conhecimento;202511;15;3;2;28;178;22;14;227
TR;335739012174;Conhecimento;202512;10;0;0;39;187;22;14;264
TR;335739012174;Conhecimento;202601;51;2;1;21;235;23;14;285
TR;335739012174;Conhecimento;202602;31;1;1;24;225;24;15;307
TR;335739012174;Conhecimento;202603;39;0;1;29;263;23;16;333
TR;335739012174;Conhecimento;202604;66;0;0;19;328;22;16;352
TR;335739012174;Conhecimento;202605;52;0;0;8;376;17;11;287
TR;335739012174;Conhecimento;202606;95;0;0;11;468;11;7;233
TR;335759012134;Conhecimento;202301;21;1;0;22;21;1;0;22
TR;335759012134;Conhecimento;202302;47;0;0;26;68;1;0;48
TR;335759012134;Conhecimento;202303;26;0;2;88;94;1;2;136
TR;335759012134;Conhecimento;202304;32;2;2;39;126;3;4;175
TR;335759012134;Conhecimento;202305;64;1;1;36;190;4;5;211
TR;335759012134;Conhecimento;202306;37;0;0;3;227;4;5;214
TR;335759012134;Conhecimento;202307;34;0;0;1;261;4;5;215
TR;335759012134;Conhecimento;202308;54;0;0;0;315;4;5;215
TR;335759012134;Conhecimento;202309;12;0;0;0;327;4;5;215
TR;335759012134;Conhecimento;202310;9;0;0;0;336;4;5;215
TR;335759012134;Conhecimento;202311;106;0;0;0;442;4;5;215
TR;335759012134;Conhecimento;202312;13;0;0;0;455;4;5;215
TR;335759012134;Conhecimento;202401;7;0;0;0;441;3;5;193
TR;335759012134;Conhecimento;202402;2;0;0;0;396;3;5;167
TR;335759012134;Conhecimento;202403;6;0;0;0;376;3;3;79
TR;335759012134;Conhecimento;202404;1;0;0;0;345;1;1;40
TR;335759012134;Conhecimento;202405;0;0;0;0;281;0;0;4
TR;335759012134;Conhecimento;202406;2;0;0;0;246;0;0;1
TR;335759012134;Conhecimento;202407;9;0;0;0;221;0;0;0
TR;335759012134;Conhecimento;202408;2;0;0;0;169;0;0;0
TR;335759012134;Conhecimento;202409;5;0;0;0;162;0;0;0
TR;335759012134;Conhecimento;202410;0;0;0;0;153;0;0;0
TR;335759012134;Conhecimento;202411;2;0;0;0;49;0;0;0
TR;335759012134;Conhecimento;202412;2;0;0;0;38;0;0;0
TR;335759012134;Conhecimento;202501;0;0;0;0;31;0;0;0
TR;335759012134;Conhecimento;202502;9;0;0;0;38;0;0;0
TR;335759012134;Conhecimento;202503;6;0;0;0;38;0;0;0
TR;335759012134;Conhecimento;202504;4;0;0;0;41;0;0;0
TR;335759012134;Conhecimento;202505;2;0;0;0;43;0;0;0
TR;335759012134;Conhecimento;202507;7;0;0;0;39;0;0;0
TR;335759012134;Conhecimento;202508;5;0;0;0;42;0;0;0
TR;335759012134;Conhecimento;202509;90;0;0;0;127;0;0;0
TR;335759012134;Conhecimento;202510;18;0;0;0;145;0;0;0
TR;335769012154;Conhecimento;202307;1;0;0;0;1;0;0;0
TR;335769012154;Conhecimento;202311;34;0;0;0;35;0;0;0
TR;335769012154;Conhecimento;202312;34;0;0;0;69;0;0;0
TR;335769012154;Conhecimento;202401;1;0;0;0;70;0;0;0
TR;335769012154;Conhecimento;202404;1;0;0;0;71;0;0;0
TR;335769012154;Conhecimento;202405;2;0;0;0;73;0;0;0
TR;335769012154;Conhecimento;202502;145;0;0;0;148;0;0;0
TR;335769012154;Conhecimento;202503;1;0;0;0;149;0;0;0
TR;36210010201;Conhecimento;202602;0;0;1;1;0;0;1;1
TR;36270010103;Conhecimento;202510;0;0;0;1;0;0;0;1
TR;36270010103;Conhecimento;202511;0;0;1;0;0;0;1;1
TR;36270010103;Conhecimento;202604;0;0;1;1;0;0;2;2
TR;36320010601;Conhecimento;202508;0;0;0;1;0;0;0;1
TR;36320010601;Conhecimento;202509;0;0;1;0;0;0;1;1
TR;36320010601;Conhecimento;202510;0;0;0;1;0;0;1;2
TR;36320010601;Conhecimento;202511;0;0;1;0;0;0;2;2
TR;36320010601;Conhecimento;202512;0;0;0;2;0;0;2;4
TR;36320010601;Conhecimento;202602;0;0;1;1;0;0;3;5
TR;36320010601;Conhecimento;202603;0;0;2;0;0;0;5;5
TR;36330010602;Conhecimento;202508;0;0;0;3;0;0;0;3
TR;36330010602;Conhecimento;202509;0;0;0;1;0;0;0;4
TR;36330010602;Conhecimento;202510;0;0;0;1;0;0;0;5
TR;36330010602;Conhecimento;202511;0;0;3;0;0;0;3;5
TR;36330010602;Conhecimento;202512;0;0;1;0;0;0;4;5
TR;36330010602;Conhecimento;202601;0;0;1;0;0;0;5;5
TR;36390700003;Conhecimento;202509;0;0;1;1;0;0;1;1
TR;36390700003;Conhecimento;202511;0;0;1;1;0;0;2;2
TR;36390700003;Conhecimento;202512;0;0;2;3;0;0;4;5
TR;36390700003;Conhecimento;202601;0;0;2;1;0;0;6;6
TR;36390700003;Conhecimento;202602;0;0;1;1;0;0;7;7
TR;36390700003;Conhecimento;202603;0;0;1;1;0;0;8;8
TR;36410700004;Conhecimento;202510;0;0;0;1;0;0;0;1
TR;36410700004;Conhecimento;202511;0;0;1;0;0;0;1;1
TR;36410700004;Conhecimento;202602;0;1;1;0;0;1;2;1
TR;36410700004;Conhecimento;202604;0;0;1;1;0;1;3;2
TR;36420700001;Conhecimento;202510;0;0;1;1;0;0;1;1
TR;36420700001;Conhecimento;202511;0;0;1;1;0;0;2;2
TR;36420700001;Conhecimento;202604;0;1;1;0;0;1;3;2
TR;700059012179;Conhecimento;202311;18;0;0;0;18;0;0;0
TR;700129012114;Conhecimento;202311;127;0;0;0;127;0;0;0
TR;700129012114;Conhecimento;202312;3;0;0;0;130;0;0;0
TR;700129012114;Conhecimento;202401;2;0;0;0;132;0;0;0
TR;700129012114;Conhecimento;202502;4;0;0;0;4;0;0;0
TR;700189012126;Conhecimento;202311;65;0;0;0;65;0;0;0
TR;700189012126;Conhecimento;202502;1;0;0;0;1;0;0;0
TR;700229012309;Conhecimento;202403;0;0;0;0;0;0;0;0
TR;700229012309;Conhecimento;202406;1;0;0;0;1;0;0;0
TR;700229012309;Conhecimento;202408;0;0;0;1;1;0;0;1
TR;700229012309;Conhecimento;202409;0;0;0;1;1;0;0;2
TR;700229012309;Conhecimento;202410;0;0;0;1;1;0;0;3
TR;700229012309;Conhecimento;202411;0;0;0;2;1;0;0;5
TR;700229012309;Conhecimento;202412;0;0;0;3;1;0;0;8
TR;700229012309;Conhecimento;202501;1;1;1;1;2;1;1;9
TR;700229012309;Conhecimento;202502;7;0;0;0;9;1;1;9
TR;700229012309;Conhecimento;202503;1;0;0;0;10;1;1;9
TR;700249012128;Conhecimento;202410;2;0;0;0;2;0;0;0
TR;700249012128;Conhecimento;202503;1;0;0;0;3;0;0;0
TR;728939012109;Conhecimento;202301;2;0;0;0;2;0;0;0
TR;728939012109;Conhecimento;202302;31;0;0;15;33;0;0;15
TR;728939012109;Conhecimento;202303;46;0;0;54;79;0;0;69
TR;728939012109;Conhecimento;202304;6;2;0;28;85;2;0;97
TR;728939012109;Conhecimento;202305;1;1;2;62;86;3;2;159
TR;728939012109;Conhecimento;202306;13;0;1;40;99;3;3;199
TR;728939012109;Conhecimento;202307;42;1;2;45;141;4;5;244
TR;728939012109;Conhecimento;202308;37;0;0;54;178;4;5;298
TR;728939012109;Conhecimento;202309;51;0;0;33;229;4;5;331
TR;728939012109;Conhecimento;202310;41;1;3;105;270;5;8;436
TR;728939012109;Conhecimento;202311;131;5;6;36;401;10;14;472
TR;728939012109;Conhecimento;202312;65;1;2;21;466;11;16;493
TR;728939012109;Conhecimento;202401;24;0;0;35;488;11;16;528
TR;728939012109;Conhecimento;202402;76;0;0;32;533;11;16;545
TR;728939012109;Conhecimento;202403;27;0;0;53;514;11;16;544
TR;728939012109;Conhecimento;202404;73;0;1;49;581;9;17;565
TR;728939012109;Conhecimento;202405;48;0;1;53;628;8;16;556
TR;728939012109;Conhecimento;202406;59;2;1;53;674;10;16;569
TR;728939012109;Conhecimento;202407;50;1;1;71;682;10;15;595
TR;728939012109;Conhecimento;202408;31;1;2;41;676;11;17;582
TR;728939012109;Conhecimento;202409;52;0;0;51;677;11;17;600
TR;728939012109;Conhecimento;202410;80;3;3;69;716;13;17;564
TR;728939012109;Conhecimento;202411;71;5;5;60;656;13;16;588
TR;728939012109;Conhecimento;202412;82;0;0;26;673;12;14;593
TR;728939012109;Conhecimento;202501;58;4;3;20;707;16;17;578
TR;728939012109;Conhecimento;202502;146;3;9;24;777;19;26;570
TR;728939012109;Conhecimento;202503;56;1;1;47;806;20;27;564
TR;728939012109;Conhecimento;202504;36;0;0;6;769;20;26;521
TR;728939012109;Conhecimento;202505;47;0;0;0;768;20;25;468
TR;728939012109;Conhecimento;202506;46;0;0;0;755;18;24;415
TR;728939012109;Conhecimento;202507;31;0;0;0;736;17;23;344
TR;728939012109;Conhecimento;202508;0;0;0;0;705;16;21;303
TR;728939012109;Conhecimento;202509;93;0;0;0;746;16;21;252
TR;728939012109;Conhecimento;202510;0;0;0;0;666;13;18;183
TR;728939012109;Conhecimento;202511;0;0;0;0;595;8;13;123
TR;728939012109;Conhecimento;202512;0;0;0;0;513;8;13;97
TR;728939012109;Conhecimento;202601;71;0;0;0;526;4;10;77
TR;728939012109;Conhecimento;202602;0;0;0;0;380;1;1;53
TR;728939012109;Conhecimento;202603;0;0;0;0;324;0;0;6
TR;728939012109;Conhecimento;202604;0;0;0;0;288;0;0;0
TR;728939012109;Conhecimento;202605;1;0;0;0;242;0;0;0
TR;728949012197;Conhecimento;202311;15;0;0;0;15;0;0;0
TR;728949012197;Conhecimento;202312;15;0;0;0;30;0;0;0
TR;728949012197;Conhecimento;202502;26;0;0;0;26;0;0;0
TR;742129012201;Conhecimento;202403;0;0;0;0;0;0;0;0
TR;742129012201;Conhecimento;202404;0;0;0;0;0;0;0;0
TR;742129012201;Conhecimento;202405;0;0;0;0;0;0;0;0
TR;742129012201;Conhecimento;202406;8;0;0;0;8;0;0;0
TR;742129012201;Conhecimento;202409;1;0;0;0;9;0;0;0
TR;742129012201;Conhecimento;202507;1;0;0;0;2;0;0;0
TR;742129012201;Conhecimento;202509;7;0;0;0;8;0;0;0
TR;742129012201;Conhecimento;202601;38;0;0;0;46;0;0;0
TR;742139012065;Conhecimento;202401;2;0;0;0;2;0;0;0
TR;742139012065;Conhecimento;202403;0;0;0;0;2;0;0;0
TR;742139012065;Conhecimento;202404;0;0;0;0;2;0;0;0
TR;742139012065;Conhecimento;202405;0;0;0;0;2;0;0;0
TR;742139012065;Conhecimento;202406;3;0;0;0;5;0;0;0
TR;742139012065;Conhecimento;202410;0;0;0;0;5;0;0;0
TR;742139012065;Conhecimento;202411;0;0;0;0;5;0;0;0
TR;742139012065;Conhecimento;202412;4;0;0;0;9;0;0;0
TR;742139012065;Conhecimento;202501;1;0;0;0;8;0;0;0
TR;742139012065;Conhecimento;202502;8;0;0;0;16;0;0;0
TR;742139012065;Conhecimento;202503;13;0;0;0;29;0;0;0
TR;742139012065;Conhecimento;202509;4;0;0;0;30;0;0;0
TR;742139012065;Conhecimento;202601;3;0;0;0;28;0;0;0
TR;742139012065;Conhecimento;202602;1;0;0;0;21;0;0;0
TR;784169012200;Conhecimento;202308;2;0;0;0;2;0;0;0
TR;784169012200;Conhecimento;202311;2;0;0;0;4;0;0;0
TR;784169012200;Conhecimento;202312;1;0;0;0;5;0;0;0
TR;784169012200;Conhecimento;202502;2;0;0;0;2;0;0;0
TR;794469012233;Conhecimento;202301;0;0;0;0;0;0;0;0
TR;794469012233;Conhecimento;202302;1;0;0;1;1;0;0;1
TR;794469012233;Conhecimento;202303;0;0;0;4;1;0;0;5
TR;794469012233;Conhecimento;202304;0;1;0;3;1;1;0;8
TR;794469012233;Conhecimento;202305;2;0;0;1;3;1;0;9
TR;794469012233;Conhecimento;202306;0;0;0;3;3;1;0;12
TR;794469012233;Conhecimento;202307;0;0;0;9;3;1;0;21
TR;794469012233;Conhecimento;202308;2;5;0;12;5;6;0;33
TR;794469012233;Conhecimento;202309;2;1;0;20;7;7;0;53
TR;794469012233;Conhecimento;202310;3;11;12;53;10;18;12;106
TR;794469012233;Conhecimento;202311;45;13;13;28;55;31;25;134
TR;794469012233;Conhecimento;202312;19;0;4;17;74;31;29;151
TR;794469012233;Conhecimento;202401;5;1;0;3;79;32;29;154
TR;794469012233;Conhecimento;202402;39;0;3;26;117;32;32;179
TR;794469012233;Conhecimento;202403;28;4;5;61;145;36;37;236
TR;794469012233;Conhecimento;202404;30;9;9;92;175;44;46;325
TR;794469012233;Conhecimento;202405;18;3;4;35;191;47;50;359
TR;794469012233;Conhecimento;202406;40;5;5;57;231;52;55;413
TR;794469012233;Conhecimento;202407;72;8;9;55;303;60;64;459
TR;794469012233;Conhecimento;202408;63;9;10;45;364;64;74;492
TR;794469012233;Conhecimento;202409;52;2;3;43;414;65;77;515
TR;794469012233;Conhecimento;202410;73;7;8;55;484;61;73;517
TR;794469012233;Conhecimento;202411;42;6;6;43;481;54;66;532
TR;794469012233;Conhecimento;202412;47;3;3;27;509;57;65;542
TR;794469012233;Conhecimento;202501;38;1;1;25;542;57;66;564
TR;794469012233;Conhecimento;202502;85;4;6;28;588;61;69;566
TR;794469012233;Conhecimento;202503;22;1;1;46;582;58;65;551
TR;794469012233;Conhecimento;202504;40;3;3;125;592;52;59;584
TR;794469012233;Conhecimento;202505;47;0;0;2;621;49;55;551
TR;794469012233;Conhecimento;202506;46;2;1;10;627;46;51;504
TR;794469012233;Conhecimento;202507;82;0;2;54;637;38;44;503
TR;794469012233;Conhecimento;202508;27;1;3;37;601;30;37;495
TR;794469012233;Conhecimento;202509;47;0;3;25;596;28;37;477
TR;794469012233;Conhecimento;202510;34;0;0;8;557;21;29;430
TR;794469012233;Conhecimento;202511;34;0;0;0;549;15;23;387
TR;794469012233;Conhecimento;202512;24;0;0;0;526;12;20;360
TR;794469012233;Conhecimento;202601;2;0;0;0;490;11;19;335
TR;794469012233;Conhecimento;202602;18;0;0;0;423;7;13;307
TR;794809012234;Conhecimento;202301;0;0;0;23;0;0;0;23
TR;794809012234;Conhecimento;202302;2;0;0;33;2;0;0;56
TR;794809012234;Conhecimento;202303;0;0;0;85;2;0;0;141
TR;794809012234;Conhecimento;202304;0;19;19;44;2;19;19;185
TR;794809012234;Conhecimento;202305;1;3;3;40;3;22;22;225
TR;794809012234;Conhecimento;202306;28;4;4;44;31;26;26;269
TR;794809012234;Conhecimento;202307;73;5;6;37;104;31;32;306
TR;794809012234;Conhecimento;202308;12;7;7;27;116;38;39;333
TR;794809012234;Conhecimento;202309;20;3;3;12;136;41;42;345
TR;794809012234;Conhecimento;202310;20;3;3;22;156;44;45;367
TR;794809012234;Conhecimento;202311;20;0;0;13;176;44;45;380
TR;794809012234;Conhecimento;202312;55;2;3;6;231;46;48;386
TR;794809012234;Conhecimento;202401;9;1;0;3;240;47;48;366
TR;794809012234;Conhecimento;202402;96;0;0;3;334;47;48;336
TR;794809012234;Conhecimento;202403;21;0;0;22;355;47;48;273
TR;794809012234;Conhecimento;202404;29;5;0;63;384;33;29;292
TR;794809012234;Conhecimento;202405;13;3;2;64;396;33;28;316
TR;794809012234;Conhecimento;202406;3;5;5;73;371;34;29;345
TR;794809012234;Conhecimento;202407;15;7;7;50;313;36;30;358
TR;794809012234;Conhecimento;202408;44;7;7;41;345;36;30;372
TR;794809012234;Conhecimento;202409;87;0;1;33;412;33;28;393
TR;794809012234;Conhecimento;202410;43;6;6;40;435;36;31;411
TR;794809012234;Conhecimento;202411;52;3;3;22;467;39;34;420
TR;794809012234;Conhecimento;202412;47;3;3;14;459;40;34;428
TR;794809012234;Conhecimento;202501;23;6;6;19;473;45;40;444
TR;794809012234;Conhecimento;202502;40;4;4;19;417;49;44;460
TR;794809012234;Conhecimento;202503;41;2;3;22;437;51;47;460
TR;794809012234;Conhecimento;202504;38;0;0;0;446;46;47;397
TR;794809012234;Conhecimento;202505;28;0;0;0;461;43;45;333
TR;794809012234;Conhecimento;202506;5;0;0;0;463;38;40;260
TR;794809012234;Conhecimento;202509;4;0;0;0;321;24;25;136
TR;797119012064;Conhecimento;202301;1;0;0;2;1;0;0;2
TR;797119012064;Conhecimento;202302;1;0;0;1;2;0;0;3
TR;797119012064;Conhecimento;202303;1;1;2;4;3;1;2;7
TR;797119012064;Conhecimento;202304;2;0;0;6;5;1;2;13
TR;797119012064;Conhecimento;202305;0;0;0;17;5;1;2;30
TR;797119012064;Conhecimento;202306;0;0;0;28;5;1;2;58
TR;797119012064;Conhecimento;202307;1;2;1;40;6;3;3;98
TR;797119012064;Conhecimento;202308;3;0;1;11;9;3;4;109
TR;797119012064;Conhecimento;202309;2;2;2;14;11;5;6;123
TR;797119012064;Conhecimento;202310;3;2;3;28;14;7;9;151
TR;797119012064;Conhecimento;202311;19;17;18;30;33;24;27;181
TR;797119012064;Conhecimento;202312;37;2;2;53;70;26;29;234
TR;797119012064;Conhecimento;202401;11;0;0;40;80;26;29;272
TR;797119012064;Conhecimento;202402;3;11;11;49;82;37;40;320
TR;797119012064;Conhecimento;202403;2;1;1;68;83;37;39;384
TR;797119012064;Conhecimento;202404;17;5;5;79;98;42;44;457
TR;797119012064;Conhecimento;202405;14;22;22;50;112;64;66;490
TR;797119012064;Conhecimento;202406;11;0;0;48;123;64;66;510
TR;797119012064;Conhecimento;202407;74;20;21;60;196;82;86;530
TR;797119012064;Conhecimento;202408;65;7;7;46;258;89;92;565
TR;797119012064;Conhecimento;202409;192;4;4;49;448;91;94;600
TR;797119012064;Conhecimento;202410;96;17;16;49;541;106;107;621
TR;797119012064;Conhecimento;202411;55;0;0;42;577;89;89;633
TR;797119012064;Conhecimento;202412;136;4;4;28;676;91;91;608
TR;797119012064;Conhecimento;202501;16;2;3;16;681;93;94;584
TR;797119012064;Conhecimento;202502;63;4;6;27;741;86;89;562
TR;797119012064;Conhecimento;202503;50;3;3;51;789;88;91;545
TR;797119012064;Conhecimento;202504;28;4;5;61;800;87;91;527
TR;797119012064;Conhecimento;202505;55;0;0;0;841;65;69;477
TR;797119012064;Conhecimento;202506;41;0;0;0;871;65;69;429
TR;797119012064;Conhecimento;202507;30;0;0;1;827;45;48;370
TR;797119012064;Conhecimento;202508;15;0;0;0;777;38;41;324
TR;797119012064;Conhecimento;202509;15;0;0;0;600;34;37;275
TR;797119012064;Conhecimento;202510;0;0;0;0;504;17;21;226
TR;797119012064;Conhecimento;202511;5;0;0;0;454;17;21;184
TR;797119012064;Conhecimento;202601;1;0;0;0;303;11;14;140
TR;813359012125;Conhecimento;202301;0;0;0;0;0;0;0;0
TR;813359012125;Conhecimento;202302;1;0;0;0;1;0;0;0
TR;813359012125;Conhecimento;202303;0;0;0;0;1;0;0;0
TR;813359012125;Conhecimento;202304;0;0;0;0;1;0;0;0
TR;813359012125;Conhecimento;202305;1;0;0;0;2;0;0;0
TR;813359012125;Conhecimento;202306;0;0;0;0;2;0;0;0
TR;813359012125;Conhecimento;202307;0;0;0;0;2;0;0;0
TR;813359012125;Conhecimento;202308;0;0;0;0;2;0;0;0
TR;813359012125;Conhecimento;202309;0;0;0;0;2;0;0;0
TR;813359012125;Conhecimento;202310;2;0;0;0;4;0;0;0
TR;813359012125;Conhecimento;202311;0;0;0;0;4;0;0;0
TR;813359012125;Conhecimento;202312;9;0;0;0;13;0;0;0
TR;813359012125;Conhecimento;202401;0;0;0;0;13;0;0;0
TR;813359012125;Conhecimento;202402;0;0;0;0;12;0;0;0
TR;813359012125;Conhecimento;202403;0;0;0;0;12;0;0;0
TR;813359012125;Conhecimento;202404;0;0;0;0;12;0;0;0
TR;813359012125;Conhecimento;202405;2;0;0;0;13;0;0;0
TR;813359012125;Conhecimento;202406;0;0;0;0;13;0;0;0
TR;813359012125;Conhecimento;202407;1;0;0;0;14;0;0;0
TR;813359012125;Conhecimento;202408;0;0;0;0;14;0;0;0
TR;813359012125;Conhecimento;202409;0;0;0;0;14;0;0;0
TR;813359012125;Conhecimento;202410;0;0;0;0;12;0;0;0
TR;813359012125;Conhecimento;202411;0;0;0;0;12;0;0;0
TR;813359012125;Conhecimento;202412;3;0;0;0;6;0;0;0
TR;813359012125;Conhecimento;202501;2;0;0;0;8;0;0;0
TR;813359012125;Conhecimento;202502;0;0;0;0;8;0;0;0
TR;813359012125;Conhecimento;202503;0;0;0;0;8;0;0;0
TR;813359012125;Conhecimento;202504;0;0;0;0;8;0;0;0
TR;813359012125;Conhecimento;202505;0;0;0;0;6;0;0;0
TR;813359012125;Conhecimento;202506;0;0;0;0;6;0;0;0
TR;813359012125;Conhecimento;202507;0;0;0;0;5;0;0;0
TR;813359012125;Conhecimento;202508;0;0;0;0;5;0;0;0
TR;813359012125;Conhecimento;202509;0;0;0;0;5;0;0;0
TR;813359012125;Conhecimento;202510;0;0;0;0;5;0;0;0
TR;813359012125;Conhecimento;202511;0;0;0;0;5;0;0;0
TR;813359012125;Conhecimento;202512;0;0;0;0;2;0;0;0
TR;813359012125;Conhecimento;202601;0;0;0;0;0;0;0;0
TR;813359012125;Conhecimento;202602;0;0;0;0;0;0;0;0
TR;813359012125;Conhecimento;202603;0;0;0;0;0;0;0;0
TR;813359012125;Conhecimento;202604;0;0;0;0;0;0;0;0
TR;813359012125;Conhecimento;202605;3;0;0;0;3;0;0;0
TR;813369012129;Conhecimento;202301;0;0;0;0;0;0;0;0
TR;813369012129;Conhecimento;202302;2;0;0;0;2;0;0;0
TR;813369012129;Conhecimento;202303;0;0;0;0;2;0;0;0
TR;813369012129;Conhecimento;202304;0;0;0;0;2;0;0;0
TR;813369012129;Conhecimento;202305;1;0;0;0;3;0;0;0
TR;813369012129;Conhecimento;202306;0;0;0;0;3;0;0;0
TR;813369012129;Conhecimento;202307;1;0;0;0;4;0;0;0
TR;813369012129;Conhecimento;202308;0;0;0;0;4;0;0;0
TR;813369012129;Conhecimento;202309;0;0;0;0;4;0;0;0
TR;813369012129;Conhecimento;202310;0;0;0;0;4;0;0;0
TR;813369012129;Conhecimento;202311;47;0;0;0;51;0;0;0
TR;813369012129;Conhecimento;202312;27;0;0;0;78;0;0;0
TR;813369012129;Conhecimento;202401;0;0;0;0;78;0;0;0
TR;813369012129;Conhecimento;202402;0;0;0;0;76;0;0;0
TR;813369012129;Conhecimento;202403;0;0;0;0;76;0;0;0
TR;813369012129;Conhecimento;202404;4;0;0;0;80;0;0;0
TR;813369012129;Conhecimento;202405;2;0;0;0;81;0;0;0
TR;813369012129;Conhecimento;202406;0;0;0;0;81;0;0;0
TR;813369012129;Conhecimento;202407;0;0;0;0;80;0;0;0
TR;813369012129;Conhecimento;202408;0;0;0;0;80;0;0;0
TR;813369012129;Conhecimento;202409;0;0;0;0;80;0;0;0
TR;813369012129;Conhecimento;202410;2;0;0;0;82;0;0;0
TR;813369012129;Conhecimento;202411;0;0;0;0;35;0;0;0
TR;813369012129;Conhecimento;202412;0;0;0;0;8;0;0;0
TR;813369012129;Conhecimento;202501;4;0;0;0;12;0;0;0
TR;813369012129;Conhecimento;202502;98;0;0;0;110;0;0;0
TR;813369012129;Conhecimento;202503;1;0;0;0;111;0;0;0
TR;813369012129;Conhecimento;202504;1;0;0;0;108;0;0;0
TR;813369012129;Conhecimento;202505;0;0;0;0;106;0;0;0
TR;813369012129;Conhecimento;202506;0;0;0;0;106;0;0;0
TR;813369012129;Conhecimento;202507;0;0;0;0;106;0;0;0
TR;813369012129;Conhecimento;202508;1;0;0;0;107;0;0;0
TR;813369012129;Conhecimento;202509;3;0;0;0;110;0;0;0
TR;813369012129;Conhecimento;202510;0;0;0;0;108;0;0;0
TR;813369012129;Conhecimento;202511;0;0;0;0;108;0;0;0
TR;813369012129;Conhecimento;202512;0;0;0;0;108;0;0;0
TR;813369012129;Conhecimento;202601;0;0;0;0;104;0;0;0
TR;813369012129;Conhecimento;202602;0;0;0;0;6;0;0;0
TR;813369012129;Conhecimento;202603;0;0;0;0;5;0;0;0
TR;813369012129;Conhecimento;202604;0;0;0;0;4;0;0;0
TR;813369012129;Conhecimento;202605;1;0;0;0;5;0;0;0
TR;813379012151;Conhecimento;202301;0;0;0;1;0;0;0;1
TR;813379012151;Conhecimento;202302;2;0;0;1;2;0;0;2
TR;813379012151;Conhecimento;202303;2;0;0;1;4;0;0;3
TR;813379012151;Conhecimento;202304;6;0;0;1;10;0;0;4
TR;813379012151;Conhecimento;202305;1;0;0;1;11;0;0;5
TR;813379012151;Conhecimento;202306;0;0;0;2;11;0;0;7
TR;813379012151;Conhecimento;202307;4;0;0;2;15;0;0;9
TR;813379012151;Conhecimento;202308;13;0;0;3;28;0;0;12
TR;813379012151;Conhecimento;202309;0;1;1;17;28;1;1;29
TR;813379012151;Conhecimento;202310;0;0;0;48;28;1;1;77
TR;813379012151;Conhecimento;202311;3;19;19;50;31;20;20;127
TR;813379012151;Conhecimento;202312;3;2;2;54;34;22;22;181
TR;813379012151;Conhecimento;202401;2;0;0;37;36;22;22;217
TR;813379012151;Conhecimento;202402;12;9;10;45;46;31;32;261
TR;813379012151;Conhecimento;202403;14;2;1;71;58;33;33;331
TR;813379012151;Conhecimento;202404;61;5;6;86;113;38;39;416
TR;813379012151;Conhecimento;202405;16;29;29;40;128;67;68;455
TR;813379012151;Conhecimento;202406;20;1;1;36;148;68;69;489
TR;813379012151;Conhecimento;202407;38;0;1;59;182;68;70;546
TR;813379012151;Conhecimento;202408;26;7;8;41;195;75;78;584
TR;813379012151;Conhecimento;202409;90;6;6;60;285;80;83;627
TR;813379012151;Conhecimento;202410;123;0;0;60;408;80;83;639
TR;813379012151;Conhecimento;202411;89;0;0;36;494;61;64;625
TR;813379012151;Conhecimento;202412;142;3;4;30;633;62;66;601
TR;813379012151;Conhecimento;202501;5;3;3;21;636;65;69;585
TR;813379012151;Conhecimento;202502;281;6;6;27;905;62;65;567
TR;813379012151;Conhecimento;202503;65;2;2;60;956;62;66;556
TR;813379012151;Conhecimento;202504;29;9;10;65;924;66;70;535
TR;813379012151;Conhecimento;202505;59;0;1;7;967;37;42;502
TR;813379012151;Conhecimento;202506;33;2;1;10;980;38;42;476
TR;813379012151;Conhecimento;202507;47;0;3;46;989;38;44;463
TR;813379012151;Conhecimento;202508;29;0;0;36;992;31;36;458
TR;813379012151;Conhecimento;202509;38;0;0;24;940;25;30;422
TR;813379012151;Conhecimento;202510;17;0;0;16;834;25;30;378
TR;813379012151;Conhecimento;202511;58;0;0;0;803;25;30;342
TR;813379012151;Conhecimento;202512;31;0;0;0;692;22;26;312
TR;813379012151;Conhecimento;202601;10;0;0;0;697;19;23;291
TR;813379012151;Conhecimento;202602;16;0;0;0;432;13;17;264
TR;813379012151;Conhecimento;202603;9;0;0;0;376;11;15;204
TR;813379012151;Conhecimento;202604;0;0;0;0;347;2;5;139
TR;813379012151;Conhecimento;202605;1;0;0;0;289;2;4;132
TR;824279012176;Conhecimento;202301;5;0;0;0;5;0;0;0
TR;824279012176;Conhecimento;202302;18;0;0;0;23;0;0;0
TR;824279012176;Conhecimento;202303;21;0;0;0;44;0;0;0
TR;824279012176;Conhecimento;202304;0;0;0;0;44;0;0;0
TR;824279012176;Conhecimento;202305;6;0;0;0;50;0;0;0
TR;824279012176;Conhecimento;202306;2;0;0;0;52;0;0;0
TR;824279012176;Conhecimento;202307;7;0;0;0;59;0;0;0
TR;824279012176;Conhecimento;202308;1;0;0;0;60;0;0;0
TR;824279012176;Conhecimento;202309;2;0;0;0;62;0;0;0
TR;824279012176;Conhecimento;202310;7;0;0;0;69;0;0;0
TR;824279012176;Conhecimento;202311;7;0;0;0;76;0;0;0
TR;824279012176;Conhecimento;202312;12;0;0;0;88;0;0;0
TR;824279012176;Conhecimento;202401;2;0;0;0;85;0;0;0
TR;824279012176;Conhecimento;202402;1;0;0;0;68;0;0;0
TR;824279012176;Conhecimento;202403;4;0;0;0;51;0;0;0
TR;824279012176;Conhecimento;202404;4;0;0;0;55;0;0;0
TR;824279012176;Conhecimento;202405;0;0;0;0;49;0;0;0
TR;824279012176;Conhecimento;202406;1;0;0;0;48;0;0;0
TR;824279012176;Conhecimento;202407;0;0;0;0;41;0;0;0
TR;824279012176;Conhecimento;202408;0;0;0;0;40;0;0;0
TR;824279012176;Conhecimento;202409;1;0;0;0;39;0;0;0
TR;824279012176;Conhecimento;202412;1;0;0;0;14;0;0;0
TR;824279012176;Conhecimento;202502;2;0;0;0;13;0;0;0
TR;831419012123;Conhecimento;202301;15;0;0;2;15;0;0;2
TR;831419012123;Conhecimento;202302;30;0;0;0;45;0;0;2
TR;831419012123;Conhecimento;202303;9;0;0;0;54;0;0;2
TR;831419012123;Conhecimento;202304;2;0;0;0;56;0;0;2
TR;831419012123;Conhecimento;202305;1;0;0;0;57;0;0;2
TR;831419012123;Conhecimento;202306;0;0;0;0;57;0;0;2
TR;831419012123;Conhecimento;202307;2;0;0;0;59;0;0;2
TR;831419012123;Conhecimento;202308;1;0;0;0;60;0;0;2
TR;831419012123;Conhecimento;202309;1;0;0;0;61;0;0;2
TR;831419012123;Conhecimento;202310;0;0;0;0;61;0;0;2
TR;831419012123;Conhecimento;202311;0;0;0;0;61;0;0;2
TR;831419012123;Conhecimento;202312;2;0;0;0;63;0;0;2
TR;831419012123;Conhecimento;202401;4;0;0;0;52;0;0;0
TR;831419012123;Conhecimento;202402;6;0;0;0;28;0;0;0
TR;831419012123;Conhecimento;202403;1;0;0;0;20;0;0;0
TR;831419012123;Conhecimento;202404;0;0;0;0;18;0;0;0
TR;831419012123;Conhecimento;202405;1;0;0;0;18;0;0;0
TR;831419012123;Conhecimento;202406;0;0;0;0;18;0;0;0
TR;831419012123;Conhecimento;202407;2;0;0;0;18;0;0;0
TR;831419012123;Conhecimento;202408;2;0;0;0;19;0;0;0
TR;831419012123;Conhecimento;202409;0;0;0;0;18;0;0;0
TR;831419012123;Conhecimento;202410;2;0;0;0;20;0;0;0
TR;831419012123;Conhecimento;202411;0;0;0;0;20;0;0;0
TR;831419012123;Conhecimento;202412;2;0;0;0;20;0;0;0
TR;831419012123;Conhecimento;202501;0;0;0;0;16;0;0;0
TR;831419012123;Conhecimento;202502;0;0;0;0;10;0;0;0
TR;831419012123;Conhecimento;202503;0;0;0;0;9;0;0;0
TR;831419012123;Conhecimento;202504;0;0;0;0;9;0;0;0
TR;831419012123;Conhecimento;202505;0;0;0;0;8;0;0;0
TR;831419012123;Conhecimento;202506;0;0;0;0;8;0;0;0
TR;831419012123;Conhecimento;202507;1;0;0;0;7;0;0;0
TR;831419012123;Conhecimento;202508;0;0;0;0;5;0;0;0
TR;831419012123;Conhecimento;202509;0;0;0;0;5;0;0;0
TR;831419012123;Conhecimento;202510;0;0;0;0;3;0;0;0
TR;831419012123;Conhecimento;202511;0;0;0;0;3;0;0;0
TR;831419012123;Conhecimento;202512;0;0;0;0;1;0;0;0
TR;831419012123;Conhecimento;202601;0;0;0;0;1;0;0;0
TR;831419012123;Conhecimento;202602;0;0;0;0;1;0;0;0
TR;831419012123;Conhecimento;202603;0;0;0;0;1;0;0;0
TR;831419012123;Conhecimento;202604;0;0;0;0;1;0;0;0
TR;831419012123;Conhecimento;202605;1;0;0;0;2;0;0;0
TR;866429012263;Conhecimento;202301;0;0;0;33;0;0;0;33
TR;866429012263;Conhecimento;202302;0;0;0;22;0;0;0;55
TR;866429012263;Conhecimento;202303;0;1;1;62;0;1;1;117
TR;866429012263;Conhecimento;202304;0;0;0;26;0;1;1;143
TR;866429012263;Conhecimento;202305;2;2;2;42;2;3;3;185
TR;866429012263;Conhecimento;202306;0;0;0;25;2;3;3;210
TR;866429012263;Conhecimento;202307;17;0;2;27;19;3;5;237
TR;866429012263;Conhecimento;202308;57;1;1;54;76;4;6;291
TR;866429012263;Conhecimento;202309;21;1;0;75;97;5;6;366
TR;866429012263;Conhecimento;202310;65;0;2;70;162;5;8;436
TR;866429012263;Conhecimento;202311;26;0;0;93;188;5;8;529
TR;866429012263;Conhecimento;202312;66;0;0;35;254;5;8;564
TR;866429012263;Conhecimento;202401;39;0;0;30;293;5;8;561
TR;866429012263;Conhecimento;202402;67;2;2;33;360;7;10;572
TR;866429012263;Conhecimento;202403;36;0;0;49;396;6;9;559
TR;866429012263;Conhecimento;202404;45;0;1;77;441;6;10;610
TR;866429012263;Conhecimento;202405;30;1;1;71;469;5;9;639
TR;866429012263;Conhecimento;202406;49;0;0;71;518;5;9;685
TR;866429012263;Conhecimento;202407;73;0;0;72;574;5;7;730
TR;866429012263;Conhecimento;202408;64;0;0;45;581;4;6;721
TR;866429012263;Conhecimento;202409;107;1;1;41;667;4;7;687
TR;866429012263;Conhecimento;202410;78;0;0;73;680;4;5;690
TR;866429012263;Conhecimento;202411;33;0;0;54;687;4;5;651
TR;866429012263;Conhecimento;202412;136;0;1;33;757;4;6;649
TR;866429012263;Conhecimento;202501;30;1;1;26;748;5;7;645
TR;866429012263;Conhecimento;202502;116;0;0;32;797;3;5;644
TR;866429012263;Conhecimento;202503;43;0;0;34;804;3;5;629
TR;866429012263;Conhecimento;202504;68;0;0;9;827;3;4;561
TR;866429012263;Conhecimento;202505;74;0;0;0;871;2;3;490
TR;866429012263;Conhecimento;202506;38;0;0;0;860;2;3;419
TR;866429012263;Conhecimento;202507;15;0;0;0;802;2;3;347
TR;866429012263;Conhecimento;202508;1;0;0;0;739;2;3;302
TR;866429012263;Conhecimento;202509;8;0;0;0;640;1;2;261
TR;866429012263;Conhecimento;202510;2;0;0;0;564;1;2;188
TR;866429012263;Conhecimento;202511;0;0;0;0;531;1;2;134
TR;866429012263;Conhecimento;202512;1;0;0;0;396;1;1;101
TR;886929012268;Conhecimento;202302;0;0;0;0;0;0;0;0
TR;886929012268;Conhecimento;202303;0;0;0;0;0;0;0;0
TR;886929012268;Conhecimento;202304;0;0;0;0;0;0;0;0
TR;886929012268;Conhecimento;202305;0;0;0;2;0;0;0;2
TR;886929012268;Conhecimento;202306;0;0;0;1;0;0;0;3
TR;886929012268;Conhecimento;202307;0;0;0;3;0;0;0;6
TR;886929012268;Conhecimento;202308;0;0;0;2;0;0;0;8
TR;886929012268;Conhecimento;202309;0;0;0;7;0;0;0;15
TR;886929012268;Conhecimento;202310;0;5;1;9;0;5;1;24
TR;886929012268;Conhecimento;202311;66;3;0;28;66;8;1;52
TR;886929012268;Conhecimento;202312;2;0;0;17;68;8;1;69
TR;886929012268;Conhecimento;202401;2;1;0;5;70;9;1;74
TR;886929012268;Conhecimento;202402;1;2;0;5;71;11;1;79
TR;886929012268;Conhecimento;202403;36;1;0;20;107;12;1;99
TR;886929012268;Conhecimento;202404;66;3;0;21;173;15;1;120
TR;886929012268;Conhecimento;202405;41;0;0;2;214;15;1;120
TR;886929012268;Conhecimento;202406;41;0;0;2;255;15;1;121
TR;886929012268;Conhecimento;202407;14;0;0;1;269;15;1;119
TR;886929012268;Conhecimento;202408;2;0;0;1;271;15;1;118
TR;886929012268;Conhecimento;202409;2;0;0;3;273;15;1;114
TR;886929012268;Conhecimento;202410;1;0;0;9;274;10;0;114
TR;886929012268;Conhecimento;202411;2;0;0;12;210;7;0;98
TR;886929012268;Conhecimento;202412;7;0;0;4;215;7;0;85
TR;886929012268;Conhecimento;202501;3;1;0;4;216;7;0;84
TR;886929012268;Conhecimento;202502;39;1;0;4;254;6;0;83
TR;886929012268;Conhecimento;202503;8;0;0;9;226;5;0;72
TR;886929012268;Conhecimento;202504;0;0;0;6;160;2;0;57
TR;886929012268;Conhecimento;202505;1;4;0;51;120;6;0;106
TR;886929012268;Conhecimento;202506;1;4;3;55;80;10;3;159
TR;886929012268;Conhecimento;202507;24;3;1;60;90;13;4;218
TR;886929012268;Conhecimento;202508;28;1;0;37;116;14;4;254
TR;886929012268;Conhecimento;202509;36;2;2;43;150;16;6;294
TR;886929012268;Conhecimento;202510;32;3;1;52;181;19;7;337
TR;886929012268;Conhecimento;202511;29;0;1;38;208;19;8;363
TR;886929012268;Conhecimento;202512;40;4;4;26;241;23;12;385
TR;886929012268;Conhecimento;202601;7;4;0;13;245;26;12;394
TR;886929012268;Conhecimento;202602;76;1;1;23;282;26;13;413
TR;886929012268;Conhecimento;202603;56;1;2;31;330;27;15;435
TR;886929012268;Conhecimento;202604;33;0;0;15;363;27;15;444
TR;886929012268;Conhecimento;202605;45;1;1;11;407;24;16;404
TR;886929012268;Conhecimento;202606;10;1;2;10;416;21;15;359
TR;886939012266;Conhecimento;202301;0;0;0;0;0;0;0;0
TR;886939012266;Conhecimento;202302;0;0;0;1;0;0;0;1
TR;886939012266;Conhecimento;202303;1;0;0;8;1;0;0;9
TR;886939012266;Conhecimento;202304;0;0;0;8;1;0;0;17
TR;886939012266;Conhecimento;202305;1;0;0;13;2;0;0;30
TR;886939012266;Conhecimento;202306;1;0;0;18;3;0;0;48
TR;886939012266;Conhecimento;202307;1;1;0;17;4;1;0;65
TR;886939012266;Conhecimento;202308;0;1;1;29;4;2;1;94
TR;886939012266;Conhecimento;202309;0;12;12;61;4;14;13;155
TR;886939012266;Conhecimento;202310;0;36;38;75;4;50;51;230
TR;886939012266;Conhecimento;202311;32;2;3;45;36;52;54;275
TR;886939012266;Conhecimento;202312;26;23;23;16;62;75;77;291
TR;886939012266;Conhecimento;202401;8;13;12;6;70;88;89;297
TR;886939012266;Conhecimento;202402;31;2;3;32;101;90;92;328
TR;886939012266;Conhecimento;202403;21;4;4;56;121;94;96;376
TR;886939012266;Conhecimento;202404;38;0;1;14;159;94;97;382
TR;886939012266;Conhecimento;202405;16;2;2;35;174;96;99;404
TR;886939012266;Conhecimento;202406;28;5;5;64;201;101;104;450
TR;886939012266;Conhecimento;202407;59;8;8;44;259;108;112;477
TR;886939012266;Conhecimento;202408;44;2;2;32;303;109;113;480
TR;886939012266;Conhecimento;202409;29;0;0;16;332;97;101;435
TR;886939012266;Conhecimento;202410;36;10;10;41;368;71;73;401
TR;886939012266;Conhecimento;202411;55;8;7;32;391;77;77;388
TR;886939012266;Conhecimento;202412;77;3;0;22;442;57;54;394
TR;886939012266;Conhecimento;202501;35;5;5;23;469;49;47;411
TR;886939012266;Conhecimento;202502;89;4;4;29;527;51;48;408
TR;886939012266;Conhecimento;202503;50;3;3;53;556;50;47;405
TR;886939012266;Conhecimento;202504;25;5;5;86;543;55;51;477
TR;886939012266;Conhecimento;202505;22;0;0;2;549;53;49;444
TR;886939012266;Conhecimento;202506;20;0;0;12;541;48;44;392
TR;886939012266;Conhecimento;202507;27;0;3;49;509;40;39;397
TR;886939012266;Conhecimento;202508;20;0;1;40;485;38;38;405
TR;886939012266;Conhecimento;202509;41;0;4;34;497;38;42;423
TR;886939012266;Conhecimento;202510;27;0;7;44;488;28;39;426
TR;886939012266;Conhecimento;202511;43;0;1;21;476;20;33;415
TR;886939012266;Conhecimento;202512;10;0;2;20;409;17;35;413
TR;886939012266;Conhecimento;202601;22;0;0;0;396;12;30;390
TR;886939012266;Conhecimento;202602;121;0;0;0;428;8;26;361
TR;886939012266;Conhecimento;202603;64;0;0;0;442;5;23;308
TR;886939012266;Conhecimento;202604;5;0;0;0;422;0;18;222
TR;886949012269;Conhecimento;202303;0;0;0;2;0;0;0;2
TR;886949012269;Conhecimento;202304;0;0;0;0;0;0;0;2
TR;886949012269;Conhecimento;202305;0;0;0;0;0;0;0;2
TR;886949012269;Conhecimento;202306;0;0;0;0;0;0;0;2
TR;886949012269;Conhecimento;202307;0;0;0;0;0;0;0;2
TR;886949012269;Conhecimento;202308;0;0;0;0;0;0;0;2
TR;886949012269;Conhecimento;202309;0;0;0;0;0;0;0;2
TR;886949012269;Conhecimento;202310;0;0;0;2;0;0;0;4
TR;886949012269;Conhecimento;202311;0;2;2;5;0;2;2;9
TR;886949012269;Conhecimento;202312;3;0;0;0;3;2;2;9
TR;886949012269;Conhecimento;202401;0;0;0;0;3;2;2;9
TR;886949012269;Conhecimento;202402;4;0;0;0;7;2;2;9
TR;886949012269;Conhecimento;202403;1;0;0;0;8;2;2;7
TR;911689012311;Conhecimento;202302;0;0;0;1;0;0;0;1
TR;911689012311;Conhecimento;202303;0;0;0;0;0;0;0;1
TR;911689012311;Conhecimento;202304;0;0;0;0;0;0;0;1
TR;911689012311;Conhecimento;202305;0;0;0;0;0;0;0;1
TR;911689012311;Conhecimento;202306;0;0;0;4;0;0;0;5
TR;911689012311;Conhecimento;202307;0;0;0;2;0;0;0;7
TR;911689012311;Conhecimento;202308;0;0;0;0;0;0;0;7
TR;911689012311;Conhecimento;202309;0;0;0;0;0;0;0;7
TR;911689012311;Conhecimento;202310;0;0;0;0;0;0;0;7
TR;911689012311;Conhecimento;202311;119;1;0;0;119;1;0;7
TR;911689012311;Conhecimento;202312;10;0;0;0;129;1;0;7
TR;911689012311;Conhecimento;202401;0;0;0;0;129;1;0;7
TR;911689012311;Conhecimento;202402;0;0;0;0;129;1;0;6
TR;911689012311;Conhecimento;202403;0;0;0;0;129;1;0;6
TR;911689012311;Conhecimento;202404;0;0;0;1;129;1;0;7
TR;911689012311;Conhecimento;202405;1;0;0;0;130;1;0;7
TR;911689012311;Conhecimento;202406;0;0;0;0;130;1;0;3
TR;911689012311;Conhecimento;202407;1;0;0;0;131;1;0;1
TR;911689012311;Conhecimento;202408;1;0;0;0;132;1;0;1
TR;911689012311;Conhecimento;202409;0;0;0;0;132;1;0;1
TR;911689012311;Conhecimento;202410;1;0;0;0;133;1;0;1
TR;911689012311;Conhecimento;202411;1;0;0;0;15;0;0;1
TR;911689012311;Conhecimento;202412;1;0;0;2;6;0;0;3
TR;911689012311;Conhecimento;202501;1;0;0;0;7;0;0;3
TR;911689012311;Conhecimento;202502;1;0;1;0;8;0;1;3
TR;911689012311;Conhecimento;202503;0;0;0;0;8;0;1;3
TR;911689012311;Conhecimento;202504;0;0;0;0;8;0;1;2
TR;911689012311;Conhecimento;202505;2;5;0;73;9;5;1;75
TR;911689012311;Conhecimento;202506;7;9;1;58;16;14;2;133
TR;911689012311;Conhecimento;202507;39;8;11;62;54;22;13;195
TR;911689012311;Conhecimento;202508;28;3;3;49;81;25;16;244
TR;911689012311;Conhecimento;202509;45;6;5;40;126;31;21;284
TR;911689012311;Conhecimento;202510;60;11;9;57;185;42;30;341
TR;911689012311;Conhecimento;202511;26;4;3;34;210;46;33;375
TR;911689012311;Conhecimento;202512;43;4;1;28;252;50;34;401
TR;911689012311;Conhecimento;202601;8;3;3;19;259;53;37;420
TR;911689012311;Conhecimento;202602;60;3;3;29;318;56;39;449
TR;911689012311;Conhecimento;202603;53;2;2;31;371;58;41;480
TR;911689012311;Conhecimento;202604;45;1;1;18;416;59;42;498
TR;911689012311;Conhecimento;202605;32;4;4;8;446;58;46;433
TR;911689012311;Conhecimento;202606;42;1;2;7;481;50;47;382
TR;938579012206;Conhecimento;202301;0;0;0;0;0;0;0;0
TR;938579012206;Conhecimento;202302;0;0;0;1;0;0;0;1
TR;938579012206;Conhecimento;202303;1;0;0;2;1;0;0;3
TR;938579012206;Conhecimento;202304;0;0;0;1;1;0;0;4
TR;938579012206;Conhecimento;202305;1;4;1;72;2;4;1;76
TR;938579012206;Conhecimento;202306;1;2;0;34;3;6;1;110
TR;938579012206;Conhecimento;202307;3;5;2;30;6;11;3;140
TR;938579012206;Conhecimento;202308;75;2;0;36;81;13;3;176
TR;938579012206;Conhecimento;202309;25;15;0;24;106;28;3;200
TR;938579012206;Conhecimento;202310;24;13;1;40;130;41;4;240
TR;938579012206;Conhecimento;202311;44;22;3;54;174;63;7;294
TR;938579012206;Conhecimento;202312;67;4;0;54;241;67;7;348
TR;938579012206;Conhecimento;202401;10;1;0;28;251;68;7;376
TR;938579012206;Conhecimento;202402;12;13;0;30;263;81;7;405
TR;938579012206;Conhecimento;202403;11;2;1;60;273;83;8;463
TR;938579012206;Conhecimento;202404;47;8;1;69;320;91;9;531
TR;938579012206;Conhecimento;202405;16;28;1;31;335;115;9;490
TR;938579012206;Conhecimento;202406;34;0;0;36;368;113;9;492
TR;938579012206;Conhecimento;202407;85;21;0;46;450;129;7;508
TR;938579012206;Conhecimento;202408;24;10;0;36;399;137;7;508
TR;938579012206;Conhecimento;202409;57;8;1;41;431;130;8;525
TR;938579012206;Conhecimento;202410;72;25;2;37;479;142;9;522
TR;938579012206;Conhecimento;202411;48;0;0;25;483;120;6;493
TR;938579012206;Conhecimento;202412;108;9;0;18;524;125;6;457
TR;938579012206;Conhecimento;202501;41;5;0;16;555;129;6;445
TR;938579012206;Conhecimento;202502;137;5;0;23;680;121;6;438
TR;938579012206;Conhecimento;202503;76;1;0;40;745;120;5;418
TR;938579012206;Conhecimento;202504;38;1;0;5;736;113;4;354
TR;938579012206;Conhecimento;202505;70;1;1;18;790;86;4;341
TR;938579012206;Conhecimento;202506;91;2;0;59;847;88;4;364
TR;938579012206;Conhecimento;202507;49;1;2;72;811;68;6;390
TR;938579012206;Conhecimento;202508;48;0;0;49;835;58;6;403
TR;938579012206;Conhecimento;202509;34;1;0;31;812;51;5;393
TR;938579012206;Conhecimento;202510;38;0;1;43;778;26;4;399
TR;938579012206;Conhecimento;202511;38;1;1;54;768;27;5;428
TR;938579012206;Conhecimento;202512;42;3;1;24;702;21;6;434
TR;938579012206;Conhecimento;202601;28;1;0;12;689;17;6;430
TR;938579012206;Conhecimento;202602;85;0;0;27;637;12;6;434
TR;938579012206;Conhecimento;202603;72;0;0;29;633;11;6;423
TR;938579012206;Conhecimento;202604;21;0;0;10;616;10;6;428
TR;938579012206;Conhecimento;202605;59;2;2;20;605;11;7;430
TR;938579012206;Conhecimento;202606;48;0;0;13;562;9;7;384
TR;938589012318;Conhecimento;202305;0;0;1;0;0;0;1;0
TR;938589012318;Conhecimento;202310;0;0;0;0;0;0;1;0
TR;938589012318;Conhecimento;202311;1;0;0;0;1;0;1;0
TR;938589012318;Conhecimento;202312;0;0;0;0;1;0;1;0
TR;938589012318;Conhecimento;202401;0;0;0;0;1;0;1;0
TR;938589012318;Conhecimento;202402;0;0;0;0;1;0;1;0
TR;938589012318;Conhecimento;202403;0;0;0;0;1;0;1;0
TR;938589012318;Conhecimento;202404;0;0;0;0;1;0;1;0
TR;938589012318;Conhecimento;202405;0;0;0;0;1;0;0;0
TR;938589012318;Conhecimento;202406;0;0;0;0;1;0;0;0
TR;938589012318;Conhecimento;202407;0;0;0;0;1;0;0;0
TR;938589012318;Conhecimento;202408;0;0;0;0;1;0;0;0
TR;938589012318;Conhecimento;202409;0;0;0;0;1;0;0;0
TR;938589012318;Conhecimento;202410;0;0;0;0;1;0;0;0
TR;938589012318;Conhecimento;202411;0;0;0;0;0;0;0;0
TR;938589012318;Conhecimento;202412;0;0;0;2;0;0;0;2
TR;938589012318;Conhecimento;202501;0;0;0;0;0;0;0;2
TR;938589012318;Conhecimento;202502;1;0;0;0;1;0;0;2
TR;938589012318;Conhecimento;202503;0;0;0;0;1;0;0;2
TR;938589012318;Conhecimento;202504;0;0;0;0;1;0;0;2
TR;938589012318;Conhecimento;202505;0;0;0;0;1;0;0;2
TR;938589012318;Conhecimento;202506;0;0;0;2;1;0;0;4
TR;938589012318;Conhecimento;202507;0;0;0;0;1;0;0;4
TR;938589012318;Conhecimento;202508;0;0;0;1;1;0;0;5
TR;938589012318;Conhecimento;202509;0;0;2;0;1;0;2;5
TR;938589012318;Conhecimento;202510;0;1;1;4;1;1;3;9
TR;938589012318;Conhecimento;202511;1;0;1;1;2;1;4;10
TR;938589012318;Conhecimento;202512;0;0;1;1;2;1;5;9
TR;938589012318;Conhecimento;202601;1;4;3;14;3;5;8;23
TR;938589012318;Conhecimento;202602;0;1;3;22;2;6;11;45
TR;938589012318;Conhecimento;202603;5;1;1;25;7;7;12;70
TR;938589012318;Conhecimento;202604;32;1;0;19;39;8;12;89
TR;938589012318;Conhecimento;202605;12;3;3;10;51;11;15;99
TR;938589012318;Conhecimento;202606;18;0;1;8;69;11;16;105
TR;938599012313;Conhecimento;202307;0;0;0;1;0;0;0;1
TR;938599012313;Conhecimento;202308;0;0;0;4;0;0;0;5
TR;938599012313;Conhecimento;202309;0;0;0;0;0;0;0;5
TR;938599012313;Conhecimento;202311;2;0;0;0;2;0;0;5
TR;938599012313;Conhecimento;202312;3;0;0;0;5;0;0;5
TR;938599012313;Conhecimento;202406;0;0;0;0;5;0;0;5
TR;938599012313;Conhecimento;202407;0;0;0;0;5;0;0;4
TR;938599012313;Conhecimento;202408;0;0;0;0;5;0;0;0
TR;938599012313;Conhecimento;202501;1;0;0;0;1;0;0;0
TR;938599012313;Conhecimento;202504;0;0;0;0;1;0;0;0
TR;938599012313;Conhecimento;202505;0;0;0;0;1;0;0;0
TR;938599012313;Conhecimento;202506;0;0;0;0;1;0;0;0
TR;938599012313;Conhecimento;202507;0;0;0;0;1;0;0;0
TR;938599012313;Conhecimento;202508;1;0;0;1;2;0;0;1
TR;938599012313;Conhecimento;202509;0;0;1;1;2;0;1;2
TR;938599012313;Conhecimento;202510;3;7;6;33;5;7;7;35
TR;938599012313;Conhecimento;202511;2;2;0;38;7;9;7;73
TR;938599012313;Conhecimento;202512;13;5;2;18;20;14;9;91
TR;938599012313;Conhecimento;202601;8;1;1;15;27;15;10;106
TR;938599012313;Conhecimento;202602;38;2;2;27;65;17;12;133
TR;938599012313;Conhecimento;202603;40;1;1;26;105;18;13;159
TR;938599012313;Conhecimento;202604;30;0;0;22;135;18;13;181
TR;938599012313;Conhecimento;202605;29;3;2;8;164;21;15;189
TR;938599012313;Conhecimento;202606;27;0;0;12;191;21;15;201
TR;938609012316;Conhecimento;202310;1;0;0;0;1;0;0;0
TR;938609012316;Conhecimento;202411;1;0;0;0;1;0;0;0
TR;938609012316;Conhecimento;202412;0;0;0;0;1;0;0;0
TR;938609012316;Conhecimento;202501;0;0;0;0;1;0;0;0
TR;938609012316;Conhecimento;202502;7;0;0;0;8;0;0;0
TR;938609012316;Conhecimento;202506;0;0;0;1;8;0;0;1
TR;938609012316;Conhecimento;202507;0;0;0;0;8;0;0;1
TR;938609012316;Conhecimento;202508;0;0;0;1;8;0;0;2
TR;938609012316;Conhecimento;202509;1;0;1;1;9;0;1;3
TR;938609012316;Conhecimento;202510;0;1;0;1;9;1;1;4
TR;938609012316;Conhecimento;202511;1;0;2;0;9;1;3;4
TR;938609012316;Conhecimento;202512;1;0;1;23;10;1;4;27
TR;938609012316;Conhecimento;202601;1;1;1;17;11;2;5;44
TR;938609012316;Conhecimento;202602;25;0;0;24;29;2;5;68
TR;938609012316;Conhecimento;202603;38;0;0;24;67;2;5;92
TR;938609012316;Conhecimento;202604;49;0;0;18;116;2;5;110
TR;938609012316;Conhecimento;202605;30;2;2;11;146;4;7;121
TR;938609012316;Conhecimento;202606;14;0;2;8;160;4;9;128
